algo,run,env_step,town,terminate_reason,episode_len,episode_reward,mean_abs_lane_offset_road,junction_steps,ghi_chu
PPO,ppo_v1,0,,collision,423,3446.5290932675807,,,"reward raw, penalty 300, chi Town04"
PPO,ppo_v1,0,,collision,135,491.62094907193955,,,"reward raw, penalty 300, chi Town04"
PPO,ppo_v1,0,,collision,72,48.85245018089785,,,"reward raw, penalty 300, chi Town04"
PPO,ppo_v1,0,,collision,250,2248.814872243199,,,"reward raw, penalty 300, chi Town04"
PPO,ppo_v1,1024,,time_limit,500,5001.426198411502,,,"reward raw, penalty 300, chi Town04"
PPO,ppo_v1,1024,,collision,325,3558.590072788386,,,"reward raw, penalty 300, chi Town04"
PPO,ppo_v1,1024,,collision,107,350.1067172431323,,,"reward raw, penalty 300, chi Town04"
PPO,ppo_v1,2048,,time_limit,500,3386.5858048278124,,,"reward raw, penalty 300, chi Town04"
PPO,ppo_v1,2048,,off_lane,467,3470.9882702853124,,,"reward raw, penalty 300, chi Town04"
PPO,ppo_v1,3072,,time_limit,500,3783.985673560408,,,"reward raw, penalty 300, chi Town04"
PPO,ppo_v1,3072,,time_limit,500,3719.312304783691,,,"reward raw, penalty 300, chi Town04"
PPO,ppo_v1,3072,,collision,202,976.7167517772216,,,"reward raw, penalty 300, chi Town04"
PPO,ppo_v1,4096,,collision,132,983.9850680391455,,,"reward raw, penalty 300, chi Town04"
PPO,ppo_v1,4096,,collision,392,2125.460800321711,,,"reward raw, penalty 300, chi Town04"
PPO,ppo_v1,4096,,time_limit,500,4593.007155044311,,,"reward raw, penalty 300, chi Town04"
PPO,ppo_v1,5120,,collision,169,-91.32189156235239,,,"reward raw, penalty 300, chi Town04"
PPO,ppo_v1,5120,,collision,441,489.8555150186015,,,"reward raw, penalty 300, chi Town04"
PPO,ppo_v1,5120,,collision,372,2826.943283417643,,,"reward raw, penalty 300, chi Town04"
PPO,ppo_v1,6144,,collision,260,876.373415139426,,,"reward raw, penalty 300, chi Town04"
PPO,ppo_v1,6144,,collision,80,183.30693691296034,,,"reward raw, penalty 300, chi Town04"
PPO,ppo_v1,6144,,collision,43,-129.16535778922827,,,"reward raw, penalty 300, chi Town04"
PPO,ppo_v1,6144,,time_limit,500,3364.7449939885823,,,"reward raw, penalty 300, chi Town04"
PPO,ppo_v1,6144,,off_lane,295,3220.1773344268536,,,"reward raw, penalty 300, chi Town04"
PPO,ppo_v1,7168,,collision,382,715.0874483768814,,,"reward raw, penalty 300, chi Town04"
PPO,ppo_v1,7168,,collision,58,-25.203195048738223,,,"reward raw, penalty 300, chi Town04"
PPO,ppo_v1,7168,,collision,49,-76.16731140076416,,,"reward raw, penalty 300, chi Town04"
PPO,ppo_v1,7168,,collision,103,558.5122430312379,,,"reward raw, penalty 300, chi Town04"
PPO,ppo_v1,7168,,collision,130,440.21225572306173,,,"reward raw, penalty 300, chi Town04"
PPO,ppo_v1,8192,,time_limit,500,5521.410035829766,,,"reward raw, penalty 300, chi Town04"
PPO,ppo_v1,8192,,collision,257,1857.416596844183,,,"reward raw, penalty 300, chi Town04"
PPO,ppo_v1,8192,,time_limit,500,1418.1952356805937,,,"reward raw, penalty 300, chi Town04"
PPO,ppo_v1,9216,,collision,241,1158.3218200843048,,,"reward raw, penalty 300, chi Town04"
PPO,ppo_v1,9216,,off_lane,76,263.23012889084174,,,"reward raw, penalty 300, chi Town04"
PPO,ppo_v1,9216,,collision,444,3670.8675873538464,,,"reward raw, penalty 300, chi Town04"
PPO,ppo_v1,9216,,collision,215,568.3829233548108,,,"reward raw, penalty 300, chi Town04"
PPO,ppo_v1,10240,,collision,190,1483.2741668865983,,,"reward raw, penalty 300, chi Town04"
PPO,ppo_v1,10240,,time_limit,500,4445.06326771393,,,"reward raw, penalty 300, chi Town04"
PPO,ppo_v1,10240,,collision,53,-49.0793350763517,,,"reward raw, penalty 300, chi Town04"
PPO,ppo_v1,10240,,collision,191,1537.7954177785384,,,"reward raw, penalty 300, chi Town04"
PPO,ppo_v1,11264,,time_limit,500,3425.3214915885205,,,"reward raw, penalty 300, chi Town04"
PPO,ppo_v1,11264,,collision,165,1467.7466817455852,,,"reward raw, penalty 300, chi Town04"
PPO,ppo_v1,11264,,collision,339,817.4743848415108,,,"reward raw, penalty 300, chi Town04"
PPO,ppo_v1,11264,,collision,96,213.04557251684662,,,"reward raw, penalty 300, chi Town04"
PPO,ppo_v1,12288,,time_limit,500,4994.534333199298,,,"reward raw, penalty 300, chi Town04"
PPO,ppo_v1,12288,,off_lane,246,1891.2123406905084,,,"reward raw, penalty 300, chi Town04"
PPO,ppo_v1,13312,,time_limit,500,3111.7480307226024,,,"reward raw, penalty 300, chi Town04"
PPO,ppo_v1,13312,,time_limit,500,3015.3006148201894,,,"reward raw, penalty 300, chi Town04"
PPO,ppo_v1,13312,,collision,389,4157.671778857045,,,"reward raw, penalty 300, chi Town04"
PPO,ppo_v1,14336,,collision,392,983.947866022384,,,"reward raw, penalty 300, chi Town04"
PPO,ppo_v1,14336,,collision,275,2782.073415463795,,,"reward raw, penalty 300, chi Town04"
PPO,ppo_v1,14336,,collision,386,2555.4638815679255,,,"reward raw, penalty 300, chi Town04"
PPO,ppo_v1,15360,,time_limit,500,5335.999247333826,,,"reward raw, penalty 300, chi Town04"
PPO,ppo_v1,15360,,time_limit,500,5102.046158626097,,,"reward raw, penalty 300, chi Town04"
PPO,ppo_v1,16384,,collision,367,3200.486332998532,,,"reward raw, penalty 300, chi Town04"
PPO,ppo_v1,16384,,time_limit,500,3455.7087386782114,,,"reward raw, penalty 300, chi Town04"
PPO,ppo_v1,17408,,time_limit,500,4085.2597177442403,,,"reward raw, penalty 300, chi Town04"
PPO,ppo_v1,17408,,collision,427,4829.584463625403,,,"reward raw, penalty 300, chi Town04"
PPO,ppo_v1,18432,,time_limit,500,4448.88467755268,,,"reward raw, penalty 300, chi Town04"
PPO,ppo_v1,18432,,collision,366,2711.791001504036,,,"reward raw, penalty 300, chi Town04"
PPO,ppo_v1,18432,,collision,248,2020.4658445366595,,,"reward raw, penalty 300, chi Town04"
PPO,ppo_v1,19456,,time_limit,500,5937.852218030731,,,"reward raw, penalty 300, chi Town04"
PPO,ppo_v1,19456,,time_limit,500,3097.2630337760343,,,"reward raw, penalty 300, chi Town04"
PPO,ppo_v1,20480,,collision,300,-157.2847942833216,,,"reward raw, penalty 300, chi Town04"
PPO,ppo_v1,20480,,collision,154,529.5228516255133,,,"reward raw, penalty 300, chi Town04"
PPO,ppo_v1,20480,,time_limit,500,4607.613432491922,,,"reward raw, penalty 300, chi Town04"
PPO,ppo_v1,20480,,collision,60,-9.066580552111134,,,"reward raw, penalty 300, chi Town04"
PPO,ppo_v1,21504,,time_limit,500,6234.396286015571,,,"reward raw, penalty 300, chi Town04"
PPO,ppo_v1,21504,,collision,376,3573.224369950107,,,"reward raw, penalty 300, chi Town04"
PPO,ppo_v1,21504,,collision,71,82.9856376707238,,,"reward raw, penalty 300, chi Town04"
PPO,ppo_v1,22528,,time_limit,500,5396.273634221842,,,"reward raw, penalty 300, chi Town04"
PPO,ppo_v1,22528,,collision,145,719.9520980810923,,,"reward raw, penalty 300, chi Town04"
PPO,ppo_v1,22528,,collision,100,193.95663964414388,,,"reward raw, penalty 300, chi Town04"
PPO,ppo_v1,22528,,collision,92,277.1385110426088,,,"reward raw, penalty 300, chi Town04"
PPO,ppo_v1,22528,,collision,378,2491.276083233226,,,"reward raw, penalty 300, chi Town04"
PPO,ppo_v1,23552,,time_limit,500,5088.055955485276,,,"reward raw, penalty 300, chi Town04"
PPO,ppo_v1,23552,,collision,157,-24.919621777755196,,,"reward raw, penalty 300, chi Town04"
PPO,ppo_v1,24576,,time_limit,500,5079.61444943849,,,"reward raw, penalty 300, chi Town04"
PPO,ppo_v1,24576,,collision,403,4250.261736850775,,,"reward raw, penalty 300, chi Town04"
PPO,ppo_v1,24576,,time_limit,500,5092.092763046728,,,"reward raw, penalty 300, chi Town04"
PPO,ppo_v1,25600,,collision,318,2628.7503805718143,,,"reward raw, penalty 300, chi Town04"
PPO,ppo_v1,25600,,collision,295,2043.6736928425407,,,"reward raw, penalty 300, chi Town04"
PPO,ppo_v1,25600,,time_limit,500,5127.448940474245,,,"reward raw, penalty 300, chi Town04"
PPO,ppo_v1,26624,,collision,317,2514.608108979899,,,"reward raw, penalty 300, chi Town04"
PPO,ppo_v1,26624,,time_limit,500,5938.603877643624,,,"reward raw, penalty 300, chi Town04"
PPO,ppo_v1,27648,,time_limit,500,5739.759913066999,,,"reward raw, penalty 300, chi Town04"
PPO,ppo_v1,27648,,collision,108,437.96110929934633,,,"reward raw, penalty 300, chi Town04"
PPO,ppo_v1,27648,,collision,117,250.0826810820987,,,"reward raw, penalty 300, chi Town04"
PPO,ppo_v1,27648,,collision,156,729.4805384296185,,,"reward raw, penalty 300, chi Town04"
PPO,ppo_v1,28672,,time_limit,500,4949.45687531474,,,"reward raw, penalty 300, chi Town04"
PPO,ppo_v1,28672,,time_limit,500,5530.4413940633785,,,"reward raw, penalty 300, chi Town04"
PPO,ppo_v1,29696,,time_limit,500,5270.55867870956,,,"reward raw, penalty 300, chi Town04"
PPO,ppo_v1,29696,,time_limit,500,3614.5464696876033,,,"reward raw, penalty 300, chi Town04"
PPO,ppo_v1,29696,,collision,58,-57.048964053811176,,,"reward raw, penalty 300, chi Town04"
PPO,ppo_v1,29696,,collision,192,762.1967623758391,,,"reward raw, penalty 300, chi Town04"
PPO,ppo_v1,30720,,collision,447,4194.9101169656615,,,"reward raw, penalty 300, chi Town04"
PPO,ppo_v1,30720,,time_limit,500,6333.338566129472,,,"reward raw, penalty 300, chi Town04"
PPO,ppo_v1,31744,,time_limit,500,4862.330238079315,,,"reward raw, penalty 300, chi Town04"
PPO,ppo_v1,31744,,off_lane,84,364.13193300451775,,,"reward raw, penalty 300, chi Town04"
PPO,ppo_v1,31744,,time_limit,500,6341.754576755322,,,"reward raw, penalty 300, chi Town04"
PPO,ppo_v1,32768,,collision,232,598.8490604908361,,,"reward raw, penalty 300, chi Town04"
PPO,ppo_v1,32768,,collision,380,2157.103542517195,,,"reward raw, penalty 300, chi Town04"
PPO,ppo_v1,32768,,time_limit,500,5764.718920226166,,,"reward raw, penalty 300, chi Town04"
PPO,ppo_v1,32768,,collision,95,253.06042219816794,,,"reward raw, penalty 300, chi Town04"
PPO,ppo_v1,33792,,collision,117,362.59490867113624,,,"reward raw, penalty 300, chi Town04"
PPO,ppo_v1,33792,,collision,194,1066.0877789206234,,,"reward raw, penalty 300, chi Town04"
PPO,ppo_v1,33792,,time_limit,500,5225.860738406463,,,"reward raw, penalty 300, chi Town04"
PPO,ppo_v1,34816,,time_limit,500,5080.827349820733,,,"reward raw, penalty 300, chi Town04"
PPO,ppo_v1,34816,,time_limit,500,4790.872566546189,,,"reward raw, penalty 300, chi Town04"
PPO,ppo_v1,35840,,time_limit,500,6293.072769453871,,,"reward raw, penalty 300, chi Town04"
PPO,ppo_v1,35840,,time_limit,500,6375.3437491691675,,,"reward raw, penalty 300, chi Town04"
PPO,ppo_v1,36864,,collision,339,3855.502362678778,,,"reward raw, penalty 300, chi Town04"
PPO,ppo_v1,36864,,time_limit,500,6101.395061742731,,,"reward raw, penalty 300, chi Town04"
PPO,ppo_v1,36864,,collision,112,524.7793460206851,,,"reward raw, penalty 300, chi Town04"
PPO,ppo_v1,37888,,time_limit,500,5728.394995587742,,,"reward raw, penalty 300, chi Town04"
PPO,ppo_v1,37888,,collision,199,601.1704845861917,,,"reward raw, penalty 300, chi Town04"
PPO,ppo_v1,37888,,time_limit,500,5287.675083650302,,,"reward raw, penalty 300, chi Town04"
PPO,ppo_v1,38912,,time_limit,500,3316.813261778388,,,"reward raw, penalty 300, chi Town04"
PPO,ppo_v1,38912,,time_limit,500,5056.786936471388,,,"reward raw, penalty 300, chi Town04"
PPO,ppo_v1,39936,,time_limit,500,6557.450463705781,,,"reward raw, penalty 300, chi Town04"
PPO,ppo_v1,39936,,collision,180,883.6631409013546,,,"reward raw, penalty 300, chi Town04"
PPO,ppo_v1,39936,,collision,443,864.4263931203571,,,"reward raw, penalty 300, chi Town04"
PPO,ppo_v1,39936,,collision,37,-157.74751586127314,,,"reward raw, penalty 300, chi Town04"
PPO,ppo_v1,40960,,time_limit,500,5881.801821605458,,,"reward raw, penalty 300, chi Town04"
PPO,ppo_v1,40960,,collision,97,288.5264872724123,,,"reward raw, penalty 300, chi Town04"
PPO,ppo_v1,41984,,time_limit,500,4910.063824167307,,,"reward raw, penalty 300, chi Town04"
PPO,ppo_v1,41984,,collision,149,566.6992306941496,,,"reward raw, penalty 300, chi Town04"
PPO,ppo_v1,41984,,time_limit,500,5500.055876330179,,,"reward raw, penalty 300, chi Town04"
PPO,ppo_v1,43008,,time_limit,500,5538.819623136767,,,"reward raw, penalty 300, chi Town04"
PPO,ppo_v1,43008,,time_limit,500,5677.197201766548,,,"reward raw, penalty 300, chi Town04"
PPO,ppo_v1,43008,,collision,49,-82.69790935470726,,,"reward raw, penalty 300, chi Town04"
PPO,ppo_v1,44032,,time_limit,500,3208.0486478315293,,,"reward raw, penalty 300, chi Town04"
PPO,ppo_v1,44032,,collision,77,202.23594628628757,,,"reward raw, penalty 300, chi Town04"
PPO,ppo_v1,44032,,time_limit,500,6258.647097330569,,,"reward raw, penalty 300, chi Town04"
PPO,ppo_v1,45056,,time_limit,500,6764.093643330386,,,"reward raw, penalty 300, chi Town04"
PPO,ppo_v1,45056,,collision,47,-87.23627722886908,,,"reward raw, penalty 300, chi Town04"
PPO,ppo_v1,45056,,collision,173,146.40212999183728,,,"reward raw, penalty 300, chi Town04"
PPO,ppo_v1,45056,,collision,315,722.1173492024902,,,"reward raw, penalty 300, chi Town04"
PPO,ppo_v1,45056,,collision,99,133.7697603145649,,,"reward raw, penalty 300, chi Town04"
PPO,ppo_v1,46080,,collision,428,4157.261483217842,,,"reward raw, penalty 300, chi Town04"
PPO,ppo_v1,46080,,time_limit,500,5986.76683182197,,,"reward raw, penalty 300, chi Town04"
PPO,ppo_v1,47104,,time_limit,500,5804.261507210946,,,"reward raw, penalty 300, chi Town04"
PPO,ppo_v1,47104,,time_limit,500,5402.136772595934,,,"reward raw, penalty 300, chi Town04"
PPO,ppo_v1,48128,,time_limit,500,5862.981967928101,,,"reward raw, penalty 300, chi Town04"
PPO,ppo_v1,48128,,collision,238,1486.0899036938767,,,"reward raw, penalty 300, chi Town04"
PPO,ppo_v1,48128,,time_limit,500,6082.218807423294,,,"reward raw, penalty 300, chi Town04"
PPO,ppo_v1,49152,,time_limit,500,5108.635535144594,,,"reward raw, penalty 300, chi Town04"
PPO,ppo_v1,49152,,time_limit,500,5328.685316175613,,,"reward raw, penalty 300, chi Town04"
PPO,ppo_v1,50176,,time_limit,500,3280.8137633669244,,,"reward raw, penalty 300, chi Town04"
PPO,ppo_v1,50176,,collision,98,68.33720399543586,,,"reward raw, penalty 300, chi Town04"
PPO,ppo_v1,50176,,collision,482,4928.428262867703,,,"reward raw, penalty 300, chi Town04"
PPO,ppo_v1,51200,,time_limit,500,5420.50357749127,,,"reward raw, penalty 300, chi Town04"
PPO,ppo_v1,51200,,collision,49,-86.55025590093683,,,"reward raw, penalty 300, chi Town04"
PPO,ppo_v1,51200,,time_limit,500,5796.849872993324,,,"reward raw, penalty 300, chi Town04"
PPO,ppo_v1,52224,,collision,252,1168.8706179269288,,,"reward raw, penalty 300, chi Town04"
PPO,ppo_v1,52224,,time_limit,500,6058.487028812344,,,"reward raw, penalty 300, chi Town04"
PPO,ppo_v1,52224,,collision,102,-154.53183801623783,,,"reward raw, penalty 300, chi Town04"
PPO,ppo_v1,53248,,time_limit,500,3395.7745416668813,,,"reward raw, penalty 300, chi Town04"
PPO,ppo_v1,53248,,collision,484,5066.824613985125,,,"reward raw, penalty 300, chi Town04"
PPO,ppo_v1,53248,,collision,202,825.6091094666805,,,"reward raw, penalty 300, chi Town04"
PPO,ppo_v1,54272,,time_limit,500,3682.2072475227583,,,"reward raw, penalty 300, chi Town04"
PPO,ppo_v1,54272,,collision,45,-103.02002842603494,,,"reward raw, penalty 300, chi Town04"
PPO,ppo_v1,54272,,time_limit,500,6182.024159749458,,,"reward raw, penalty 300, chi Town04"
PPO,ppo_v1,55296,,time_limit,500,5495.255835094266,,,"reward raw, penalty 300, chi Town04"
PPO,ppo_v1,55296,,time_limit,500,5957.663763174722,,,"reward raw, penalty 300, chi Town04"
PPO,ppo_v1,56320,,time_limit,500,3791.5025565911014,,,"reward raw, penalty 300, chi Town04"
PPO,ppo_v1,56320,,time_limit,500,7051.859208817694,,,"reward raw, penalty 300, chi Town04"
PPO,ppo_v1,56320,,collision,52,-117.61617402714913,,,"reward raw, penalty 300, chi Town04"
PPO,ppo_v1,57344,,collision,365,2992.515565230826,,,"reward raw, penalty 300, chi Town04"
PPO,ppo_v1,57344,,collision,170,652.5099540840915,,,"reward raw, penalty 300, chi Town04"
PPO,ppo_v1,57344,,collision,272,680.1779764967577,,,"reward raw, penalty 300, chi Town04"
PPO,ppo_v1,58368,,time_limit,500,6212.561380682246,,,"reward raw, penalty 300, chi Town04"
PPO,ppo_v1,58368,,time_limit,500,5809.305687358339,,,"reward raw, penalty 300, chi Town04"
PPO,ppo_v1,59392,,time_limit,500,6335.816186225204,,,"reward raw, penalty 300, chi Town04"
PPO,ppo_v1,59392,,time_limit,500,6725.238042477703,,,"reward raw, penalty 300, chi Town04"
PPO,ppo_v1,59392,,collision,53,-40.133998487929375,,,"reward raw, penalty 300, chi Town04"
PPO,ppo_v1,59392,,collision,46,-87.0744986754346,,,"reward raw, penalty 300, chi Town04"
PPO,ppo_v1,60416,,time_limit,500,5571.912102582563,,,"reward raw, penalty 300, chi Town04"
PPO,ppo_v1,60416,,time_limit,500,6692.087600793865,,,"reward raw, penalty 300, chi Town04"
PPO,ppo_v1,61440,,time_limit,500,6386.127371768487,,,"reward raw, penalty 300, chi Town04"
PPO,ppo_v1,61440,,collision,40,-131.9506995294957,,,"reward raw, penalty 300, chi Town04"
PPO,ppo_v1,61440,,time_limit,500,3866.8120672618065,,,"reward raw, penalty 300, chi Town04"
PPO,ppo_v1,62464,,collision,261,2511.2889406282216,,,"reward raw, penalty 300, chi Town04"
PPO,ppo_v1,62464,,time_limit,500,6712.358858421525,,,"reward raw, penalty 300, chi Town04"
PPO,ppo_v1,63488,,time_limit,500,3382.5075086226043,,,"reward raw, penalty 300, chi Town04"
PPO,ppo_v1,63488,,collision,323,3433.0799159929134,,,"reward raw, penalty 300, chi Town04"
PPO,ppo_v1,63488,,collision,80,131.68676696508783,,,"reward raw, penalty 300, chi Town04"
PPO,ppo_v1,63488,,time_limit,500,6372.18878684032,,,"reward raw, penalty 300, chi Town04"
PPO,ppo_v1,64512,,collision,495,5337.477763891827,,,"reward raw, penalty 300, chi Town04"
PPO,ppo_v1,64512,,time_limit,500,6271.3993228297195,,,"reward raw, penalty 300, chi Town04"
PPO,ppo_v1,65536,,time_limit,500,6082.033401227393,,,"reward raw, penalty 300, chi Town04"
PPO,ppo_v1,65536,,off_lane,77,278.84938787188185,,,"reward raw, penalty 300, chi Town04"
PPO,ppo_v1,65536,,time_limit,500,6335.71542500709,,,"reward raw, penalty 300, chi Town04"
PPO,ppo_v1,66560,,collision,160,846.1454311082757,,,"reward raw, penalty 300, chi Town04"
PPO,ppo_v1,66560,,time_limit,500,6332.084444577164,,,"reward raw, penalty 300, chi Town04"
PPO,ppo_v1,66560,,collision,229,805.3295236767248,,,"reward raw, penalty 300, chi Town04"
PPO,ppo_v1,67584,,time_limit,500,5591.023109210149,,,"reward raw, penalty 300, chi Town04"
PPO,ppo_v1,67584,,time_limit,500,6414.585439444955,,,"reward raw, penalty 300, chi Town04"
PPO,ppo_v1,68608,,collision,378,4663.158971005311,,,"reward raw, penalty 300, chi Town04"
PPO,ppo_v1,68608,,time_limit,500,6173.139906762195,,,"reward raw, penalty 300, chi Town04"
PPO,ppo_v1,68608,,collision,60,51.932990733216286,,,"reward raw, penalty 300, chi Town04"
PPO,ppo_v1,69632,,collision,292,973.7615415809082,,,"reward raw, penalty 300, chi Town04"
PPO,ppo_v1,69632,,collision,344,2612.489237755174,,,"reward raw, penalty 300, chi Town04"
PPO,ppo_v1,69632,,collision,432,4678.213829504732,,,"reward raw, penalty 300, chi Town04"
PPO,ppo_v1,69632,,collision,68,19.467804213915713,,,"reward raw, penalty 300, chi Town04"
PPO,ppo_v1,70656,,collision,175,1051.3561002867116,,,"reward raw, penalty 300, chi Town04"
PPO,ppo_v1,70656,,collision,79,166.9709323583241,,,"reward raw, penalty 300, chi Town04"
PPO,ppo_v1,70656,,time_limit,500,5783.314090575198,,,"reward raw, penalty 300, chi Town04"
PPO,ppo_v1,70656,,collision,337,3304.247421809343,,,"reward raw, penalty 300, chi Town04"
PPO,ppo_v1,71680,,time_limit,500,3512.619552677716,,,"reward raw, penalty 300, chi Town04"
PPO,ppo_v1,71680,,time_limit,500,4981.3374223337905,,,"reward raw, penalty 300, chi Town04"
PPO,ppo_v1,71680,,off_lane,90,425.7363177692132,,,"reward raw, penalty 300, chi Town04"
PPO,ppo_v1,72704,,off_lane,180,1036.4374604377304,,,"reward raw, penalty 300, chi Town04"
PPO,ppo_v1,72704,,off_lane,311,2244.2603103047486,,,"reward raw, penalty 300, chi Town04"
PPO,ppo_v1,72704,,time_limit,500,6820.345418909603,,,"reward raw, penalty 300, chi Town04"
PPO,ppo_v1,72704,,collision,67,113.22969915733796,,,"reward raw, penalty 300, chi Town04"
PPO,ppo_v1,73728,,time_limit,500,6592.862698125821,,,"reward raw, penalty 300, chi Town04"
PPO,ppo_v1,73728,,collision,286,2201.0114282969416,,,"reward raw, penalty 300, chi Town04"
PPO,ppo_v1,74752,,time_limit,500,5099.506383941982,,,"reward raw, penalty 300, chi Town04"
PPO,ppo_v1,74752,,collision,32,-201.80369442749344,,,"reward raw, penalty 300, chi Town04"
PPO,ppo_v1,74752,,time_limit,500,7031.319129386044,,,"reward raw, penalty 300, chi Town04"
PPO,ppo_v1,75776,,collision,322,2443.3103628379263,,,"reward raw, penalty 300, chi Town04"
PPO,ppo_v1,75776,,time_limit,500,6415.56450579599,,,"reward raw, penalty 300, chi Town04"
PPO,ppo_v1,76800,,time_limit,500,6373.2086607322335,,,"reward raw, penalty 300, chi Town04"
PPO,ppo_v1,76800,,off_lane,190,1787.1642849174834,,,"reward raw, penalty 300, chi Town04"
PPO,ppo_v1,76800,,collision,490,5790.1268095256655,,,"reward raw, penalty 300, chi Town04"
PPO,ppo_v1,77824,,time_limit,500,7329.25700520083,,,"reward raw, penalty 300, chi Town04"
PPO,ppo_v1,77824,,collision,322,3588.056955595571,,,"reward raw, penalty 300, chi Town04"
PPO,ppo_v1,77824,,collision,50,-56.63494420910223,,,"reward raw, penalty 300, chi Town04"
PPO,ppo_v1,77824,,collision,45,-88.07297366464235,,,"reward raw, penalty 300, chi Town04"
PPO,ppo_v1,78848,,time_limit,500,7131.9557034056215,,,"reward raw, penalty 300, chi Town04"
PPO,ppo_v1,78848,,time_limit,500,6752.902509683712,,,"reward raw, penalty 300, chi Town04"
PPO,ppo_v1,79872,,time_limit,500,7189.850382552171,,,"reward raw, penalty 300, chi Town04"
PPO,ppo_v1,79872,,time_limit,500,6633.617813108463,,,"reward raw, penalty 300, chi Town04"
PPO,ppo_v1,80896,,time_limit,500,7014.594517298558,,,"reward raw, penalty 300, chi Town04"
PPO,ppo_v1,80896,,collision,203,922.8343469496288,,,"reward raw, penalty 300, chi Town04"
PPO,ppo_v1,80896,,time_limit,500,6884.513652776188,,,"reward raw, penalty 300, chi Town04"
PPO,ppo_v1,80896,,collision,155,378.2379408279203,,,"reward raw, penalty 300, chi Town04"
PPO,ppo_v1,81920,,collision,270,2215.6361118893174,,,"reward raw, penalty 300, chi Town04"
PPO,ppo_v1,81920,,time_limit,500,6786.270961024318,,,"reward raw, penalty 300, chi Town04"
PPO,ppo_v1,81920,,collision,76,150.69426681486146,,,"reward raw, penalty 300, chi Town04"
PPO,ppo_v1,81920,,collision,88,233.66279321775653,,,"reward raw, penalty 300, chi Town04"
PPO,ppo_v1,82944,,time_limit,500,6675.655879185511,,,"reward raw, penalty 300, chi Town04"
PPO,ppo_v1,82944,,collision,265,2186.8432673401257,,,"reward raw, penalty 300, chi Town04"
PPO,ppo_v1,82944,,collision,34,-200.84742220178725,,,"reward raw, penalty 300, chi Town04"
PPO,ppo_v1,82944,,collision,89,140.07234924064664,,,"reward raw, penalty 300, chi Town04"
PPO,ppo_v1,83968,,time_limit,500,7488.306611649097,,,"reward raw, penalty 300, chi Town04"
PPO,ppo_v1,83968,,time_limit,500,6957.957742884491,,,"reward raw, penalty 300, chi Town04"
PPO,ppo_v1,84992,,collision,474,6183.270851633091,,,"reward raw, penalty 300, chi Town04"
PPO,ppo_v1,84992,,time_limit,500,5167.838430896527,,,"reward raw, penalty 300, chi Town04"
PPO,ppo_v1,84992,,off_lane,328,3905.548868953278,,,"reward raw, penalty 300, chi Town04"
PPO,ppo_v1,86016,,time_limit,500,6935.691682192754,,,"reward raw, penalty 300, chi Town04"
PPO,ppo_v1,86016,,collision,87,337.5009406210216,,,"reward raw, penalty 300, chi Town04"
PPO,ppo_v1,86016,,time_limit,500,7110.295401742655,,,"reward raw, penalty 300, chi Town04"
PPO,ppo_v1,87040,,collision,69,83.89429472231649,,,"reward raw, penalty 300, chi Town04"
PPO,ppo_v1,87040,,time_limit,500,6252.901900954338,,,"reward raw, penalty 300, chi Town04"
PPO,ppo_v1,87040,,collision,160,646.0712830975692,,,"reward raw, penalty 300, chi Town04"
PPO,ppo_v1,88064,,time_limit,500,7012.235856006526,,,"reward raw, penalty 300, chi Town04"
PPO,ppo_v1,88064,,time_limit,500,7732.315433549848,,,"reward raw, penalty 300, chi Town04"
PPO,ppo_v1,88064,,collision,207,1394.827641913263,,,"reward raw, penalty 300, chi Town04"
PPO,ppo_v1,89088,,collision,472,6087.3025925801885,,,"reward raw, penalty 300, chi Town04"
PPO,ppo_v1,89088,,collision,369,4370.292993000814,,,"reward raw, penalty 300, chi Town04"
PPO,ppo_v1,89088,,collision,261,3007.5135328934116,,,"reward raw, penalty 300, chi Town04"
PPO,ppo_v1,90112,,collision,127,-21.830862731341767,,,"reward raw, penalty 300, chi Town04"
PPO,ppo_v1,90112,,collision,93,125.26120031450859,,,"reward raw, penalty 300, chi Town04"
PPO,ppo_v1,90112,,time_limit,500,6866.535531329561,,,"reward raw, penalty 300, chi Town04"
PPO,ppo_v1,91136,,collision,365,3145.7918039976444,,,"reward raw, penalty 300, chi Town04"
PPO,ppo_v1,91136,,collision,438,5743.406492060585,,,"reward raw, penalty 300, chi Town04"
PPO,ppo_v1,91136,,off_lane,125,1523.8368966957391,,,"reward raw, penalty 300, chi Town04"
PPO,ppo_v1,91136,,collision,91,136.23000221348246,,,"reward raw, penalty 300, chi Town04"
PPO,ppo_v1,92160,,time_limit,500,6552.005198932619,,,"reward raw, penalty 300, chi Town04"
PPO,ppo_v1,92160,,off_lane,94,457.8461352725812,,,"reward raw, penalty 300, chi Town04"
PPO,ppo_v1,92160,,collision,453,5883.10999337626,,,"reward raw, penalty 300, chi Town04"
PPO,ppo_v1,92160,,collision,36,-183.64888918718395,,,"reward raw, penalty 300, chi Town04"
PPO,ppo_v1,93184,,time_limit,500,7563.447940541909,,,"reward raw, penalty 300, chi Town04"
PPO,ppo_v1,93184,,time_limit,500,6113.983174350388,,,"reward raw, penalty 300, chi Town04"
PPO,ppo_v1,94208,,collision,396,4316.3464692549205,,,"reward raw, penalty 300, chi Town04"
PPO,ppo_v1,94208,,time_limit,500,5735.028099883415,,,"reward raw, penalty 300, chi Town04"
PPO,ppo_v1,94208,,collision,375,3330.361153505082,,,"reward raw, penalty 300, chi Town04"
PPO,ppo_v1,95232,,collision,388,4268.030719535829,,,"reward raw, penalty 300, chi Town04"
PPO,ppo_v1,95232,,collision,37,-183.28958972557655,,,"reward raw, penalty 300, chi Town04"
PPO,ppo_v1,95232,,off_lane,383,4717.5143564406235,,,"reward raw, penalty 300, chi Town04"
PPO,ppo_v1,95232,,collision,44,-84.4650114938716,,,"reward raw, penalty 300, chi Town04"
PPO,ppo_v1,96256,,time_limit,500,7104.2881713470715,,,"reward raw, penalty 300, chi Town04"
PPO,ppo_v1,96256,,collision,206,837.8247857879027,,,"reward raw, penalty 300, chi Town04"
PPO,ppo_v1,96256,,time_limit,500,7411.895106492299,,,"reward raw, penalty 300, chi Town04"
PPO,ppo_v1,96256,,collision,53,-16.092070576393724,,,"reward raw, penalty 300, chi Town04"
PPO,ppo_v1,97280,,time_limit,500,6453.185188196358,,,"reward raw, penalty 300, chi Town04"
PPO,ppo_v1,97280,,time_limit,500,7265.088073130216,,,"reward raw, penalty 300, chi Town04"
PPO,ppo_v1,98304,,collision,83,193.53933985094739,,,"reward raw, penalty 300, chi Town04"
PPO,ppo_v1,98304,,time_limit,500,6905.353730349539,,,"reward raw, penalty 300, chi Town04"
PPO,ppo_v1,98304,,off_lane,135,1356.0206291721045,,,"reward raw, penalty 300, chi Town04"
PPO,ppo_v1,99328,,time_limit,500,4635.852633775657,,,"reward raw, penalty 300, chi Town04"
PPO,ppo_v1,99328,,time_limit,500,6529.915776788271,,,"reward raw, penalty 300, chi Town04"
PPO,ppo_v1,99328,,collision,100,336.8568705465715,,,"reward raw, penalty 300, chi Town04"
PPO,ppo_v1,100352,,time_limit,500,6707.671193381937,,,"reward raw, penalty 300, chi Town04"
PPO,ppo_v1,100352,,time_limit,500,6394.694237926175,,,"reward raw, penalty 300, chi Town04"
PPO,ppo_v1,101376,,time_limit,500,6744.914836400068,,,"reward raw, penalty 300, chi Town04"
PPO,ppo_v1,101376,,collision,175,376.6736815518449,,,"reward raw, penalty 300, chi Town04"
PPO,ppo_v1,101376,,time_limit,500,5178.397518131309,,,"reward raw, penalty 300, chi Town04"
PPO,ppo_v1,102400,,time_limit,500,7786.761526191965,,,"reward raw, penalty 300, chi Town04"
PPO,ppo_v1,102400,,collision,212,904.1824541591247,,,"reward raw, penalty 300, chi Town04"
PPO,ppo_v1,103424,,time_limit,500,6735.7126933667105,,,"reward raw, penalty 300, chi Town04"
PPO,ppo_v1,103424,,collision,180,920.6537755120839,,,"reward raw, penalty 300, chi Town04"
PPO,ppo_v1,103424,,time_limit,500,6806.325523712497,,,"reward raw, penalty 300, chi Town04"
PPO,ppo_v1,103424,,off_lane,76,505.7475838529465,,,"reward raw, penalty 300, chi Town04"
PPO,ppo_v1,103424,,collision,128,585.1411843808868,,,"reward raw, penalty 300, chi Town04"
PPO,ppo_v2,102400,,collision,353,2448.6947614378005,,,"reward raw, penalty 1000"
PPO,ppo_v2,102400,,collision,110,-336.3957938252388,,,"reward raw, penalty 1000"
PPO,ppo_v2,102400,,collision,62,-660.1598716682527,,,"reward raw, penalty 1000"
PPO,ppo_v2,102400,,collision,352,3661.8532315059797,,,"reward raw, penalty 1000"
PPO,ppo_v2,103424,,time_limit,500,6773.786380628484,,,"reward raw, penalty 1000"
PPO,ppo_v2,103424,,time_limit,500,7927.732334037083,,,"reward raw, penalty 1000"
PPO,ppo_v2,104448,,time_limit,500,6990.994406274299,,,"reward raw, penalty 1000"
PPO,ppo_v2,104448,,time_limit,500,4275.765005766402,,,"reward raw, penalty 1000"
PPO,ppo_v2,105472,,time_limit,500,6734.222212299022,,,"reward raw, penalty 1000"
PPO,ppo_v2,105472,,collision,144,171.97947213290684,,,"reward raw, penalty 1000"
PPO,ppo_v2,105472,,time_limit,500,6589.617831484367,,,"reward raw, penalty 1000"
PPO,ppo_v2,106496,,collision,446,2014.9573583221527,,,"reward raw, penalty 1000"
PPO,ppo_v2,106496,,time_limit,500,7768.883447352711,,,"reward raw, penalty 1000"
PPO,ppo_v2,107520,,collision,269,975.9148534697059,,,"reward raw, penalty 1000"
PPO,ppo_v2,107520,,time_limit,500,5796.904172094952,,,"reward raw, penalty 1000"
PPO,ppo_v2,107520,,collision,112,-323.2199816665344,,,"reward raw, penalty 1000"
PPO,ppo_v2,107520,,off_lane,158,977.4831044737392,,,"reward raw, penalty 1000"
PPO,ppo_v2,108544,,collision,184,253.25923857704709,,,"reward raw, penalty 1000"
PPO,ppo_v2,108544,,off_lane,408,5091.854459943932,,,"reward raw, penalty 1000"
PPO,ppo_v2,108544,,collision,413,4718.188342446552,,,"reward raw, penalty 1000"
PPO,ppo_v2,108544,,collision,38,-829.6943143435028,,,"reward raw, penalty 1000"
PPO,ppo_v2,109568,,time_limit,500,6936.495402422928,,,"reward raw, penalty 1000"
PPO,ppo_v2,109568,,time_limit,500,7132.672499867042,,,"reward raw, penalty 1000"
PPO,ppo_v2,110592,,collision,158,-17.93160945228135,,,"reward raw, penalty 1000"
PPO,ppo_v2,110592,,collision,105,-304.1289720451389,,,"reward raw, penalty 1000"
PPO,ppo_v2,110592,,collision,44,-781.2284249843793,,,"reward raw, penalty 1000"
PPO,ppo_v2,110592,,collision,165,10.218450105570469,,,"reward raw, penalty 1000"
PPO,ppo_v2,110592,,collision,56,-717.2050247079176,,,"reward raw, penalty 1000"
PPO,ppo_v2,110592,,off_lane,165,1576.3353928307522,,,"reward raw, penalty 1000"
PPO,ppo_v2,111616,,time_limit,500,6892.712017163043,,,"reward raw, penalty 1000"
PPO,ppo_v2,111616,,collision,60,-678.1713068811848,,,"reward raw, penalty 1000"
PPO,ppo_v2,111616,,time_limit,500,6559.541868826881,,,"reward raw, penalty 1000"
PPO,ppo_v2,112640,,time_limit,500,6833.512180093714,,,"reward raw, penalty 1000"
PPO,ppo_v2,112640,,time_limit,500,6577.78534746913,,,"reward raw, penalty 1000"
PPO,ppo_v2,112640,,collision,69,-581.6013331855604,,,"reward raw, penalty 1000"
PPO,ppo_v2,113664,,time_limit,500,7295.140414264817,,,"reward raw, penalty 1000"
PPO,ppo_v2,113664,,time_limit,500,6332.356446939862,,,"reward raw, penalty 1000"
PPO,ppo_v2,114688,,time_limit,500,6885.156164217611,,,"reward raw, penalty 1000"
PPO,ppo_v2,114688,,time_limit,500,7008.112463813891,,,"reward raw, penalty 1000"
PPO,ppo_v2,115712,,time_limit,500,4875.063168934089,,,"reward raw, penalty 1000"
PPO,ppo_v2,115712,,time_limit,500,7902.497506276234,,,"reward raw, penalty 1000"
PPO,ppo_v2,115712,,collision,124,-133.2920828125615,,,"reward raw, penalty 1000"
PPO,ppo_v2,115712,,collision,186,81.07680292193811,,,"reward raw, penalty 1000"
PPO,ppo_v2,116736,,time_limit,500,5748.741058437436,,,"reward raw, penalty 1000"
PPO,ppo_v2,116736,,time_limit,500,6704.331734019739,,,"reward raw, penalty 1000"
PPO,ppo_v2,117760,,time_limit,500,4971.232556790736,,,"reward raw, penalty 1000"
PPO,ppo_v2,117760,,time_limit,500,4810.451652455953,,,"reward raw, penalty 1000"
PPO,ppo_v2,117760,,collision,152,735.9260409651969,,,"reward raw, penalty 1000"
PPO,ppo_v2,118784,,collision,353,1401.6170684787983,,,"reward raw, penalty 1000"
PPO,ppo_v2,118784,,time_limit,500,7289.123716044409,,,"reward raw, penalty 1000"
PPO,ppo_v2,119808,,time_limit,500,6286.8955071682385,,,"reward raw, penalty 1000"
PPO,ppo_v2,119808,,time_limit,500,6942.768772509519,,,"reward raw, penalty 1000"
PPO,ppo_v2,119808,,collision,93,-488.53762122955186,,,"reward raw, penalty 1000"
PPO,ppo_v2,120832,,time_limit,500,7123.052570620325,,,"reward raw, penalty 1000"
PPO,ppo_v2,120832,,time_limit,500,4610.455268791335,,,"reward raw, penalty 1000"
PPO,ppo_v2,121856,,collision,325,3127.874326834432,,,"reward raw, penalty 1000"
PPO,ppo_v2,121856,,time_limit,500,7837.117711554689,,,"reward raw, penalty 1000"
PPO,ppo_v2,122880,,time_limit,500,6874.244910911226,,,"reward raw, penalty 1000"
PPO,ppo_v2,122880,,collision,180,192.70481516202312,,,"reward raw, penalty 1000"
PPO,ppo_v2,122880,,time_limit,500,7330.024656705237,,,"reward raw, penalty 1000"
PPO,ppo_v2,123904,,time_limit,500,6924.329328030336,,,"reward raw, penalty 1000"
PPO,ppo_v2,123904,,time_limit,500,5030.328183703104,,,"reward raw, penalty 1000"
PPO,ppo_v2,124928,,time_limit,500,7376.266160024555,,,"reward raw, penalty 1000"
PPO,ppo_v2,124928,,collision,86,-471.89024897457796,,,"reward raw, penalty 1000"
PPO,ppo_v2,124928,,time_limit,500,6385.532051799779,,,"reward raw, penalty 1000"
PPO,ppo_v2,125952,,time_limit,500,6874.417477123983,,,"reward raw, penalty 1000"
PPO,ppo_v2,125952,,time_limit,500,7733.019800342639,,,"reward raw, penalty 1000"
PPO,ppo_v2,126976,,time_limit,500,7128.389952438413,,,"reward raw, penalty 1000"
PPO,ppo_v2,126976,,collision,428,4392.384690306643,,,"reward raw, penalty 1000"
PPO,ppo_v2,128000,,time_limit,500,6719.870093624367,,,"reward raw, penalty 1000"
PPO,ppo_v2,128000,,time_limit,500,6750.721097678926,,,"reward raw, penalty 1000"
PPO,ppo_v2,128000,,collision,85,-521.7232384644103,,,"reward raw, penalty 1000"
PPO,ppo_v2,129024,,time_limit,500,7219.381547851691,,,"reward raw, penalty 1000"
PPO,ppo_v2,129024,,time_limit,500,6754.807467616726,,,"reward raw, penalty 1000"
PPO,ppo_v2,130048,,time_limit,500,6502.792194040092,,,"reward raw, penalty 1000"
PPO,ppo_v2,130048,,time_limit,500,7021.8575103570365,,,"reward raw, penalty 1000"
PPO,ppo_v2,131072,,time_limit,500,7133.4081766482705,,,"reward raw, penalty 1000"
PPO,ppo_v2,131072,,collision,92,-325.68753288305015,,,"reward raw, penalty 1000"
PPO,ppo_v2,131072,,time_limit,500,6929.047129061763,,,"reward raw, penalty 1000"
PPO,ppo_v2,132096,,time_limit,500,7290.9231927433875,,,"reward raw, penalty 1000"
PPO,ppo_v2,132096,,time_limit,500,6027.965010366504,,,"reward raw, penalty 1000"
PPO,ppo_v2,133120,,time_limit,500,6852.879261399423,,,"reward raw, penalty 1000"
PPO,ppo_v2,133120,,time_limit,500,7150.450756622966,,,"reward raw, penalty 1000"
PPO,ppo_v2,134144,,time_limit,500,7543.009631459724,,,"reward raw, penalty 1000"
PPO,ppo_v2,134144,,time_limit,500,7113.241430830958,,,"reward raw, penalty 1000"
PPO,ppo_v2,135168,,time_limit,500,7020.378489341918,,,"reward raw, penalty 1000"
PPO,ppo_v2,135168,,collision,163,-16.46851993931557,,,"reward raw, penalty 1000"
PPO,ppo_v2,135168,,collision,361,3321.5384671563343,,,"reward raw, penalty 1000"
PPO,ppo_v2,135168,,collision,85,-349.687233571884,,,"reward raw, penalty 1000"
PPO,ppo_v2,136192,,time_limit,500,7270.804400959268,,,"reward raw, penalty 1000"
PPO,ppo_v2,136192,,time_limit,500,7116.246324055951,,,"reward raw, penalty 1000"
PPO,ppo_v2,137216,,time_limit,500,4656.934183955512,,,"reward raw, penalty 1000"
PPO,ppo_v2,137216,,collision,74,-542.1380460441192,,,"reward raw, penalty 1000"
PPO,ppo_v2,137216,,collision,96,-458.3742527624122,,,"reward raw, penalty 1000"
PPO,ppo_v2,137216,,collision,481,4970.893707745857,,,"reward raw, penalty 1000"
PPO,ppo_v2,138240,,collision,497,6693.849360510416,,,"reward raw, penalty 1000"
PPO,ppo_v2,138240,,time_limit,500,6653.601697615507,,,"reward raw, penalty 1000"
PPO,ppo_v2,139264,,collision,137,-143.84632386487965,,,"reward raw, penalty 1000"
PPO,ppo_v2,139264,,time_limit,500,7412.110629462329,,,"reward raw, penalty 1000"
PPO,ppo_v2,139264,,collision,41,-815.7776513830333,,,"reward raw, penalty 1000"
PPO,ppo_v2,139264,,collision,284,1205.6751212017566,,,"reward raw, penalty 1000"
PPO,ppo_v2,140288,,time_limit,500,7086.229861695986,,,"reward raw, penalty 1000"
PPO,ppo_v2,140288,,collision,154,-72.92698041824315,,,"reward raw, penalty 1000"
PPO,ppo_v2,140288,,collision,216,519.6960744595922,,,"reward raw, penalty 1000"
PPO,ppo_v2,141312,,time_limit,500,7359.95734830884,,,"reward raw, penalty 1000"
PPO,ppo_v2,141312,,time_limit,500,6042.3225054430695,,,"reward raw, penalty 1000"
PPO,ppo_v2,142336,,time_limit,500,6965.494331387727,,,"reward raw, penalty 1000"
PPO,ppo_v2,142336,,time_limit,500,6412.057522685892,,,"reward raw, penalty 1000"
PPO,ppo_v2,143360,,time_limit,500,7526.753127990903,,,"reward raw, penalty 1000"
PPO,ppo_v2,143360,,time_limit,500,8070.929764591702,,,"reward raw, penalty 1000"
PPO,ppo_v2,144384,,collision,497,6322.632692694237,,,"reward raw, penalty 1000"
PPO,ppo_v2,144384,,time_limit,500,7700.061062097444,,,"reward raw, penalty 1000"
PPO,ppo_v2,144384,,collision,335,3374.4567840203636,,,"reward raw, penalty 1000"
PPO,ppo_v2,145408,,time_limit,500,7163.799846052745,,,"reward raw, penalty 1000"
PPO,ppo_v2,145408,,collision,47,-749.1118231725773,,,"reward raw, penalty 1000"
PPO,ppo_v2,145408,,time_limit,500,6694.132058680892,,,"reward raw, penalty 1000"
PPO,ppo_v2,146432,,time_limit,500,5763.301814355519,,,"reward raw, penalty 1000"
PPO,ppo_v2,146432,,time_limit,500,6991.635335287715,,,"reward raw, penalty 1000"
PPO,ppo_v2,147456,,time_limit,500,8152.5724386531565,,,"reward raw, penalty 1000"
PPO,ppo_v2,147456,,time_limit,500,7551.017573252468,,,"reward raw, penalty 1000"
PPO,ppo_v2,147456,,collision,113,-283.2393019118249,,,"reward raw, penalty 1000"
PPO,ppo_v2,148480,,collision,141,-63.125476252201224,,,"reward raw, penalty 1000"
PPO,ppo_v2,148480,,time_limit,500,7316.361795889473,,,"reward raw, penalty 1000"
PPO,ppo_v2,148480,,collision,179,233.69429926910993,,,"reward raw, penalty 1000"
PPO,ppo_v2,149504,,time_limit,500,6882.796893391093,,,"reward raw, penalty 1000"
PPO,ppo_v2,149504,,time_limit,500,6716.453915542117,,,"reward raw, penalty 1000"
PPO,ppo_v2,149504,,collision,107,-327.3473230998612,,,"reward raw, penalty 1000"
PPO,ppo_v2,150528,,time_limit,500,7125.338774587639,,,"reward raw, penalty 1000"
PPO,ppo_v2,150528,,time_limit,500,7053.672476573121,,,"reward raw, penalty 1000"
PPO,ppo_v2,150528,,collision,42,-787.5131019523681,,,"reward raw, penalty 1000"
PPO,ppo_v2,151552,,time_limit,500,5457.217558145412,,,"reward raw, penalty 1000"
PPO,ppo_v2,151552,,collision,48,-718.7481689575011,,,"reward raw, penalty 1000"
PPO,ppo_v2,151552,,time_limit,500,7341.745401205087,,,"reward raw, penalty 1000"
PPO,ppo_v2,152576,,time_limit,500,7337.829917569553,,,"reward raw, penalty 1000"
PPO,ppo_v2,152576,,collision,41,-785.4874982681521,,,"reward raw, penalty 1000"
PPO,ppo_v2,152576,,collision,160,-525.1983065246162,,,"reward raw, penalty 1000"
PPO,ppo_v2,152576,,collision,122,-240.7859560215212,,,"reward raw, penalty 1000"
PPO,ppo_v2,152576,,collision,64,-702.8832212282534,,,"reward raw, penalty 1000"
PPO,ppo_v2,152576,,collision,115,-80.8344869370352,,,"reward raw, penalty 1000"
PPO,ppo_v2,153600,,time_limit,500,7328.607478953109,,,"reward raw, penalty 1000"
PPO,ppo_v2,153600,,time_limit,500,6948.7294467607035,,,"reward raw, penalty 1000"
PPO,ppo_v2,154624,,time_limit,500,6995.076886008434,,,"reward raw, penalty 1000"
PPO,ppo_v2,154624,,time_limit,500,7194.692057043077,,,"reward raw, penalty 1000"
PPO,ppo_v2,155648,,time_limit,500,6844.7787236389095,,,"reward raw, penalty 1000"
PPO,ppo_v2,155648,,collision,53,-556.2870333115802,,,"reward raw, penalty 1000"
PPO,ppo_v2,155648,,time_limit,500,6864.376391430428,,,"reward raw, penalty 1000"
PPO,ppo_v2,156672,,time_limit,500,7046.521431492161,,,"reward raw, penalty 1000"
PPO,ppo_v2,156672,,time_limit,500,5280.961117809598,,,"reward raw, penalty 1000"
PPO,ppo_v2,157696,,time_limit,500,7358.737975863526,,,"reward raw, penalty 1000"
PPO,ppo_v2,157696,,time_limit,500,7002.277274841888,,,"reward raw, penalty 1000"
PPO,ppo_v2,158720,,time_limit,500,7342.077897473268,,,"reward raw, penalty 1000"
PPO,ppo_v2,158720,,collision,41,-784.3207160757668,,,"reward raw, penalty 1000"
PPO,ppo_v2,158720,,off_lane,397,4960.245935071032,,,"reward raw, penalty 1000"
PPO,ppo_v2,159744,,time_limit,500,6543.703131671036,,,"reward raw, penalty 1000"
PPO,ppo_v2,159744,,time_limit,500,7103.362644108118,,,"reward raw, penalty 1000"
PPO,ppo_v2,159744,,collision,37,-844.3338838206323,,,"reward raw, penalty 1000"
PPO,ppo_v2,160768,,time_limit,500,5252.501362951399,,,"reward raw, penalty 1000"
PPO,ppo_v2,160768,,time_limit,500,7237.639341407612,,,"reward raw, penalty 1000"
PPO,ppo_v2,160768,,collision,223,408.6132960487008,,,"reward raw, penalty 1000"
PPO,ppo_v2,161792,,time_limit,500,5724.390609153777,,,"reward raw, penalty 1000"
PPO,ppo_v2,161792,,collision,38,-817.0143568590413,,,"reward raw, penalty 1000"
PPO,ppo_v2,161792,,time_limit,500,7447.86910876763,,,"reward raw, penalty 1000"
PPO,ppo_v2,162816,,time_limit,500,6373.545063246585,,,"reward raw, penalty 1000"
PPO,ppo_v2,162816,,time_limit,500,7356.701468229989,,,"reward raw, penalty 1000"
PPO,ppo_v2,163840,,time_limit,500,5139.108848524833,,,"reward raw, penalty 1000"
PPO,ppo_v2,163840,,time_limit,500,8046.953258607515,,,"reward raw, penalty 1000"
PPO,ppo_v2,163840,,collision,46,-791.3929445201145,,,"reward raw, penalty 1000"
PPO,ppo_v3,164864,,time_limit,500,5513.627714447967,,,"reward raw, w_lane 8"
PPO,ppo_v3,164864,,collision,64,-907.2985036780694,,,"reward raw, w_lane 8"
PPO,ppo_v3,164864,,off_lane,120,-442.9412956168246,,,"reward raw, w_lane 8"
PPO,ppo_v3,165888,,time_limit,500,5693.417051262407,,,"reward raw, w_lane 8"
PPO,ppo_v3,165888,,time_limit,500,5693.541783584967,,,"reward raw, w_lane 8"
PPO,ppo_v3,166912,,time_limit,500,6490.215093588679,,,"reward raw, w_lane 8"
PPO,ppo_v3,166912,,time_limit,500,5521.068108742482,,,"reward raw, w_lane 8"
PPO,ppo_v3,167936,,time_limit,500,3308.5183272123095,,,"reward raw, w_lane 8"
PPO,ppo_v3,167936,,time_limit,500,5572.437898889379,,,"reward raw, w_lane 8"
PPO,ppo_v3,168960,,time_limit,500,5883.893699847166,,,"reward raw, w_lane 8"
PPO,ppo_v3,168960,,time_limit,500,5149.456760698367,,,"reward raw, w_lane 8"
PPO,ppo_v3,169984,,time_limit,500,4863.982816990676,,,"reward raw, w_lane 8"
PPO,ppo_v3,169984,,time_limit,500,6429.143272881735,,,"reward raw, w_lane 8"
PPO,ppo_v3,169984,,collision,195,25.046177819302443,,,"reward raw, w_lane 8"
PPO,ppo_v3,171008,,collision,451,2874.6130273543326,,,"reward raw, w_lane 8"
PPO,ppo_v3,171008,,collision,165,-186.74337852325243,,,"reward raw, w_lane 8"
PPO,ppo_v3,171008,,collision,59,-681.889541501675,,,"reward raw, w_lane 8"
PPO,ppo_v3,171008,,collision,151,-224.32331220432513,,,"reward raw, w_lane 8"
PPO,ppo_v3,171008,,collision,45,-793.1807300872867,,,"reward raw, w_lane 8"
PPO,ppo_v3,172032,,time_limit,500,5257.871868854233,,,"reward raw, w_lane 8"
PPO,ppo_v3,172032,,collision,34,-865.0854605977744,,,"reward raw, w_lane 8"
PPO,ppo_v3,172032,,time_limit,500,5638.186672921461,,,"reward raw, w_lane 8"
PPO,ppo_v3,173056,,time_limit,500,5618.353225746989,,,"reward raw, w_lane 8"
PPO,ppo_v3,173056,,collision,127,-359.96177754055805,,,"reward raw, w_lane 8"
PPO,ppo_v3,173056,,collision,45,-776.092859389801,,,"reward raw, w_lane 8"
PPO,ppo_v3,173056,,collision,40,-840.3264120989854,,,"reward raw, w_lane 8"
PPO,ppo_v3,173056,,time_limit,500,5551.10017953206,,,"reward raw, w_lane 8"
PPO,ppo_v3,173056,,collision,53,-758.400314728404,,,"reward raw, w_lane 8"
PPO,ppo_v3,174080,,time_limit,500,4978.34329473465,,,"reward raw, w_lane 8"
PPO,ppo_v3,174080,,time_limit,500,5705.152626905844,,,"reward raw, w_lane 8"
PPO,ppo_v3,174080,,collision,112,-538.4661475600185,,,"reward raw, w_lane 8"
PPO,ppo_v3,175104,,time_limit,500,5552.3044507869745,,,"reward raw, w_lane 8"
PPO,ppo_v3,175104,,time_limit,500,5309.298479350076,,,"reward raw, w_lane 8"
PPO,ppo_v3,176128,,time_limit,500,5663.690144204003,,,"reward raw, w_lane 8"
PPO,ppo_v3,176128,,collision,53,-747.0434021803967,,,"reward raw, w_lane 8"
PPO,ppo_v3,176128,,time_limit,500,5637.245123385783,,,"reward raw, w_lane 8"
PPO,ppo_v3,177152,,time_limit,500,5732.329539692412,,,"reward raw, w_lane 8"
PPO,ppo_v3,177152,,time_limit,500,6029.551107351344,,,"reward raw, w_lane 8"
PPO,ppo_v3,178176,,time_limit,500,5829.498654684031,,,"reward raw, w_lane 8"
PPO,ppo_v3,178176,,time_limit,500,4796.898451321383,,,"reward raw, w_lane 8"
PPO,ppo_v3,179200,,time_limit,500,6466.417453183539,,,"reward raw, w_lane 8"
PPO,ppo_v3,179200,,collision,101,-569.8623310654999,,,"reward raw, w_lane 8"
PPO,ppo_v3,179200,,collision,222,29.30969615621666,,,"reward raw, w_lane 8"
PPO,ppo_v3,180224,,time_limit,500,5419.970662998728,,,"reward raw, w_lane 8"
PPO,ppo_v3,180224,,time_limit,500,6116.993073547385,,,"reward raw, w_lane 8"
PPO,ppo_v3,181248,,time_limit,500,5280.355792802692,,,"reward raw, w_lane 8"
PPO,ppo_v3,181248,,time_limit,500,4927.243373244232,,,"reward raw, w_lane 8"
PPO,ppo_v3,182272,,time_limit,500,6541.324024127401,,,"reward raw, w_lane 8"
PPO,ppo_v3,182272,,collision,174,128.38828834854303,,,"reward raw, w_lane 8"
PPO,ppo_v3,182272,,time_limit,500,6675.185900252094,,,"reward raw, w_lane 8"
PPO,ppo_v3,183296,,time_limit,500,6095.764336848359,,,"reward raw, w_lane 8"
PPO,ppo_v3,183296,,time_limit,500,6798.311906887385,,,"reward raw, w_lane 8"
PPO,ppo_v3,183296,,collision,130,-449.3765272266786,,,"reward raw, w_lane 8"
PPO,ppo_v3,184320,,time_limit,500,6349.869584261544,,,"reward raw, w_lane 8"
PPO,ppo_v3,184320,,time_limit,500,3468.137225558932,,,"reward raw, w_lane 8"
PPO,ppo_v3,185344,,time_limit,500,6587.545761224809,,,"reward raw, w_lane 8"
PPO,ppo_v3,185344,,time_limit,500,7269.694812290061,,,"reward raw, w_lane 8"
PPO,ppo_v3,186368,,time_limit,500,6149.914578716621,,,"reward raw, w_lane 8"
PPO,ppo_v3,186368,,collision,49,-684.48548671341,,,"reward raw, w_lane 8"
PPO,ppo_v3,186368,,time_limit,500,6853.021255221431,,,"reward raw, w_lane 8"
PPO,ppo_v3,187392,,time_limit,500,6121.5145199973595,,,"reward raw, w_lane 8"
PPO,ppo_v3,187392,,time_limit,500,5108.406448842459,,,"reward raw, w_lane 8"
PPO,ppo_v3,188416,,time_limit,500,6678.24357939103,,,"reward raw, w_lane 8"
PPO,ppo_v3,188416,,collision,120,-356.13202249859444,,,"reward raw, w_lane 8"
PPO,ppo_v3,188416,,time_limit,500,5497.045386522305,,,"reward raw, w_lane 8"
PPO,ppo_v3,189440,,collision,362,3181.7698647561047,,,"reward raw, w_lane 8"
PPO,ppo_v3,189440,,time_limit,500,6958.624836427691,,,"reward raw, w_lane 8"
PPO,ppo_v3,190464,,time_limit,500,6674.731762247111,,,"reward raw, w_lane 8"
PPO,ppo_v3,190464,,collision,70,-739.5204279987194,,,"reward raw, w_lane 8"
PPO,ppo_v3,190464,,time_limit,500,6381.918185802683,,,"reward raw, w_lane 8"
PPO,ppo_v3,191488,,time_limit,500,5552.070925550873,,,"reward raw, w_lane 8"
PPO,ppo_v3,191488,,collision,214,-285.97334581137,,,"reward raw, w_lane 8"
PPO,ppo_v3,192512,,time_limit,500,5828.298766365497,,,"reward raw, w_lane 8"
PPO,ppo_v3,192512,,time_limit,500,6000.218669403285,,,"reward raw, w_lane 8"
PPO,ppo_v3,192512,,time_limit,500,6031.851997700008,,,"reward raw, w_lane 8"
PPO,ppo_v3,193536,,collision,43,-818.9571969109622,,,"reward raw, w_lane 8"
PPO,ppo_v3,193536,,time_limit,500,5585.37473138315,,,"reward raw, w_lane 8"
PPO,ppo_v3,193536,,off_lane,350,3292.354916284856,,,"reward raw, w_lane 8"
PPO,ppo_v3,194560,,time_limit,500,6087.282828614613,,,"reward raw, w_lane 8"
PPO,ppo_v3,194560,,time_limit,500,6495.96245215757,,,"reward raw, w_lane 8"
PPO,ppo_v3,195584,,time_limit,500,5334.815046179725,,,"reward raw, w_lane 8"
PPO,ppo_v3,195584,,time_limit,500,6583.355572232806,,,"reward raw, w_lane 8"
PPO,ppo_v3,196608,,time_limit,500,6583.296927518052,,,"reward raw, w_lane 8"
PPO,ppo_v3,196608,,time_limit,500,6546.680519668326,,,"reward raw, w_lane 8"
PPO,ppo_v3,197632,,time_limit,500,6616.975243667604,,,"reward raw, w_lane 8"
PPO,ppo_v3,197632,,time_limit,500,6094.024101037362,,,"reward raw, w_lane 8"
PPO,ppo_v3,198656,,collision,299,96.11106947328199,,,"reward raw, w_lane 8"
PPO,ppo_v3,198656,,time_limit,500,6275.667984210957,,,"reward raw, w_lane 8"
PPO,ppo_v3,199680,,collision,326,1427.7213907960247,,,"reward raw, w_lane 8"
PPO,ppo_v3,199680,,off_lane,199,696.4713608256092,,,"reward raw, w_lane 8"
PPO,ppo_v3,199680,,collision,126,-327.53186016992686,,,"reward raw, w_lane 8"
PPO,ppo_v3,200704,,time_limit,500,6566.416303581168,,,"reward raw, w_lane 8"
PPO,ppo_v3,200704,,time_limit,500,6326.99420967042,,,"reward raw, w_lane 8"
PPO,ppo_v3,201728,,time_limit,500,7296.608452657899,,,"reward raw, w_lane 8"
PPO,ppo_v3,201728,,time_limit,500,6495.778286942588,,,"reward raw, w_lane 8"
PPO,ppo_v3,202752,,time_limit,500,4164.490424374655,,,"reward raw, w_lane 8"
PPO,ppo_v3,202752,,time_limit,500,6742.675310675034,,,"reward raw, w_lane 8"
PPO,ppo_v3,203776,,time_limit,500,6612.441158193128,,,"reward raw, w_lane 8"
PPO,ppo_v3,203776,,time_limit,500,6047.359569489752,,,"reward raw, w_lane 8"
PPO,ppo_v3,203776,,collision,230,939.6225790023491,,,"reward raw, w_lane 8"
PPO,ppo_v3,204800,,time_limit,500,7334.57570949485,,,"reward raw, w_lane 8"
PPO,ppo_v3,204800,,collision,197,158.5611934280978,,,"reward raw, w_lane 8"
PPO,ppo_v3,204800,,time_limit,500,4901.885799260769,,,"reward raw, w_lane 8"
PPO,ppo_v3,205824,,collision,172,-171.2077539465073,,,"reward raw, w_lane 8"
PPO,ppo_v3,205824,,collision,57,-699.8941749955621,,,"reward raw, w_lane 8"
PPO,ppo_v3,205824,,time_limit,500,6521.749846579205,,,"reward raw, w_lane 8"
PPO,ppo_v3,205824,,collision,119,-355.12549105673315,,,"reward raw, w_lane 8"
PPO,ppo_v3,206848,,time_limit,500,6465.356206458557,,,"reward raw, w_lane 8"
PPO,ppo_v3,206848,,collision,34,-873.0249065928774,,,"reward raw, w_lane 8"
PPO,ppo_v3,206848,,time_limit,500,6671.518686896039,,,"reward raw, w_lane 8"
PPO,ppo_v3,207872,,time_limit,500,7030.908036147739,,,"reward raw, w_lane 8"
PPO,ppo_v3,207872,,collision,75,-621.2466018674488,,,"reward raw, w_lane 8"
PPO,ppo_v3,207872,,collision,46,-802.1535867403138,,,"reward raw, w_lane 8"
PPO,ppo_v3,207872,,collision,39,-853.0310082000362,,,"reward raw, w_lane 8"
PPO,ppo_v3,207872,,off_lane,57,-24.328480827395254,,,"reward raw, w_lane 8"
PPO,ppo_v3,207872,,collision,102,-643.6291629806176,,,"reward raw, w_lane 8"
PPO,ppo_v3,208896,,time_limit,500,6100.182356555504,,,"reward raw, w_lane 8"
PPO,ppo_v3,208896,,time_limit,500,6946.316053071373,,,"reward raw, w_lane 8"
PPO,ppo_v3,208896,,collision,55,-807.6355653986908,,,"reward raw, w_lane 8"
PPO,ppo_v3,209920,,time_limit,500,6592.049603938941,,,"reward raw, w_lane 8"
PPO,ppo_v3,209920,,time_limit,500,6675.186909884084,,,"reward raw, w_lane 8"
PPO,ppo_v3,210944,,time_limit,500,6647.20882279401,,,"reward raw, w_lane 8"
PPO,ppo_v3,210944,,collision,58,-818.0247731753268,,,"reward raw, w_lane 8"
PPO,ppo_v3,210944,,time_limit,500,6514.627928809038,,,"reward raw, w_lane 8"
PPO,ppo_v3,211968,,time_limit,500,6287.744099375416,,,"reward raw, w_lane 8"
PPO,ppo_v3,211968,,time_limit,500,6352.332057728066,,,"reward raw, w_lane 8"
PPO,ppo_v3,212992,,time_limit,500,6305.098193895013,,,"reward raw, w_lane 8"
PPO,ppo_v3,212992,,time_limit,500,5369.752522958888,,,"reward raw, w_lane 8"
PPO,ppo_v3,214016,,time_limit,500,7002.01742864145,,,"reward raw, w_lane 8"
PPO,ppo_v3,214016,,collision,74,-675.763193184794,,,"reward raw, w_lane 8"
PPO,ppo_v3,214016,,time_limit,500,3956.0995166647476,,,"reward raw, w_lane 8"
PPO,ppo_v3,215040,,time_limit,500,4852.38030184069,,,"reward raw, w_lane 8"
PPO,ppo_v3,215040,,time_limit,500,6128.882371709814,,,"reward raw, w_lane 8"
PPO,ppo_v3,216064,,time_limit,500,5614.6856088615705,,,"reward raw, w_lane 8"
PPO,ppo_v3,216064,,time_limit,500,5181.582671325627,,,"reward raw, w_lane 8"
PPO,ppo_v3,217088,,collision,499,5445.095785102781,,,"reward raw, w_lane 8"
PPO,ppo_v3,217088,,collision,343,651.3125945982197,,,"reward raw, w_lane 8"
PPO,ppo_v3,217088,,time_limit,500,6502.942893673449,,,"reward raw, w_lane 8"
PPO,ppo_v3,218112,,time_limit,500,6182.301718245045,,,"reward raw, w_lane 8"
PPO,ppo_v3,218112,,time_limit,500,6687.645972194847,,,"reward raw, w_lane 8"
PPO,ppo_v3,218112,,off_lane,38,-173.1913053436591,,,"reward raw, w_lane 8"
PPO,ppo_v3,219136,,time_limit,500,6568.562921508655,,,"reward raw, w_lane 8"
PPO,ppo_v3,219136,,time_limit,500,2913.350047304709,,,"reward raw, w_lane 8"
PPO,ppo_v3,220160,,collision,340,2334.0762376122348,,,"reward raw, w_lane 8"
PPO,ppo_v3,220160,,time_limit,500,7340.537817565688,,,"reward raw, w_lane 8"
PPO,ppo_v3,221184,,time_limit,500,6619.80095060627,,,"reward raw, w_lane 8"
PPO,ppo_v3,221184,,time_limit,500,6856.938451311191,,,"reward raw, w_lane 8"
PPO,ppo_v3,222208,,time_limit,500,7055.959484353816,,,"reward raw, w_lane 8"
PPO,ppo_v3,222208,,time_limit,500,6663.353984895052,,,"reward raw, w_lane 8"
PPO,ppo_v3,223232,,time_limit,500,5581.460777208566,,,"reward raw, w_lane 8"
PPO,ppo_v3,223232,,time_limit,500,6428.4243020806825,,,"reward raw, w_lane 8"
PPO,ppo_v3,223232,,collision,117,-433.291232066847,,,"reward raw, w_lane 8"
PPO,ppo_v3,224256,,time_limit,500,6523.06576156549,,,"reward raw, w_lane 8"
PPO,ppo_v3,224256,,time_limit,500,6687.699872364805,,,"reward raw, w_lane 8"
PPO,ppo_v3,225280,,time_limit,500,7279.296251639205,,,"reward raw, w_lane 8"
PPO,ppo_v3,225280,,time_limit,500,7022.181125474722,,,"reward raw, w_lane 8"
PPO,ppo_v3,225280,,collision,44,-787.6651629318421,,,"reward raw, w_lane 8"
PPO,ppo_v3,226304,,time_limit,500,6343.322392657129,,,"reward raw, w_lane 8"
PPO,ppo_v3,226304,,collision,345,2840.756230333728,,,"reward raw, w_lane 8"
PPO,ppo_v3,226304,,collision,205,-262.5823318995084,,,"reward raw, w_lane 8"
PPO,ppo_v3,227328,,time_limit,500,6512.997323836046,,,"reward raw, w_lane 8"
PPO,ppo_v3,227328,,time_limit,500,6341.1537857848925,,,"reward raw, w_lane 8"
PPO,ppo_v3,228352,,time_limit,500,6003.56413785407,,,"reward raw, w_lane 8"
PPO,ppo_v3,228352,,collision,47,-754.2796465557416,,,"reward raw, w_lane 8"
PPO,ppo_v3,228352,,time_limit,500,6434.451798220503,,,"reward raw, w_lane 8"
PPO,ppo_v3,229376,,time_limit,500,6166.879123295112,,,"reward raw, w_lane 8"
PPO,ppo_v3,229376,,time_limit,500,6531.355058866277,,,"reward raw, w_lane 8"
PPO,ppo_v3,230400,,time_limit,500,6708.137785577177,,,"reward raw, w_lane 8"
PPO,ppo_v3,230400,,time_limit,500,4635.437961176096,,,"reward raw, w_lane 8"
PPO,ppo_v3,231424,,time_limit,500,6761.885489318437,,,"reward raw, w_lane 8"
PPO,ppo_v3,231424,,time_limit,500,6477.314747220931,,,"reward raw, w_lane 8"
PPO,ppo_v3,232448,,time_limit,500,6993.315476294181,,,"reward raw, w_lane 8"
PPO,ppo_v3,232448,,time_limit,500,6836.8278531437645,,,"reward raw, w_lane 8"
PPO,ppo_v3,233472,,time_limit,500,6274.180724732367,,,"reward raw, w_lane 8"
PPO,ppo_v3,233472,,collision,168,-12.08581393864722,,,"reward raw, w_lane 8"
PPO,ppo_v3,233472,,time_limit,500,6296.218591548587,,,"reward raw, w_lane 8"
PPO,ppo_v3,233472,,off_lane,78,174.20087933287707,,,"reward raw, w_lane 8"
PPO,ppo_v3,234496,,collision,329,2830.492543185652,,,"reward raw, w_lane 8"
PPO,ppo_v3,234496,,time_limit,500,6750.141324913503,,,"reward raw, w_lane 8"
PPO,ppo_v3,235520,,time_limit,500,3332.846148027966,,,"reward raw, w_lane 8"
PPO,ppo_v3,235520,,collision,169,-197.05025786563033,,,"reward raw, w_lane 8"
PPO,ppo_v3,235520,,collision,190,-333.2504401556969,,,"reward raw, w_lane 8"
PPO,ppo_v3,236544,,time_limit,500,5238.068000435458,,,"reward raw, w_lane 8"
PPO,ppo_v3,236544,,time_limit,500,7434.061120819762,,,"reward raw, w_lane 8"
PPO,ppo_v3,236544,,off_lane,378,4063.955475992632,,,"reward raw, w_lane 8"
PPO,ppo_v3,237568,,collision,136,-360.89426877145524,,,"reward raw, w_lane 8"
PPO,ppo_v3,237568,,time_limit,500,6763.047116269086,,,"reward raw, w_lane 8"
PPO,ppo_v3,237568,,collision,174,38.62746241226739,,,"reward raw, w_lane 8"
PPO,ppo_v3,237568,,collision,248,528.855004074354,,,"reward raw, w_lane 8"
PPO,ppo_v3,238592,,time_limit,500,6901.464160551019,,,"reward raw, w_lane 8"
PPO,ppo_v3,238592,,collision,127,-299.4450249314971,,,"reward raw, w_lane 8"
PPO,ppo_v3,238592,,collision,183,-137.00944916404626,,,"reward raw, w_lane 8"
PPO,ppo_v3,239616,,time_limit,500,6790.116362633813,,,"reward raw, w_lane 8"
PPO,ppo_v3,239616,,time_limit,500,5950.696968034368,,,"reward raw, w_lane 8"
PPO,ppo_v3,240640,,time_limit,500,6696.91861662012,,,"reward raw, w_lane 8"
PPO,ppo_v3,240640,,collision,363,3026.9070986175634,,,"reward raw, w_lane 8"
PPO,ppo_v3,241664,,time_limit,500,6772.625170616909,,,"reward raw, w_lane 8"
PPO,ppo_v3,241664,,time_limit,500,7536.143082695374,,,"reward raw, w_lane 8"
PPO,ppo_v3,241664,,time_limit,500,6955.454783714732,,,"reward raw, w_lane 8"
PPO,ppo_v3,242688,,time_limit,500,7074.149365466891,,,"reward raw, w_lane 8"
PPO,ppo_v3,242688,,time_limit,500,7007.552618435075,,,"reward raw, w_lane 8"
PPO,ppo_v3,243712,,time_limit,500,6905.010467113898,,,"reward raw, w_lane 8"
PPO,ppo_v3,243712,,collision,66,-645.3801159593875,,,"reward raw, w_lane 8"
PPO,ppo_v3,243712,,collision,386,3026.5033554654437,,,"reward raw, w_lane 8"
PPO,ppo_v3,244736,,time_limit,500,5315.38246276425,,,"reward raw, w_lane 8"
PPO,ppo_v3,244736,,time_limit,500,6603.75321049568,,,"reward raw, w_lane 8"
PPO,ppo_v3,245760,,time_limit,500,7398.865978498849,,,"reward raw, w_lane 8"
PPO,ppo_v3,245760,,time_limit,500,6641.970734665669,,,"reward raw, w_lane 8"
PPO,ppo_v3,245760,,collision,154,-219.40036776270108,,,"reward raw, w_lane 8"
PPO,ppo_v3,246784,,collision,195,-147.89436581167467,,,"reward raw, w_lane 8"
PPO,ppo_v3,246784,,collision,327,2501.3591713577625,,,"reward raw, w_lane 8"
PPO,ppo_v3,246784,,time_limit,500,6278.481324237877,,,"reward raw, w_lane 8"
PPO,ppo_v3,247808,,time_limit,500,6380.613607213615,,,"reward raw, w_lane 8"
PPO,ppo_v3,247808,,collision,101,-396.56154527194974,,,"reward raw, w_lane 8"
PPO,ppo_v3,248832,,time_limit,500,6728.932307003432,,,"reward raw, w_lane 8"
PPO,ppo_v3,248832,,time_limit,500,6555.108445141372,,,"reward raw, w_lane 8"
PPO,ppo_v3,248832,,collision,328,2143.597430764658,,,"reward raw, w_lane 8"
PPO,ppo_v3,248832,,off_lane,55,-27.404537503891145,,,"reward raw, w_lane 8"
PPO,ppo_v3,249856,,time_limit,500,4981.16107993173,,,"reward raw, w_lane 8"
PPO,ppo_v3,249856,,collision,45,-711.9577607494895,,,"reward raw, w_lane 8"
PPO,ppo_v3,249856,,time_limit,500,6818.009764012834,,,"reward raw, w_lane 8"
PPO,ppo_v3,250880,,time_limit,500,6767.306123320057,,,"reward raw, w_lane 8"
PPO,ppo_v3,250880,,collision,48,-742.1366460544972,,,"reward raw, w_lane 8"
PPO,ppo_v3,250880,,collision,81,-541.7764334257174,,,"reward raw, w_lane 8"
PPO,ppo_v3,250880,,collision,111,-564.3825369775216,,,"reward raw, w_lane 8"
PPO,ppo_v3,250880,,collision,103,-544.3541532825743,,,"reward raw, w_lane 8"
PPO,ppo_v3,251904,,collision,343,2687.47356496585,,,"reward raw, w_lane 8"
PPO,ppo_v3,251904,,time_limit,500,6604.47330329688,,,"reward raw, w_lane 8"
PPO,ppo_v3,252928,,time_limit,500,6558.838768786982,,,"reward raw, w_lane 8"
PPO,ppo_v3,252928,,time_limit,500,6573.1435519851275,,,"reward raw, w_lane 8"
PPO,ppo_v3,253952,,time_limit,500,7177.016166140854,,,"reward raw, w_lane 8"
PPO,ppo_v3,253952,,collision,43,-805.6415784873998,,,"reward raw, w_lane 8"
PPO,ppo_v3,253952,,collision,314,2701.8462238510538,,,"reward raw, w_lane 8"
PPO,ppo_v3,253952,,time_limit,500,6358.330959524766,,,"reward raw, w_lane 8"
PPO,ppo_v3,254976,,time_limit,500,6542.720881685767,,,"reward raw, w_lane 8"
PPO,ppo_v3,254976,,time_limit,500,4557.261328135955,,,"reward raw, w_lane 8"
PPO,ppo_v4,0,Town01,collision,69,-79.18502670789927,0.6495614378302321,12,"reward chuan hoa, 4 town — MO HINH DUOC CHON"
PPO,ppo_v4,0,Town01,collision,104,-35.51856008437881,0.8893442394299054,15,"reward chuan hoa, 4 town — MO HINH DUOC CHON"
PPO,ppo_v4,0,Town01,collision,86,-29.29865166662517,0.4322446604532495,26,"reward chuan hoa, 4 town — MO HINH DUOC CHON"
PPO,ppo_v4,0,Town01,collision,40,-59.57683286318049,0.15108544626097356,12,"reward chuan hoa, 4 town — MO HINH DUOC CHON"
PPO,ppo_v4,0,Town01,collision,68,-51.123886516455485,0.3156146975949228,1,"reward chuan hoa, 4 town — MO HINH DUOC CHON"
PPO,ppo_v4,0,Town01,collision,175,28.835571400564007,0.27854843728726636,14,"reward chuan hoa, 4 town — MO HINH DUOC CHON"
PPO,ppo_v4,0,Town01,collision,372,-110.15608073359454,0.5806321044073692,38,"reward chuan hoa, 4 town — MO HINH DUOC CHON"
PPO,ppo_v4,1024,Town01,off_lane,235,70.68943130111212,0.6868234472048859,30,"reward chuan hoa, 4 town — MO HINH DUOC CHON"
PPO,ppo_v4,1024,Town01,collision,273,-20.962787893504427,0.5705534150386211,19,"reward chuan hoa, 4 town — MO HINH DUOC CHON"
PPO,ppo_v4,1024,Town01,collision,155,-67.63066248609594,0.10337826194319752,13,"reward chuan hoa, 4 town — MO HINH DUOC CHON"
PPO,ppo_v4,2048,Town01,collision,482,122.97009451023703,0.509709773291108,35,"reward chuan hoa, 4 town — MO HINH DUOC CHON"
PPO,ppo_v4,2048,Town01,collision,90,-47.832789973519766,0.5190517871737648,0,"reward chuan hoa, 4 town — MO HINH DUOC CHON"
PPO,ppo_v4,2048,Town01,collision,172,-19.52974488705454,0.48589643876583377,14,"reward chuan hoa, 4 town — MO HINH DUOC CHON"
PPO,ppo_v4,2048,Town01,collision,138,-94.27499385792949,0.2964187843212183,0,"reward chuan hoa, 4 town — MO HINH DUOC CHON"
PPO,ppo_v4,2048,Town01,collision,127,-23.72723922792634,0.45073817977684943,0,"reward chuan hoa, 4 town — MO HINH DUOC CHON"
PPO,ppo_v4,2048,Town01,collision,249,15.004154823644697,0.262199462682763,3,"reward chuan hoa, 4 town — MO HINH DUOC CHON"
PPO,ppo_v4,2048,Town01,collision,171,-8.166785744234915,0.5638472177436471,13,"reward chuan hoa, 4 town — MO HINH DUOC CHON"
PPO,ppo_v4,3072,Town01,collision,91,-38.922951695584025,0.35925973325859256,0,"reward chuan hoa, 4 town — MO HINH DUOC CHON"
PPO,ppo_v4,3072,Town01,collision,53,-49.944312579057126,0.15086290320645118,12,"reward chuan hoa, 4 town — MO HINH DUOC CHON"
PPO,ppo_v4,3072,Town01,collision,261,12.968031887476414,0.5684021368550701,60,"reward chuan hoa, 4 town — MO HINH DUOC CHON"
PPO,ppo_v4,3072,Town01,collision,89,-30.000147453673065,0.32557891528641897,8,"reward chuan hoa, 4 town — MO HINH DUOC CHON"
PPO,ppo_v4,3072,Town01,collision,188,18.76650948148975,0.3370694196684373,15,"reward chuan hoa, 4 town — MO HINH DUOC CHON"
PPO,ppo_v4,3072,Town01,collision,324,50.39199957547085,0.22226244113857743,19,"reward chuan hoa, 4 town — MO HINH DUOC CHON"
PPO,ppo_v4,4096,Town01,collision,337,-238.59314727687493,1.0804632294989671,30,"reward chuan hoa, 4 town — MO HINH DUOC CHON"
PPO,ppo_v4,4096,Town01,collision,231,-125.10031537890316,0.7052519808864303,15,"reward chuan hoa, 4 town — MO HINH DUOC CHON"
PPO,ppo_v4,4096,Town02,collision,97,-79.14226297376764,0.3596898945516742,9,"reward chuan hoa, 4 town — MO HINH DUOC CHON"
PPO,ppo_v4,4096,Town02,collision,227,-59.42093392870288,0.432606195109947,23,"reward chuan hoa, 4 town — MO HINH DUOC CHON"
PPO,ppo_v4,5120,Town02,collision,239,-72.933567622705,0.47823416511990013,14,"reward chuan hoa, 4 town — MO HINH DUOC CHON"
PPO,ppo_v4,5120,Town02,collision,97,-47.54569685266643,0.4456429071853676,0,"reward chuan hoa, 4 town — MO HINH DUOC CHON"
PPO,ppo_v4,5120,Town02,collision,322,-160.52584821639255,0.9220943137998578,17,"reward chuan hoa, 4 town — MO HINH DUOC CHON"
PPO,ppo_v4,5120,Town02,collision,211,17.96268912416781,0.37832932713547707,28,"reward chuan hoa, 4 town — MO HINH DUOC CHON"
PPO,ppo_v4,5120,Town02,collision,86,-53.11901184667542,0.6237090205881,20,"reward chuan hoa, 4 town — MO HINH DUOC CHON"
PPO,ppo_v4,5120,Town02,collision,60,-70.9803014295578,0.5819087845447257,0,"reward chuan hoa, 4 town — MO HINH DUOC CHON"
PPO,ppo_v4,5120,Town02,collision,49,-68.64316827952406,0.430699573656181,0,"reward chuan hoa, 4 town — MO HINH DUOC CHON"
PPO,ppo_v4,5120,Town02,collision,80,-56.613640682436646,0.4052787810385645,0,"reward chuan hoa, 4 town — MO HINH DUOC CHON"
PPO,ppo_v4,6144,Town02,collision,171,-64.70977228741391,0.462910897441883,24,"reward chuan hoa, 4 town — MO HINH DUOC CHON"
PPO,ppo_v4,6144,Town02,collision,136,-37.24043661198824,0.3594681205380069,14,"reward chuan hoa, 4 town — MO HINH DUOC CHON"
PPO,ppo_v4,6144,Town02,collision,60,-53.38153368946669,0.27706573173653243,0,"reward chuan hoa, 4 town — MO HINH DUOC CHON"
PPO,ppo_v4,6144,Town02,collision,41,-62.15699336210899,0.22287951746516801,0,"reward chuan hoa, 4 town — MO HINH DUOC CHON"
PPO,ppo_v4,6144,Town02,collision,180,-94.37348488781657,0.657839612372429,26,"reward chuan hoa, 4 town — MO HINH DUOC CHON"
PPO,ppo_v4,6144,Town02,collision,222,-83.77991599370749,0.4564255562065174,13,"reward chuan hoa, 4 town — MO HINH DUOC CHON"
PPO,ppo_v4,6144,Town02,collision,186,-7.011211500715021,0.5359358546451974,19,"reward chuan hoa, 4 town — MO HINH DUOC CHON"
PPO,ppo_v4,6144,Town02,collision,113,-15.285080660913287,0.16208631829322728,31,"reward chuan hoa, 4 town — MO HINH DUOC CHON"
PPO,ppo_v4,7168,Town02,collision,218,-25.93352815810431,0.562518852621462,14,"reward chuan hoa, 4 town — MO HINH DUOC CHON"
PPO,ppo_v4,7168,Town02,collision,218,-51.842490309463315,0.31576675211427474,15,"reward chuan hoa, 4 town — MO HINH DUOC CHON"
PPO,ppo_v4,7168,Town02,collision,183,-48.63474779182931,0.45055404016135814,123,"reward chuan hoa, 4 town — MO HINH DUOC CHON"
PPO,ppo_v4,7168,Town02,collision,207,-75.5328871994967,0.16826385043236472,15,"reward chuan hoa, 4 town — MO HINH DUOC CHON"
PPO,ppo_v4,8192,Town02,off_lane,247,101.59601053828757,0.5828059581766899,14,"reward chuan hoa, 4 town — MO HINH DUOC CHON"
PPO,ppo_v4,8192,Town02,collision,76,-39.664696536102085,0.3880288976692833,13,"reward chuan hoa, 4 town — MO HINH DUOC CHON"
PPO,ppo_v4,8192,Town02,collision,141,-8.268341147677788,0.2681417094638753,54,"reward chuan hoa, 4 town — MO HINH DUOC CHON"
PPO,ppo_v4,8192,Town03,collision,64,-38.85791234437691,0.2391532314445854,30,"reward chuan hoa, 4 town — MO HINH DUOC CHON"
PPO,ppo_v4,8192,Town03,collision,103,-30.132682813937024,0.30347657587436133,24,"reward chuan hoa, 4 town — MO HINH DUOC CHON"
PPO,ppo_v4,8192,Town03,collision,79,-46.36989725395965,1.448922517771492,56,"reward chuan hoa, 4 town — MO HINH DUOC CHON"
PPO,ppo_v4,8192,Town03,time_limit,500,289.2176846366404,0.41225623144609413,192,"reward chuan hoa, 4 town — MO HINH DUOC CHON"
PPO,ppo_v4,9216,Town03,off_lane,189,4.597674977720821,1.5439380426435618,162,"reward chuan hoa, 4 town — MO HINH DUOC CHON"
PPO,ppo_v4,9216,Town03,off_lane,442,-22.238425107800317,0.5725498729483076,76,"reward chuan hoa, 4 town — MO HINH DUOC CHON"
PPO,ppo_v4,9216,Town03,off_lane,193,14.390876217243353,0.9911355718572571,141,"reward chuan hoa, 4 town — MO HINH DUOC CHON"
PPO,ppo_v4,10240,Town03,time_limit,500,220.1344696357174,0.514017533262228,91,"reward chuan hoa, 4 town — MO HINH DUOC CHON"
PPO,ppo_v4,10240,Town03,collision,76,-34.11256181154264,0.3624387396357134,30,"reward chuan hoa, 4 town — MO HINH DUOC CHON"
PPO,ppo_v4,10240,Town03,off_lane,221,53.39125044786121,0.5699713857040499,51,"reward chuan hoa, 4 town — MO HINH DUOC CHON"
PPO,ppo_v4,10240,Town03,off_lane,152,3.609847926033468,0.8452066808806588,108,"reward chuan hoa, 4 town — MO HINH DUOC CHON"
PPO,ppo_v4,11264,Town03,time_limit,500,134.72808446592651,0.2959053179169689,356,"reward chuan hoa, 4 town — MO HINH DUOC CHON"
PPO,ppo_v4,11264,Town03,time_limit,500,-138.77321440571367,1.071917133792327,274,"reward chuan hoa, 4 town — MO HINH DUOC CHON"
PPO,ppo_v4,12288,Town03,off_lane,365,119.8818240580785,0.4574499134992755,104,"reward chuan hoa, 4 town — MO HINH DUOC CHON"
PPO,ppo_v4,12288,Town03,off_lane,400,57.91404520198785,0.7007531653722766,177,"reward chuan hoa, 4 town — MO HINH DUOC CHON"
PPO,ppo_v4,12288,Town03,collision,487,124.54566326958341,0.40657402158773376,218,"reward chuan hoa, 4 town — MO HINH DUOC CHON"
PPO,ppo_v4,12288,Town03,collision,55,-42.13692434519083,0.10240163900185999,27,"reward chuan hoa, 4 town — MO HINH DUOC CHON"
PPO,ppo_v4,13312,Town03,time_limit,500,194.4464388458107,0.4325359985837709,199,"reward chuan hoa, 4 town — MO HINH DUOC CHON"
PPO,ppo_v4,13312,Town03,off_lane,143,44.65766689760602,0.47087951724953037,30,"reward chuan hoa, 4 town — MO HINH DUOC CHON"
PPO,ppo_v4,13312,Town03,off_lane,184,64.48624567657706,0.7556326742403118,84,"reward chuan hoa, 4 town — MO HINH DUOC CHON"
PPO,ppo_v4,14336,Town03,collision,393,150.01385108019548,0.31942862909967956,129,"reward chuan hoa, 4 town — MO HINH DUOC CHON"
PPO,ppo_v4,14336,Town03,off_lane,79,7.634198982532804,0.725846371786426,12,"reward chuan hoa, 4 town — MO HINH DUOC CHON"
PPO,ppo_v4,14336,Town03,off_lane,153,48.55308804982291,0.46442367991159655,47,"reward chuan hoa, 4 town — MO HINH DUOC CHON"
PPO,ppo_v4,14336,Town03,off_lane,117,7.6956620528036055,0.8804317724689446,58,"reward chuan hoa, 4 town — MO HINH DUOC CHON"
PPO,ppo_v4,14336,Town03,off_lane,107,22.24435988429901,0.9008831879650118,36,"reward chuan hoa, 4 town — MO HINH DUOC CHON"
PPO,ppo_v4,14336,Town04,collision,90,-76.42071888295226,0.6068584998927635,0,"reward chuan hoa, 4 town — MO HINH DUOC CHON"
PPO,ppo_v4,14336,Town04,off_lane,172,49.202389587308,0.8103243690330452,46,"reward chuan hoa, 4 town — MO HINH DUOC CHON"
PPO,ppo_v4,15360,Town04,off_lane,323,94.62753350684828,0.5694798196850586,30,"reward chuan hoa, 4 town — MO HINH DUOC CHON"
PPO,ppo_v4,15360,Town04,collision,361,-37.83466374440106,0.10189093664281892,36,"reward chuan hoa, 4 town — MO HINH DUOC CHON"
PPO,ppo_v4,15360,Town04,collision,172,-35.28821182717436,0.5831011083344022,5,"reward chuan hoa, 4 town — MO HINH DUOC CHON"
PPO,ppo_v4,15360,Town04,collision,106,-26.559360650513568,0.2060612858128922,20,"reward chuan hoa, 4 town — MO HINH DUOC CHON"
PPO,ppo_v4,15360,Town04,off_lane,137,55.120171207855954,0.9343443971173866,75,"reward chuan hoa, 4 town — MO HINH DUOC CHON"
PPO,ppo_v4,16384,Town04,time_limit,500,-11.846836315110718,0.2386629821757214,77,"reward chuan hoa, 4 town — MO HINH DUOC CHON"
PPO,ppo_v4,16384,Town04,off_lane,266,85.60991104203185,0.6316687118246502,58,"reward chuan hoa, 4 town — MO HINH DUOC CHON"
PPO,ppo_v4,17408,Town04,time_limit,500,193.52683656955782,0.4867737798522092,0,"reward chuan hoa, 4 town — MO HINH DUOC CHON"
PPO,ppo_v4,17408,Town04,collision,209,-18.687321070853336,0.7112733546175412,24,"reward chuan hoa, 4 town — MO HINH DUOC CHON"
PPO,ppo_v4,17408,Town04,off_lane,409,117.20312203674678,0.8088386037194124,93,"reward chuan hoa, 4 town — MO HINH DUOC CHON"
PPO,ppo_v4,18432,Town04,time_limit,500,234.2541263296185,0.517946284486109,126,"reward chuan hoa, 4 town — MO HINH DUOC CHON"
PPO,ppo_v4,18432,Town04,collision,394,71.94993113526112,0.26937707308242353,113,"reward chuan hoa, 4 town — MO HINH DUOC CHON"
PPO,ppo_v4,19456,Town04,time_limit,500,226.57154644871318,0.492065287708868,83,"reward chuan hoa, 4 town — MO HINH DUOC CHON"
PPO,ppo_v4,19456,Town04,collision,324,57.87281067319324,0.5621841683002927,61,"reward chuan hoa, 4 town — MO HINH DUOC CHON"
PPO,ppo_v4,19456,Town04,collision,119,-39.88159352095473,0.5378211782358745,0,"reward chuan hoa, 4 town — MO HINH DUOC CHON"
PPO,ppo_v4,19456,Town04,collision,207,41.89332359079371,0.3957006484076041,68,"reward chuan hoa, 4 town — MO HINH DUOC CHON"
PPO,ppo_v4,19456,Town04,collision,137,-36.68386515856896,0.5912405339759659,23,"reward chuan hoa, 4 town — MO HINH DUOC CHON"
PPO,ppo_v4,20480,Town04,collision,424,95.59141999661126,0.6191233720751621,88,"reward chuan hoa, 4 town — MO HINH DUOC CHON"
PPO,ppo_v4,20480,Town04,collision,203,43.02873253252784,0.316431976819496,47,"reward chuan hoa, 4 town — MO HINH DUOC CHON"
PPO,ppo_v4,20480,Town04,collision,312,55.95785642482424,0.5819869952046056,61,"reward chuan hoa, 4 town — MO HINH DUOC CHON"
PPO,ppo_v4,21504,Town04,time_limit,500,182.2183873914503,0.26129040988487423,65,"reward chuan hoa, 4 town — MO HINH DUOC CHON"
PPO,ppo_v4,21504,Town04,collision,201,-8.398864523649294,0.260681171148712,126,"reward chuan hoa, 4 town — MO HINH DUOC CHON"
PPO,ppo_v4,21504,Town04,collision,488,202.77071895824133,0.41876970011924125,82,"reward chuan hoa, 4 town — MO HINH DUOC CHON"
PPO,ppo_v4,22528,Town01,collision,104,-34.24180361024946,0.21568779946316116,15,"reward chuan hoa, 4 town — MO HINH DUOC CHON"
PPO,ppo_v4,22528,Town01,collision,65,-72.42047619246543,1.7123905312590961,11,"reward chuan hoa, 4 town — MO HINH DUOC CHON"
PPO,ppo_v4,22528,Town01,collision,156,-27.39800453272715,0.18685113777984208,19,"reward chuan hoa, 4 town — MO HINH DUOC CHON"
PPO,ppo_v4,22528,Town01,collision,467,28.674428592126503,0.2896782286705543,41,"reward chuan hoa, 4 town — MO HINH DUOC CHON"
PPO,ppo_v4,23552,Town01,time_limit,500,188.3312540491969,0.3008485420232607,178,"reward chuan hoa, 4 town — MO HINH DUOC CHON"
PPO,ppo_v4,23552,Town01,collision,164,-56.148900867867425,0.19439222664174857,25,"reward chuan hoa, 4 town — MO HINH DUOC CHON"
PPO,ppo_v4,23552,Town01,collision,41,-58.86447383776099,0.27025762412211624,12,"reward chuan hoa, 4 town — MO HINH DUOC CHON"
PPO,ppo_v4,23552,Town01,collision,132,-14.310804499991022,0.5903047306484197,36,"reward chuan hoa, 4 town — MO HINH DUOC CHON"
PPO,ppo_v4,23552,Town01,collision,72,-38.14031654449659,0.20644747003610747,14,"reward chuan hoa, 4 town — MO HINH DUOC CHON"
PPO,ppo_v4,23552,Town01,collision,198,5.874050384908514,0.2194142554089412,14,"reward chuan hoa, 4 town — MO HINH DUOC CHON"
PPO,ppo_v4,24576,Town01,collision,313,-56.802135421397395,0.20934022604657085,59,"reward chuan hoa, 4 town — MO HINH DUOC CHON"
PPO,ppo_v4,24576,Town01,collision,126,-21.69221453025353,0.396387901276802,16,"reward chuan hoa, 4 town — MO HINH DUOC CHON"
PPO,ppo_v4,24576,Town01,collision,225,-22.527263093061975,0.18701966816872678,144,"reward chuan hoa, 4 town — MO HINH DUOC CHON"
PPO,ppo_v4,24576,Town01,time_limit,500,326.29584054617965,0.3142431855243879,50,"reward chuan hoa, 4 town — MO HINH DUOC CHON"
PPO,ppo_v4,25600,Town01,collision,192,-1.760536186185746,0.220094860469569,31,"reward chuan hoa, 4 town — MO HINH DUOC CHON"
PPO,ppo_v4,25600,Town01,off_lane,138,1.1644753324645913,0.9131781076444965,19,"reward chuan hoa, 4 town — MO HINH DUOC CHON"
PPO,ppo_v4,25600,Town01,collision,139,10.611776286381883,0.30070837194746597,12,"reward chuan hoa, 4 town — MO HINH DUOC CHON"
PPO,ppo_v4,25600,Town01,collision,423,61.471350756866954,0.25001254874233925,74,"reward chuan hoa, 4 town — MO HINH DUOC CHON"
PPO,ppo_v4,26624,Town01,time_limit,500,199.91919394677345,0.277849459247935,18,"reward chuan hoa, 4 town — MO HINH DUOC CHON"
PPO,ppo_v4,26624,Town01,collision,153,-7.956431565156166,0.21857212020118508,15,"reward chuan hoa, 4 town — MO HINH DUOC CHON"
PPO,ppo_v4,26624,Town01,collision,226,-72.76511100054677,0.5841668753529797,14,"reward chuan hoa, 4 town — MO HINH DUOC CHON"
PPO,ppo_v4,27648,Town01,collision,374,-28.08491021327854,0.3906326037952314,34,"reward chuan hoa, 4 town — MO HINH DUOC CHON"
PPO,ppo_v4,27648,Town01,time_limit,500,45.15041320489239,0.1368882976227776,189,"reward chuan hoa, 4 town — MO HINH DUOC CHON"
PPO,ppo_v4,27648,Town01,collision,90,-31.590614297240947,0.2661113960076592,0,"reward chuan hoa, 4 town — MO HINH DUOC CHON"
PPO,ppo_v4,28672,Town01,time_limit,500,193.8279817789756,0.2829807503917477,33,"reward chuan hoa, 4 town — MO HINH DUOC CHON"
PPO,ppo_v4,28672,Town02,time_limit,500,123.7043884034632,0.32489826513868864,42,"reward chuan hoa, 4 town — MO HINH DUOC CHON"
PPO,ppo_v4,28672,Town02,collision,73,-36.70406240381438,0.287483388956541,10,"reward chuan hoa, 4 town — MO HINH DUOC CHON"
PPO,ppo_v4,28672,Town02,collision,207,-56.94673666699384,0.41546529416717765,27,"reward chuan hoa, 4 town — MO HINH DUOC CHON"
PPO,ppo_v4,29696,Town02,collision,177,-15.830392045674138,0.32143224844809354,13,"reward chuan hoa, 4 town — MO HINH DUOC CHON"
PPO,ppo_v4,29696,Town02,collision,134,-56.90231653744276,0.4786589223443128,0,"reward chuan hoa, 4 town — MO HINH DUOC CHON"
PPO,ppo_v4,29696,Town02,collision,76,-32.23660644126482,0.35965243375041006,21,"reward chuan hoa, 4 town — MO HINH DUOC CHON"
PPO,ppo_v4,29696,Town02,time_limit,500,288.671600170431,0.2233716933319805,116,"reward chuan hoa, 4 town — MO HINH DUOC CHON"
PPO,ppo_v4,29696,Town02,collision,244,-19.611104437556037,0.14340028852910855,35,"reward chuan hoa, 4 town — MO HINH DUOC CHON"
PPO,ppo_v4,30720,Town02,collision,45,-74.77313112346283,0.532358696801747,0,"reward chuan hoa, 4 town — MO HINH DUOC CHON"
PPO,ppo_v4,30720,Town02,time_limit,500,307.1592782469589,0.1881278113291979,50,"reward chuan hoa, 4 town — MO HINH DUOC CHON"
PPO,ppo_v4,30720,Town02,collision,78,-39.17916290344785,0.3216819198669989,12,"reward chuan hoa, 4 town — MO HINH DUOC CHON"
PPO,ppo_v4,30720,Town02,collision,59,-63.07236263567504,0.38790572911118043,0,"reward chuan hoa, 4 town — MO HINH DUOC CHON"
PPO,ppo_v4,31744,Town02,time_limit,500,228.20866888864467,0.15673321751131633,31,"reward chuan hoa, 4 town — MO HINH DUOC CHON"
PPO,ppo_v4,31744,Town02,time_limit,500,143.23547481254178,0.2532450644305469,46,"reward chuan hoa, 4 town — MO HINH DUOC CHON"
PPO,ppo_v4,31744,Town02,collision,145,12.164908990379516,0.24887042624698824,13,"reward chuan hoa, 4 town — MO HINH DUOC CHON"
PPO,ppo_v4,32768,Town02,collision,375,53.65610117187411,0.3307396640427046,19,"reward chuan hoa, 4 town — MO HINH DUOC CHON"
PPO,ppo_v4,32768,Town02,time_limit,500,189.85570483512083,0.1487524525536857,15,"reward chuan hoa, 4 town — MO HINH DUOC CHON"
PPO,ppo_v4,33792,Town02,time_limit,500,206.44192681732426,0.2178982376045544,29,"reward chuan hoa, 4 town — MO HINH DUOC CHON"
PPO,ppo_v4,33792,Town02,time_limit,500,82.6605889649134,0.2506235570490277,60,"reward chuan hoa, 4 town — MO HINH DUOC CHON"
PPO,ppo_v4,33792,Town02,collision,177,-17.502119540257524,0.3070511119685429,0,"reward chuan hoa, 4 town — MO HINH DUOC CHON"
PPO,ppo_v4,33792,Town02,collision,180,-82.28715396767574,0.23660049251839715,10,"reward chuan hoa, 4 town — MO HINH DUOC CHON"
PPO,ppo_v4,34816,Town02,time_limit,500,218.00368442391633,0.2357947249398499,29,"reward chuan hoa, 4 town — MO HINH DUOC CHON"
PPO,ppo_v4,34816,Town02,collision,392,-21.908476472961084,0.33022566024427374,26,"reward chuan hoa, 4 town — MO HINH DUOC CHON"
PPO,ppo_v4,35840,Town02,time_limit,500,220.00946722012202,0.2197302612014093,27,"reward chuan hoa, 4 town — MO HINH DUOC CHON"
PPO,ppo_v4,35840,Town02,collision,166,34.780563255856904,0.22042838507246287,18,"reward chuan hoa, 4 town — MO HINH DUOC CHON"
PPO,ppo_v4,35840,Town03,off_lane,313,143.2670216476821,0.3725000423899826,69,"reward chuan hoa, 4 town — MO HINH DUOC CHON"
PPO,ppo_v4,36864,Town03,time_limit,500,196.32464629589214,0.21654442891085754,311,"reward chuan hoa, 4 town — MO HINH DUOC CHON"
PPO,ppo_v4,36864,Town03,collision,126,-33.66912386118926,0.48828952699241934,37,"reward chuan hoa, 4 town — MO HINH DUOC CHON"
PPO,ppo_v4,36864,Town03,off_lane,132,48.87819779917373,0.6376185131482586,51,"reward chuan hoa, 4 town — MO HINH DUOC CHON"
PPO,ppo_v4,36864,Town03,off_lane,414,186.45902379726152,0.2749162377113807,127,"reward chuan hoa, 4 town — MO HINH DUOC CHON"
PPO,ppo_v4,37888,Town03,off_lane,140,-7.084925302264897,0.48907923505227924,33,"reward chuan hoa, 4 town — MO HINH DUOC CHON"
PPO,ppo_v4,37888,Town03,off_lane,61,1.892268957206054,1.0958819716894648,33,"reward chuan hoa, 4 town — MO HINH DUOC CHON"
PPO,ppo_v4,37888,Town03,off_lane,345,50.71277794275881,0.18420387203998453,43,"reward chuan hoa, 4 town — MO HINH DUOC CHON"
PPO,ppo_v4,37888,Town03,collision,73,-30.783340307983835,0.09221006585909136,57,"reward chuan hoa, 4 town — MO HINH DUOC CHON"
PPO,ppo_v4,37888,Town03,collision,132,-13.722456424180876,2.2798506266476926,63,"reward chuan hoa, 4 town — MO HINH DUOC CHON"
PPO,ppo_v4,37888,Town03,off_lane,175,87.50222898167414,0.44016981480595835,57,"reward chuan hoa, 4 town — MO HINH DUOC CHON"
PPO,ppo_v4,37888,Town03,off_lane,103,17.51144269110874,0.6273746367510069,15,"reward chuan hoa, 4 town — MO HINH DUOC CHON"
PPO,ppo_v4,38912,Town03,time_limit,500,272.133402899728,0.18503087024056064,154,"reward chuan hoa, 4 town — MO HINH DUOC CHON"
PPO,ppo_v4,38912,Town03,off_lane,415,179.23415615758006,0.32487077301364264,93,"reward chuan hoa, 4 town — MO HINH DUOC CHON"
PPO,ppo_v4,39936,Town03,off_lane,245,122.3771961117215,0.3686963541773615,37,"reward chuan hoa, 4 town — MO HINH DUOC CHON"
PPO,ppo_v4,39936,Town03,off_lane,430,136.31515677849347,0.3840635896123791,245,"reward chuan hoa, 4 town — MO HINH DUOC CHON"
PPO,ppo_v4,39936,Town03,off_lane,80,5.994615223130864,0.7555666258562276,26,"reward chuan hoa, 4 town — MO HINH DUOC CHON"
PPO,ppo_v4,39936,Town03,off_lane,81,13.919337762419644,0.7264029070060617,31,"reward chuan hoa, 4 town — MO HINH DUOC CHON"
PPO,ppo_v4,39936,Town03,off_lane,349,52.08067705340843,0.28127415986225196,50,"reward chuan hoa, 4 town — MO HINH DUOC CHON"
PPO,ppo_v4,40960,Town03,off_lane,464,116.87317775575956,0.20546016113499213,101,"reward chuan hoa, 4 town — MO HINH DUOC CHON"
PPO,ppo_v4,40960,Town03,collision,342,80.88151144600016,0.18971159043312705,82,"reward chuan hoa, 4 town — MO HINH DUOC CHON"
PPO,ppo_v4,41984,Town03,time_limit,500,-134.5590247973516,0.5793385431082927,64,"reward chuan hoa, 4 town — MO HINH DUOC CHON"
PPO,ppo_v4,41984,Town03,off_lane,135,5.605931222165659,0.8499776020266214,92,"reward chuan hoa, 4 town — MO HINH DUOC CHON"
PPO,ppo_v4,41984,Town03,off_lane,386,160.25959320830052,0.27069845980196683,104,"reward chuan hoa, 4 town — MO HINH DUOC CHON"
PPO,ppo_v4,41984,Town03,off_lane,132,46.504077792721816,0.5170924463668081,43,"reward chuan hoa, 4 town — MO HINH DUOC CHON"
PPO,ppo_v4,43008,Town04,off_lane,128,45.14347180962022,0.5687139452451899,35,"reward chuan hoa, 4 town — MO HINH DUOC CHON"
PPO,ppo_v4,43008,Town04,time_limit,500,338.65025815561455,0.27526388831787585,143,"reward chuan hoa, 4 town — MO HINH DUOC CHON"
PPO,ppo_v4,43008,Town04,time_limit,500,228.34259930660644,0.432696678505593,64,"reward chuan hoa, 4 town — MO HINH DUOC CHON"
PPO,ppo_v4,44032,Town04,time_limit,500,342.0332237749319,0.11791940722305724,0,"reward chuan hoa, 4 town — MO HINH DUOC CHON"
PPO,ppo_v4,44032,Town04,collision,149,-14.281338161679834,0.3868383081431524,0,"reward chuan hoa, 4 town — MO HINH DUOC CHON"
PPO,ppo_v4,44032,Town04,collision,119,-21.692910295674835,0.15826143144745553,54,"reward chuan hoa, 4 town — MO HINH DUOC CHON"
PPO,ppo_v4,45056,Town04,time_limit,500,258.1531704310364,0.41545744490708675,63,"reward chuan hoa, 4 town — MO HINH DUOC CHON"
PPO,ppo_v4,45056,Town04,collision,427,67.05879558842791,0.1882407618951751,205,"reward chuan hoa, 4 town — MO HINH DUOC CHON"
PPO,ppo_v4,45056,Town04,collision,263,67.72027221667726,0.3222838865630563,25,"reward chuan hoa, 4 town — MO HINH DUOC CHON"
PPO,ppo_v4,46080,Town04,collision,378,-32.28387893946251,0.8049285676224849,120,"reward chuan hoa, 4 town — MO HINH DUOC CHON"
PPO,ppo_v4,46080,Town04,collision,316,138.71840118338952,0.1917792873576513,116,"reward chuan hoa, 4 town — MO HINH DUOC CHON"
PPO,ppo_v4,47104,Town04,collision,473,-50.69495239784572,0.10691647086856923,74,"reward chuan hoa, 4 town — MO HINH DUOC CHON"
PPO,ppo_v4,47104,Town04,collision,178,-2.466607206750936,0.48295365720997724,50,"reward chuan hoa, 4 town — MO HINH DUOC CHON"
PPO,ppo_v4,47104,Town04,collision,499,246.4843283688896,0.18499526760901422,77,"reward chuan hoa, 4 town — MO HINH DUOC CHON"
PPO,ppo_v4,47104,Town04,collision,264,91.179112138155,0.31311674069810086,92,"reward chuan hoa, 4 town — MO HINH DUOC CHON"
PPO,ppo_v4,48128,Town04,time_limit,500,331.68369413356874,0.2914091374498781,143,"reward chuan hoa, 4 town — MO HINH DUOC CHON"
PPO,ppo_v4,48128,Town04,collision,138,-1.647272138653932,0.3449309853017448,63,"reward chuan hoa, 4 town — MO HINH DUOC CHON"
PPO,ppo_v4,48128,Town04,collision,178,48.41323276376525,0.20809909977292895,74,"reward chuan hoa, 4 town — MO HINH DUOC CHON"
PPO,ppo_v4,49152,Town04,collision,403,66.48476856829438,0.1403952775917461,105,"reward chuan hoa, 4 town — MO HINH DUOC CHON"
PPO,ppo_v4,49152,Town04,time_limit,500,314.9872710145081,0.2791219173640371,139,"reward chuan hoa, 4 town — MO HINH DUOC CHON"
PPO,ppo_v4,50176,Town04,time_limit,500,309.7189405995826,0.2802589568629676,65,"reward chuan hoa, 4 town — MO HINH DUOC CHON"
PPO,ppo_v4,50176,Town04,time_limit,500,317.79973516609107,0.3374407949623176,149,"reward chuan hoa, 4 town — MO HINH DUOC CHON"
PPO,ppo_v4,51200,Town04,time_limit,500,299.59637841012704,0.32471052066000045,65,"reward chuan hoa, 4 town — MO HINH DUOC CHON"
PPO,ppo_v4,51200,Town04,time_limit,500,-43.21426524657733,0.18861593000531204,42,"reward chuan hoa, 4 town — MO HINH DUOC CHON"
PPO,ppo_v4,52224,Town04,time_limit,500,80.37182656190852,0.22189813242186796,195,"reward chuan hoa, 4 town — MO HINH DUOC CHON"
PPO,ppo_v4,52224,Town01,time_limit,500,185.7220157264611,0.2566263535993299,55,"reward chuan hoa, 4 town — MO HINH DUOC CHON"
PPO,ppo_v4,52224,Town01,collision,229,61.54222651015215,0.4040134164238715,25,"reward chuan hoa, 4 town — MO HINH DUOC CHON"
PPO,ppo_v4,53248,Town01,time_limit,500,341.5260531495702,0.29013021194363087,28,"reward chuan hoa, 4 town — MO HINH DUOC CHON"
PPO,ppo_v4,53248,Town01,collision,176,38.86010280734931,0.26296452259735426,0,"reward chuan hoa, 4 town — MO HINH DUOC CHON"
PPO,ppo_v4,53248,Town01,time_limit,500,208.46554525425157,0.2751916001753003,149,"reward chuan hoa, 4 town — MO HINH DUOC CHON"
PPO,ppo_v4,54272,Town01,time_limit,500,348.95851544099924,0.22089306478429857,27,"reward chuan hoa, 4 town — MO HINH DUOC CHON"
PPO,ppo_v4,54272,Town01,collision,401,119.01111001364852,0.22602214579116417,92,"reward chuan hoa, 4 town — MO HINH DUOC CHON"
PPO,ppo_v4,55296,Town01,collision,204,43.76795883471608,0.22322237736148332,0,"reward chuan hoa, 4 town — MO HINH DUOC CHON"
PPO,ppo_v4,55296,Town01,time_limit,500,246.29748566098348,0.16161127544496864,17,"reward chuan hoa, 4 town — MO HINH DUOC CHON"
PPO,ppo_v4,55296,Town01,collision,199,-33.38388195420332,0.2914552773275863,12,"reward chuan hoa, 4 town — MO HINH DUOC CHON"
PPO,ppo_v4,55296,Town01,collision,108,-12.193378116271646,0.19930096307349923,10,"reward chuan hoa, 4 town — MO HINH DUOC CHON"
PPO,ppo_v4,56320,Town01,collision,196,46.880068884084366,0.23335898397546442,12,"reward chuan hoa, 4 town — MO HINH DUOC CHON"
PPO,ppo_v4,56320,Town01,collision,202,57.61665456825983,0.14716932199564872,15,"reward chuan hoa, 4 town — MO HINH DUOC CHON"
PPO,ppo_v4,56320,Town01,collision,316,49.72420565924554,0.26837965601738256,20,"reward chuan hoa, 4 town — MO HINH DUOC CHON"
PPO,ppo_v4,56320,Town01,collision,304,21.3688063091449,0.12543178542987182,14,"reward chuan hoa, 4 town — MO HINH DUOC CHON"
PPO,ppo_v4,56320,Town01,collision,38,-60.13673169185817,0.2643612766115301,10,"reward chuan hoa, 4 town — MO HINH DUOC CHON"
PPO,ppo_v4,57344,Town01,collision,310,108.84229323048955,0.14936882067300875,43,"reward chuan hoa, 4 town — MO HINH DUOC CHON"
PPO,ppo_v4,57344,Town01,time_limit,500,101.50289471807116,0.2019644674612323,49,"reward chuan hoa, 4 town — MO HINH DUOC CHON"
PPO,ppo_v4,58368,Town01,time_limit,500,183.3170503753374,0.3000934748506741,68,"reward chuan hoa, 4 town — MO HINH DUOC CHON"
PPO,ppo_v4,58368,Town01,time_limit,500,165.18555637068243,0.18105887713386387,34,"reward chuan hoa, 4 town — MO HINH DUOC CHON"
PPO,ppo_v4,58368,Town01,collision,187,-29.07489824200372,0.12152934370228596,11,"reward chuan hoa, 4 town — MO HINH DUOC CHON"
PPO,ppo_v4,59392,Town01,collision,235,-37.782513966841975,0.15751111838478968,13,"reward chuan hoa, 4 town — MO HINH DUOC CHON"
PPO,ppo_v4,59392,Town01,collision,228,0.8794186877336614,0.10652701860226735,16,"reward chuan hoa, 4 town — MO HINH DUOC CHON"
PPO,ppo_v4,59392,Town01,collision,138,-41.48006919619342,0.23788010134182705,20,"reward chuan hoa, 4 town — MO HINH DUOC CHON"
PPO,ppo_v4,59392,Town01,time_limit,500,303.4784123475298,0.23271625727851988,117,"reward chuan hoa, 4 town — MO HINH DUOC CHON"
PPO,ppo_v4,60416,Town02,collision,481,35.89632679045312,0.24135383978557137,37,"reward chuan hoa, 4 town — MO HINH DUOC CHON"
PPO,ppo_v4,60416,Town02,collision,225,16.962017542041323,0.284158299477267,13,"reward chuan hoa, 4 town — MO HINH DUOC CHON"
PPO,ppo_v4,60416,Town02,collision,291,-13.960634641380658,0.5050783614433151,142,"reward chuan hoa, 4 town — MO HINH DUOC CHON"
PPO,ppo_v4,61440,Town02,time_limit,500,282.5526287871804,0.22824652406462856,38,"reward chuan hoa, 4 town — MO HINH DUOC CHON"
PPO,ppo_v4,61440,Town02,time_limit,500,352.2003116257651,0.21857036445175135,51,"reward chuan hoa, 4 town — MO HINH DUOC CHON"
PPO,ppo_v4,62464,Town02,time_limit,500,309.76597659346334,0.2630625919662657,53,"reward chuan hoa, 4 town — MO HINH DUOC CHON"
PPO,ppo_v4,62464,Town02,time_limit,500,118.52979746699054,0.3392353765626496,67,"reward chuan hoa, 4 town — MO HINH DUOC CHON"
PPO,ppo_v4,63488,Town02,time_limit,500,222.00387949956618,0.23194931934315685,45,"reward chuan hoa, 4 town — MO HINH DUOC CHON"
PPO,ppo_v4,63488,Town02,time_limit,500,227.40035290870227,0.1993369503193729,33,"reward chuan hoa, 4 town — MO HINH DUOC CHON"
PPO,ppo_v4,63488,Town02,collision,163,-64.73665591697058,0.2951503000292721,14,"reward chuan hoa, 4 town — MO HINH DUOC CHON"
PPO,ppo_v4,64512,Town02,collision,289,-65.7342493557097,0.30324795447054537,37,"reward chuan hoa, 4 town — MO HINH DUOC CHON"
PPO,ppo_v4,64512,Town02,collision,163,-71.36769617345028,0.33446792422938304,25,"reward chuan hoa, 4 town — MO HINH DUOC CHON"
PPO,ppo_v4,64512,Town02,time_limit,500,182.626909828662,0.3942347103683007,51,"reward chuan hoa, 4 town — MO HINH DUOC CHON"
PPO,ppo_v4,65536,Town02,collision,180,-26.98480716827207,0.14023223632273796,27,"reward chuan hoa, 4 town — MO HINH DUOC CHON"
PPO,ppo_v4,65536,Town02,collision,210,29.040908461925852,0.5214445739096427,10,"reward chuan hoa, 4 town — MO HINH DUOC CHON"
PPO,ppo_v4,65536,Town02,time_limit,500,250.83137777705545,0.36381458944394585,71,"reward chuan hoa, 4 town — MO HINH DUOC CHON"
PPO,ppo_v4,65536,Town02,collision,243,-31.184851120701992,0.18437650015366217,32,"reward chuan hoa, 4 town — MO HINH DUOC CHON"
PPO,ppo_v4,66560,Town02,collision,498,116.4105547982438,0.3482185285708836,30,"reward chuan hoa, 4 town — MO HINH DUOC CHON"
PPO,ppo_v4,66560,Town02,time_limit,500,256.80220574268066,0.13007480912186098,43,"reward chuan hoa, 4 town — MO HINH DUOC CHON"
PPO,ppo_v4,67584,Town02,collision,311,-50.63163562722027,0.21814570426526025,32,"reward chuan hoa, 4 town — MO HINH DUOC CHON"
PPO,ppo_v4,67584,Town02,collision,145,-76.27132220916032,0.18891498202891835,7,"reward chuan hoa, 4 town — MO HINH DUOC CHON"
PPO,ppo_v4,67584,Town02,collision,235,46.266578272692186,0.28935877842297797,15,"reward chuan hoa, 4 town — MO HINH DUOC CHON"
PPO,ppo_v4,68608,Town02,time_limit,500,147.0954329967906,0.15860937003226197,119,"reward chuan hoa, 4 town — MO HINH DUOC CHON"
PPO,ppo_v4,68608,Town02,time_limit,500,164.81308927953802,0.17198624691388922,15,"reward chuan hoa, 4 town — MO HINH DUOC CHON"
PPO,ppo_v4,68608,Town02,collision,358,67.37049534543327,0.20572602672557,183,"reward chuan hoa, 4 town — MO HINH DUOC CHON"
PPO,ppo_v4,69632,Town03,off_lane,346,104.06153090024365,0.3097375446241695,115,"reward chuan hoa, 4 town — MO HINH DUOC CHON"
PPO,ppo_v4,69632,Town03,off_lane,295,56.649625117421465,0.30100829695566556,130,"reward chuan hoa, 4 town — MO HINH DUOC CHON"
PPO,ppo_v4,69632,Town03,off_lane,138,42.96126342797205,0.6443329390533589,68,"reward chuan hoa, 4 town — MO HINH DUOC CHON"
PPO,ppo_v4,70656,Town03,off_lane,303,119.44366087376106,0.2675033019366106,106,"reward chuan hoa, 4 town — MO HINH DUOC CHON"
PPO,ppo_v4,70656,Town03,off_lane,369,134.22169949905128,0.2802174341454798,96,"reward chuan hoa, 4 town — MO HINH DUOC CHON"
PPO,ppo_v4,70656,Town03,off_lane,70,8.241511612760707,0.9445182332951049,32,"reward chuan hoa, 4 town — MO HINH DUOC CHON"
PPO,ppo_v4,70656,Town03,off_lane,94,17.37893673553002,0.7882726611504824,50,"reward chuan hoa, 4 town — MO HINH DUOC CHON"
PPO,ppo_v4,70656,Town03,collision,71,-36.17006940829122,0.23318761006890643,55,"reward chuan hoa, 4 town — MO HINH DUOC CHON"
PPO,ppo_v4,70656,Town03,off_lane,262,149.01943024995,0.3380852290840106,90,"reward chuan hoa, 4 town — MO HINH DUOC CHON"
PPO,ppo_v4,71680,Town03,off_lane,389,153.2942662252418,0.30127771027329603,106,"reward chuan hoa, 4 town — MO HINH DUOC CHON"
PPO,ppo_v4,71680,Town03,off_lane,324,94.92168858333315,0.3637700222819747,204,"reward chuan hoa, 4 town — MO HINH DUOC CHON"
PPO,ppo_v4,71680,Town03,off_lane,433,38.1351396327446,0.4300128271811991,201,"reward chuan hoa, 4 town — MO HINH DUOC CHON"
PPO,ppo_v4,72704,Town03,off_lane,188,-1.2840314110548223,0.25159294670335075,31,"reward chuan hoa, 4 town — MO HINH DUOC CHON"
PPO,ppo_v4,72704,Town03,time_limit,500,113.03056442738676,0.2302769336452935,97,"reward chuan hoa, 4 town — MO HINH DUOC CHON"
PPO,ppo_v4,72704,Town03,collision,204,31.132518737830864,0.27387744826032395,88,"reward chuan hoa, 4 town — MO HINH DUOC CHON"
PPO,ppo_v4,73728,Town03,time_limit,500,151.9575048053152,0.36246543379311474,247,"reward chuan hoa, 4 town — MO HINH DUOC CHON"
PPO,ppo_v4,73728,Town03,off_lane,407,129.72134745157035,0.39173218124478815,87,"reward chuan hoa, 4 town — MO HINH DUOC CHON"
PPO,ppo_v4,74752,Town03,off_lane,456,184.1674431222739,0.36291009367393456,141,"reward chuan hoa, 4 town — MO HINH DUOC CHON"
PPO,ppo_v4,74752,Town03,off_lane,347,-78.61068564996332,0.3652205521116646,56,"reward chuan hoa, 4 town — MO HINH DUOC CHON"
PPO,ppo_v4,74752,Town03,off_lane,151,68.22234135643623,0.4718838277989842,43,"reward chuan hoa, 4 town — MO HINH DUOC CHON"
PPO,ppo_v4,75776,Town03,off_lane,420,-136.33725758537202,0.7083150238319735,157,"reward chuan hoa, 4 town — MO HINH DUOC CHON"
PPO,ppo_v4,75776,Town03,off_lane,158,-35.25248373754232,0.6247157174170143,14,"reward chuan hoa, 4 town — MO HINH DUOC CHON"
PPO,ppo_v4,75776,Town03,time_limit,500,90.54501283202487,0.09406493004683343,70,"reward chuan hoa, 4 town — MO HINH DUOC CHON"
PPO,ppo_v4,75776,Town03,off_lane,68,5.312576249874086,0.9917706073165696,27,"reward chuan hoa, 4 town — MO HINH DUOC CHON"
PPO,ppo_v4,76800,Town03,collision,307,-24.41610948218164,0.26546191395316293,60,"reward chuan hoa, 4 town — MO HINH DUOC CHON"
PPO,ppo_v4,76800,Town04,time_limit,500,347.22399192115444,0.1904894287666097,32,"reward chuan hoa, 4 town — MO HINH DUOC CHON"
PPO,ppo_v4,76800,Town04,collision,42,-54.89013083889397,0.0362985909253569,19,"reward chuan hoa, 4 town — MO HINH DUOC CHON"
PPO,ppo_v4,77824,Town04,time_limit,500,336.86740967955353,0.23682228517646467,118,"reward chuan hoa, 4 town — MO HINH DUOC CHON"
PPO,ppo_v4,77824,Town04,time_limit,500,215.28011630306185,0.2276189343540066,108,"reward chuan hoa, 4 town — MO HINH DUOC CHON"
PPO,ppo_v4,77824,Town04,collision,375,163.12853792113367,0.332447341728174,66,"reward chuan hoa, 4 town — MO HINH DUOC CHON"
PPO,ppo_v4,78848,Town04,time_limit,500,345.5398680289651,0.28151770455888775,108,"reward chuan hoa, 4 town — MO HINH DUOC CHON"
PPO,ppo_v4,78848,Town04,time_limit,500,349.8633707466627,0.12150097349572231,0,"reward chuan hoa, 4 town — MO HINH DUOC CHON"
PPO,ppo_v4,79872,Town04,time_limit,500,322.00899762298053,0.23586237316483147,0,"reward chuan hoa, 4 town — MO HINH DUOC CHON"
PPO,ppo_v4,79872,Town04,time_limit,500,358.2273516850711,0.18266147969523347,156,"reward chuan hoa, 4 town — MO HINH DUOC CHON"
PPO,ppo_v4,80896,Town04,time_limit,500,329.85141993190837,0.3140584791850677,123,"reward chuan hoa, 4 town — MO HINH DUOC CHON"
PPO,ppo_v4,80896,Town04,time_limit,500,93.78313900500906,0.19592455272336895,397,"reward chuan hoa, 4 town — MO HINH DUOC CHON"
PPO,ppo_v4,81920,Town04,collision,205,54.265455577397276,0.27804395819678085,69,"reward chuan hoa, 4 town — MO HINH DUOC CHON"
PPO,ppo_v4,81920,Town04,time_limit,500,220.45205203697986,0.2675337788702248,78,"reward chuan hoa, 4 town — MO HINH DUOC CHON"
PPO,ppo_v4,82944,Town04,time_limit,500,367.33112528260324,0.17727744124143485,161,"reward chuan hoa, 4 town — MO HINH DUOC CHON"
PPO,ppo_v4,82944,Town04,time_limit,500,336.6401414303922,0.2256179510996558,0,"reward chuan hoa, 4 town — MO HINH DUOC CHON"
PPO,ppo_v4,83968,Town04,time_limit,500,352.6571098507747,0.2037140004185366,68,"reward chuan hoa, 4 town — MO HINH DUOC CHON"
PPO,ppo_v4,83968,Town04,off_lane,328,190.30167228596966,0.3712860994646105,82,"reward chuan hoa, 4 town — MO HINH DUOC CHON"
PPO,ppo_v4,83968,Town04,collision,277,112.38899061147671,0.21110855049764246,69,"reward chuan hoa, 4 town — MO HINH DUOC CHON"
PPO,ppo_v4,84992,Town04,time_limit,500,302.87644895285337,0.40188030895965116,109,"reward chuan hoa, 4 town — MO HINH DUOC CHON"
PPO,ppo_v4,84992,Town04,time_limit,500,367.5376599984201,0.12501936952853815,15,"reward chuan hoa, 4 town — MO HINH DUOC CHON"
PPO,ppo_v4,86016,Town04,time_limit,500,332.4626754626691,0.24330035599377534,71,"reward chuan hoa, 4 town — MO HINH DUOC CHON"
PPO,ppo_v4,86016,Town04,time_limit,500,363.5651109997199,0.23452676758839483,132,"reward chuan hoa, 4 town — MO HINH DUOC CHON"
PPO,ppo_v4,87040,Town04,time_limit,500,356.76255567712616,0.2032058525387184,76,"reward chuan hoa, 4 town — MO HINH DUOC CHON"
PPO,ppo_v4,87040,Town04,collision,54,-43.76381055826852,0.05822469932345679,6,"reward chuan hoa, 4 town — MO HINH DUOC CHON"
PPO,ppo_v4,87040,Town04,collision,416,117.35992753824466,0.21105612457703393,233,"reward chuan hoa, 4 town — MO HINH DUOC CHON"
PPO,ppo_v4,88064,Town01,time_limit,500,219.00747200175124,0.2286742208528067,19,"reward chuan hoa, 4 town — MO HINH DUOC CHON"
PPO,ppo_v4,88064,Town01,time_limit,500,280.85202891968055,0.24050184085915938,110,"reward chuan hoa, 4 town — MO HINH DUOC CHON"
PPO,ppo_v4,88064,Town01,time_limit,500,308.34782607623964,0.28250031884919197,54,"reward chuan hoa, 4 town — MO HINH DUOC CHON"
PPO,ppo_v4,89088,Town01,time_limit,500,350.9437200907777,0.2363052425358406,34,"reward chuan hoa, 4 town — MO HINH DUOC CHON"
PPO,ppo_v4,89088,Town01,collision,120,0.7641594625435459,0.18144241676828574,10,"reward chuan hoa, 4 town — MO HINH DUOC CHON"
PPO,ppo_v4,89088,Town01,collision,339,95.70708396548542,0.35518536306130033,126,"reward chuan hoa, 4 town — MO HINH DUOC CHON"
PPO,ppo_v4,90112,Town01,time_limit,500,248.77002980242975,0.20395052809983105,18,"reward chuan hoa, 4 town — MO HINH DUOC CHON"
PPO,ppo_v4,90112,Town01,time_limit,500,310.2226573140939,0.20664089653253911,59,"reward chuan hoa, 4 town — MO HINH DUOC CHON"
PPO,ppo_v4,91136,Town01,collision,360,70.6257279057575,0.1515756785648682,206,"reward chuan hoa, 4 town — MO HINH DUOC CHON"
PPO,ppo_v4,91136,Town01,time_limit,500,291.5908457903494,0.2705694496787539,80,"reward chuan hoa, 4 town — MO HINH DUOC CHON"
PPO,ppo_v4,92160,Town01,time_limit,500,280.38237604146013,0.19271531639782943,165,"reward chuan hoa, 4 town — MO HINH DUOC CHON"
PPO,ppo_v4,92160,Town01,collision,205,69.77338073016129,0.1756837099025604,19,"reward chuan hoa, 4 town — MO HINH DUOC CHON"
PPO,ppo_v4,92160,Town01,collision,147,17.435558003128705,0.28987724769794615,25,"reward chuan hoa, 4 town — MO HINH DUOC CHON"
PPO,ppo_v4,92160,Town01,collision,92,-30.44273817323773,0.20057574403092487,26,"reward chuan hoa, 4 town — MO HINH DUOC CHON"
PPO,ppo_v4,93184,Town01,time_limit,500,201.50386210735937,0.1726468179541416,231,"reward chuan hoa, 4 town — MO HINH DUOC CHON"
PPO,ppo_v4,93184,Town01,time_limit,500,266.7837103258178,0.22701482706707107,35,"reward chuan hoa, 4 town — MO HINH DUOC CHON"
PPO,ppo_v4,94208,Town01,time_limit,500,333.3713791849099,0.23815972906953184,45,"reward chuan hoa, 4 town — MO HINH DUOC CHON"
PPO,ppo_v4,94208,Town01,time_limit,500,358.917096002975,0.18528718882229123,50,"reward chuan hoa, 4 town — MO HINH DUOC CHON"
PPO,ppo_v4,95232,Town01,time_limit,500,374.1668930522895,0.20692376789260417,62,"reward chuan hoa, 4 town — MO HINH DUOC CHON"
PPO,ppo_v4,95232,Town01,time_limit,500,343.9120669082378,0.18612502688404153,65,"reward chuan hoa, 4 town — MO HINH DUOC CHON"
PPO,ppo_v4,96256,Town01,time_limit,500,364.44076600567416,0.21943556043173137,60,"reward chuan hoa, 4 town — MO HINH DUOC CHON"
PPO,ppo_v4,96256,Town01,time_limit,500,388.05817613485254,0.18281957804759477,47,"reward chuan hoa, 4 town — MO HINH DUOC CHON"
PPO,ppo_v4,97280,Town01,time_limit,500,310.3207912399939,0.3183201281572905,34,"reward chuan hoa, 4 town — MO HINH DUOC CHON"
PPO,ppo_v4,97280,Town01,time_limit,500,368.56048863989287,0.22078757946936148,90,"reward chuan hoa, 4 town — MO HINH DUOC CHON"
PPO,ppo_v4,97280,Town01,collision,240,97.89598802946911,0.21793709881022405,56,"reward chuan hoa, 4 town — MO HINH DUOC CHON"
PPO,ppo_v4,98304,Town02,time_limit,500,275.7368067424707,0.21975045259936055,154,"reward chuan hoa, 4 town — MO HINH DUOC CHON"
PPO,ppo_v4,98304,Town02,time_limit,500,250.1341204210632,0.19897765833508563,37,"reward chuan hoa, 4 town — MO HINH DUOC CHON"
PPO,ppo_v4,98304,Town02,collision,49,-61.71146149962363,0.6912545448494423,13,"reward chuan hoa, 4 town — MO HINH DUOC CHON"
PPO,ppo_v4,99328,Town02,time_limit,500,267.32000037892567,0.213872548365951,177,"reward chuan hoa, 4 town — MO HINH DUOC CHON"
PPO,ppo_v4,99328,Town02,time_limit,500,221.30606218714215,0.18194467013066618,207,"reward chuan hoa, 4 town — MO HINH DUOC CHON"
PPO,ppo_v4,100352,Town02,time_limit,500,355.514823162306,0.2576059446029715,41,"reward chuan hoa, 4 town — MO HINH DUOC CHON"
PPO,ppo_v4,100352,Town02,time_limit,500,319.0278908172423,0.31390153404533544,42,"reward chuan hoa, 4 town — MO HINH DUOC CHON"
PPO,ppo_v4,101376,Town02,time_limit,500,243.3596355367629,0.30092931508016074,47,"reward chuan hoa, 4 town — MO HINH DUOC CHON"
PPO,ppo_v4,101376,Town02,collision,185,11.642286638813758,0.30549224406244757,44,"reward chuan hoa, 4 town — MO HINH DUOC CHON"
PPO,ppo_v4,101376,Town02,time_limit,500,263.9132776588142,0.16438035742010892,47,"reward chuan hoa, 4 town — MO HINH DUOC CHON"
PPO,ppo_v4,102400,Town02,collision,165,-77.16424005817346,0.18982600964483803,16,"reward chuan hoa, 4 town — MO HINH DUOC CHON"
PPO,ppo_v4,102400,Town02,time_limit,500,165.4839686153213,0.19236120508090745,31,"reward chuan hoa, 4 town — MO HINH DUOC CHON"
PPO,ppo_v4,103424,Town02,time_limit,500,257.219517657763,0.3024612333010026,68,"reward chuan hoa, 4 town — MO HINH DUOC CHON"
PPO,ppo_v4,103424,Town02,time_limit,500,311.32270955298634,0.21820194509299343,33,"reward chuan hoa, 4 town — MO HINH DUOC CHON"
PPO,ppo_v4,104448,Town02,time_limit,500,365.65710167945315,0.18732093530611085,46,"reward chuan hoa, 4 town — MO HINH DUOC CHON"
PPO,ppo_v4,104448,Town02,time_limit,500,351.56146132595137,0.2574162102744386,37,"reward chuan hoa, 4 town — MO HINH DUOC CHON"
PPO,ppo_v4,104448,Town02,collision,444,163.6746788291291,0.19337204944905995,27,"reward chuan hoa, 4 town — MO HINH DUOC CHON"
PPO,ppo_v4,105472,Town02,time_limit,500,234.24154077156908,0.1671396868064791,192,"reward chuan hoa, 4 town — MO HINH DUOC CHON"
PPO,ppo_v4,105472,Town02,time_limit,500,153.50078544153192,0.18600460844923067,153,"reward chuan hoa, 4 town — MO HINH DUOC CHON"
PPO,ppo_v4,106496,Town02,time_limit,500,373.6904841499272,0.19898087464990002,46,"reward chuan hoa, 4 town — MO HINH DUOC CHON"
PPO,ppo_v4,106496,Town02,time_limit,500,270.43643891933533,0.20878063192022317,63,"reward chuan hoa, 4 town — MO HINH DUOC CHON"
PPO,ppo_v4,107520,Town02,time_limit,500,248.8825822464242,0.20306464371180868,42,"reward chuan hoa, 4 town — MO HINH DUOC CHON"
PPO,ppo_v4,107520,Town02,collision,45,-56.24991285010305,0.2820047441439191,8,"reward chuan hoa, 4 town — MO HINH DUOC CHON"
PPO,ppo_v4,107520,Town02,time_limit,500,189.69454956737076,0.20535266725163182,265,"reward chuan hoa, 4 town — MO HINH DUOC CHON"
PPO,ppo_v4,108544,Town02,time_limit,500,317.90871960161303,0.16215770849142422,41,"reward chuan hoa, 4 town — MO HINH DUOC CHON"
PPO,ppo_v4,108544,Town03,off_lane,296,104.85286757306939,0.30126299112564353,69,"reward chuan hoa, 4 town — MO HINH DUOC CHON"
PPO,ppo_v4,108544,Town03,off_lane,289,169.15166797806322,0.20727048074686677,45,"reward chuan hoa, 4 town — MO HINH DUOC CHON"
PPO,ppo_v4,109568,Town03,off_lane,127,51.68699259496688,0.9704593818804546,80,"reward chuan hoa, 4 town — MO HINH DUOC CHON"
PPO,ppo_v4,109568,Town03,collision,49,-54.14802442780439,0.42846374552375316,19,"reward chuan hoa, 4 town — MO HINH DUOC CHON"
PPO,ppo_v4,109568,Town03,time_limit,500,76.9130629368692,0.34943449385862096,91,"reward chuan hoa, 4 town — MO HINH DUOC CHON"
PPO,ppo_v4,109568,Town03,off_lane,81,18.137148055206374,1.190614504923802,55,"reward chuan hoa, 4 town — MO HINH DUOC CHON"
PPO,ppo_v4,110592,Town03,off_lane,333,122.73507095789904,0.2963516893483946,134,"reward chuan hoa, 4 town — MO HINH DUOC CHON"
PPO,ppo_v4,110592,Town03,off_lane,124,40.632081714905325,0.6022132908049247,41,"reward chuan hoa, 4 town — MO HINH DUOC CHON"
PPO,ppo_v4,110592,Town03,off_lane,298,135.77736814586834,0.4423035363612632,114,"reward chuan hoa, 4 town — MO HINH DUOC CHON"
PPO,ppo_v4,110592,Town03,off_lane,151,-15.368466884777401,0.47812733748864317,24,"reward chuan hoa, 4 town — MO HINH DUOC CHON"
PPO,ppo_v4,111616,Town03,time_limit,500,126.27135144692495,0.21644700089963778,209,"reward chuan hoa, 4 town — MO HINH DUOC CHON"
PPO,ppo_v4,111616,Town03,collision,358,142.11766566443396,0.29712917040313774,134,"reward chuan hoa, 4 town — MO HINH DUOC CHON"
PPO,ppo_v4,111616,Town03,off_lane,261,66.37659214953624,0.3924916817747895,35,"reward chuan hoa, 4 town — MO HINH DUOC CHON"
PPO,ppo_v4,112640,Town03,off_lane,367,88.19333960407094,0.32873942006266016,74,"reward chuan hoa, 4 town — MO HINH DUOC CHON"
PPO,ppo_v4,112640,Town03,off_lane,410,42.63356547849087,0.3244670009201224,92,"reward chuan hoa, 4 town — MO HINH DUOC CHON"
PPO,ppo_v4,112640,Town03,off_lane,289,132.09385085878984,0.2768457991764231,64,"reward chuan hoa, 4 town — MO HINH DUOC CHON"
PPO,ppo_v4,113664,Town03,off_lane,416,136.87791448338197,0.17894463643626032,61,"reward chuan hoa, 4 town — MO HINH DUOC CHON"
PPO,ppo_v4,113664,Town03,off_lane,60,7.581246159622641,0.8379749398206758,23,"reward chuan hoa, 4 town — MO HINH DUOC CHON"
PPO,ppo_v4,113664,Town03,off_lane,87,19.75626207168199,0.7268656514039178,42,"reward chuan hoa, 4 town — MO HINH DUOC CHON"
PPO,ppo_v4,113664,Town03,time_limit,500,147.4669982350889,0.18661391215207462,165,"reward chuan hoa, 4 town — MO HINH DUOC CHON"
PPO,ppo_v4,114688,Town03,off_lane,296,166.3338134948036,0.2938760170762308,79,"reward chuan hoa, 4 town — MO HINH DUOC CHON"
PPO,ppo_v4,114688,Town03,off_lane,485,190.66363751929896,0.3449417508013914,253,"reward chuan hoa, 4 town — MO HINH DUOC CHON"
PPO,ppo_v4,114688,Town03,off_lane,291,144.04926530154577,0.37143171065323227,61,"reward chuan hoa, 4 town — MO HINH DUOC CHON"
PPO,ppo_v4,115712,Town03,off_lane,424,284.4558351174002,0.24660891030204024,90,"reward chuan hoa, 4 town — MO HINH DUOC CHON"
PPO,ppo_v4,115712,Town03,off_lane,69,3.7325438114297684,0.8032012949619842,20,"reward chuan hoa, 4 town — MO HINH DUOC CHON"
PPO,ppo_v4,115712,Town04,off_lane,183,82.49912232372726,0.4325493186626347,51,"reward chuan hoa, 4 town — MO HINH DUOC CHON"
PPO,ppo_v4,115712,Town04,collision,490,246.09229780948897,0.30347573170513864,122,"reward chuan hoa, 4 town — MO HINH DUOC CHON"
PPO,ppo_v4,116736,Town04,time_limit,500,363.02986399907655,0.2004004069649454,108,"reward chuan hoa, 4 town — MO HINH DUOC CHON"
PPO,ppo_v4,116736,Town04,collision,255,101.37335979050094,0.22296784165781885,57,"reward chuan hoa, 4 town — MO HINH DUOC CHON"
PPO,ppo_v4,117760,Town04,time_limit,500,350.3171886914373,0.24344249895648862,168,"reward chuan hoa, 4 town — MO HINH DUOC CHON"
PPO,ppo_v4,117760,Town04,time_limit,500,380.60390667607027,0.16342109764628246,99,"reward chuan hoa, 4 town — MO HINH DUOC CHON"
PPO,ppo_v4,118784,Town04,time_limit,500,367.52319885267,0.1760489033864355,103,"reward chuan hoa, 4 town — MO HINH DUOC CHON"
PPO,ppo_v4,118784,Town04,time_limit,500,369.9605326359523,0.16338934566436342,58,"reward chuan hoa, 4 town — MO HINH DUOC CHON"
PPO,ppo_v4,118784,Town04,collision,324,165.64205447620205,0.11419123380911726,64,"reward chuan hoa, 4 town — MO HINH DUOC CHON"
PPO,ppo_v4,119808,Town04,time_limit,500,339.7542619522913,0.317942863080492,149,"reward chuan hoa, 4 town — MO HINH DUOC CHON"
PPO,ppo_v4,119808,Town04,collision,244,85.96860723185794,0.1793228197603728,27,"reward chuan hoa, 4 town — MO HINH DUOC CHON"
PPO,ppo_v4,120832,Town04,time_limit,500,353.00563067418983,0.2386791347018803,90,"reward chuan hoa, 4 town — MO HINH DUOC CHON"
PPO,ppo_v4,120832,Town04,time_limit,500,369.34852153946747,0.1631349307753109,172,"reward chuan hoa, 4 town — MO HINH DUOC CHON"
PPO,ppo_v4,121856,Town04,time_limit,500,273.73171233445737,0.16995572524915645,180,"reward chuan hoa, 4 town — MO HINH DUOC CHON"
PPO,ppo_v4,121856,Town04,collision,138,-2.8595741164156294,0.41815306273536124,47,"reward chuan hoa, 4 town — MO HINH DUOC CHON"
PPO,ppo_v4,121856,Town04,time_limit,500,369.265033222939,0.20086129101356442,115,"reward chuan hoa, 4 town — MO HINH DUOC CHON"
PPO,ppo_v4,122880,Town04,time_limit,500,357.9404091020284,0.1527386734783931,82,"reward chuan hoa, 4 town — MO HINH DUOC CHON"
PPO,ppo_v4,122880,Town04,collision,127,1.0485985447212016,0.311475256602517,46,"reward chuan hoa, 4 town — MO HINH DUOC CHON"
PPO,ppo_v4,122880,Town04,time_limit,500,378.5405353255119,0.19881557250529674,150,"reward chuan hoa, 4 town — MO HINH DUOC CHON"
PPO,ppo_v4,123904,Town04,time_limit,500,87.75373389424027,0.17415546959358927,81,"reward chuan hoa, 4 town — MO HINH DUOC CHON"
PPO,ppo_v4,123904,Town04,collision,169,32.83834976208894,0.15385566310689616,22,"reward chuan hoa, 4 town — MO HINH DUOC CHON"
PPO,ppo_v4,124928,Town04,time_limit,500,345.1988546085903,0.22917588051173307,76,"reward chuan hoa, 4 town — MO HINH DUOC CHON"
PPO,ppo_v4,124928,Town04,collision,62,-46.67241631742122,0.2658222621055379,7,"reward chuan hoa, 4 town — MO HINH DUOC CHON"
PPO,ppo_v4,124928,Town04,time_limit,500,354.81112189152134,0.20495297336042684,148,"reward chuan hoa, 4 town — MO HINH DUOC CHON"
PPO,ppo_v4,124928,Town04,collision,159,24.650786388617533,0.2088758604303823,60,"reward chuan hoa, 4 town — MO HINH DUOC CHON"
PPO,ppo_v4,125952,Town01,time_limit,500,239.28127457954776,0.23621832356349542,69,"reward chuan hoa, 4 town — MO HINH DUOC CHON"
PPO,ppo_v4,125952,Town01,time_limit,500,320.5833464883084,0.2407583346571607,46,"reward chuan hoa, 4 town — MO HINH DUOC CHON"
PPO,ppo_v4,126976,Town01,time_limit,500,198.557533232635,0.37373579468764934,78,"reward chuan hoa, 4 town — MO HINH DUOC CHON"
PPO,ppo_v4,126976,Town01,time_limit,500,371.3543346145127,0.16473124884738075,29,"reward chuan hoa, 4 town — MO HINH DUOC CHON"
PPO,ppo_v4,128000,Town01,time_limit,500,370.7044420062318,0.19942558704719177,55,"reward chuan hoa, 4 town — MO HINH DUOC CHON"
PPO,ppo_v4,128000,Town01,time_limit,500,341.5024964136998,0.22143339787311922,49,"reward chuan hoa, 4 town — MO HINH DUOC CHON"
PPO,ppo_v4,129024,Town01,time_limit,500,341.6007399479605,0.22775119342465064,35,"reward chuan hoa, 4 town — MO HINH DUOC CHON"
PPO,ppo_v4,129024,Town01,time_limit,500,377.5202797979438,0.23100693576807127,39,"reward chuan hoa, 4 town — MO HINH DUOC CHON"
PPO,ppo_v4,130048,Town01,time_limit,500,374.9262342433401,0.2130847348101164,57,"reward chuan hoa, 4 town — MO HINH DUOC CHON"
PPO,ppo_v4,130048,Town01,time_limit,500,390.0122574502185,0.18156424910717014,50,"reward chuan hoa, 4 town — MO HINH DUOC CHON"
PPO,ppo_v4,131072,Town01,time_limit,500,341.68262735403243,0.20102535725903523,36,"reward chuan hoa, 4 town — MO HINH DUOC CHON"
PPO,ppo_v4,131072,Town01,collision,170,44.406331750751136,0.21425720866579362,25,"reward chuan hoa, 4 town — MO HINH DUOC CHON"
PPO,ppo_v4,131072,Town01,time_limit,500,366.282658207077,0.25529393195398814,52,"reward chuan hoa, 4 town — MO HINH DUOC CHON"
PPO,ppo_v4,131072,Town01,collision,64,-38.129938085722756,0.14826231849571075,12,"reward chuan hoa, 4 town — MO HINH DUOC CHON"
PPO,ppo_v4,132096,Town01,time_limit,500,388.43800037276344,0.19489119624428863,35,"reward chuan hoa, 4 town — MO HINH DUOC CHON"
PPO,ppo_v4,132096,Town01,time_limit,500,353.1706155119995,0.2795994707637855,55,"reward chuan hoa, 4 town — MO HINH DUOC CHON"
PPO,ppo_v4,133120,Town01,time_limit,500,352.80246083381473,0.2874568441169681,58,"reward chuan hoa, 4 town — MO HINH DUOC CHON"
PPO,ppo_v4,133120,Town01,time_limit,500,382.87574094839783,0.20677894708185704,54,"reward chuan hoa, 4 town — MO HINH DUOC CHON"
PPO,ppo_v4,134144,Town01,collision,241,62.93088597013647,0.3663300609293813,47,"reward chuan hoa, 4 town — MO HINH DUOC CHON"
PPO,ppo_v4,134144,Town01,time_limit,500,384.023453397477,0.22545520578916675,50,"reward chuan hoa, 4 town — MO HINH DUOC CHON"
PPO,ppo_v4,134144,Town01,time_limit,500,71.39368498887137,0.5189964196782725,29,"reward chuan hoa, 4 town — MO HINH DUOC CHON"
PPO,ppo_v4,135168,Town01,time_limit,500,390.94771678179944,0.1768611894685936,42,"reward chuan hoa, 4 town — MO HINH DUOC CHON"
PPO,ppo_v4,135168,Town01,time_limit,500,368.46734544677446,0.22525674353973846,69,"reward chuan hoa, 4 town — MO HINH DUOC CHON"
PPO,ppo_v4,136192,Town01,time_limit,500,374.83397623573586,0.19922732216842892,26,"reward chuan hoa, 4 town — MO HINH DUOC CHON"
PPO,ppo_v4,136192,Town01,time_limit,500,380.21666481413035,0.19656323281064675,38,"reward chuan hoa, 4 town — MO HINH DUOC CHON"
PPO,ppo_v4,137216,Town02,time_limit,500,380.99235142404456,0.2052068761330969,54,"reward chuan hoa, 4 town — MO HINH DUOC CHON"
PPO,ppo_v4,137216,Town02,time_limit,500,185.7514553367347,0.44154754980779193,43,"reward chuan hoa, 4 town — MO HINH DUOC CHON"
PPO,ppo_v4,138240,Town02,time_limit,500,370.0363448573151,0.2342012282079101,44,"reward chuan hoa, 4 town — MO HINH DUOC CHON"
PPO,ppo_v4,138240,Town02,time_limit,500,366.3873934511823,0.24581118064101373,48,"reward chuan hoa, 4 town — MO HINH DUOC CHON"
PPO,ppo_v4,139264,Town02,time_limit,500,343.93760109348386,0.2907950887038433,70,"reward chuan hoa, 4 town — MO HINH DUOC CHON"
PPO,ppo_v4,139264,Town02,time_limit,500,342.6027310582499,0.23751514708639393,43,"reward chuan hoa, 4 town — MO HINH DUOC CHON"
PPO,ppo_v4,140288,Town02,time_limit,500,375.5761155154468,0.22639641622652898,55,"reward chuan hoa, 4 town — MO HINH DUOC CHON"
PPO,ppo_v4,140288,Town02,collision,84,-27.96378289827475,0.19285430713429516,0,"reward chuan hoa, 4 town — MO HINH DUOC CHON"
PPO,ppo_v4,140288,Town02,collision,321,135.60899384004256,0.2748045231860071,32,"reward chuan hoa, 4 town — MO HINH DUOC CHON"
PPO,ppo_v4,141312,Town02,time_limit,500,357.7400388049922,0.24853477290136758,39,"reward chuan hoa, 4 town — MO HINH DUOC CHON"
PPO,ppo_v4,141312,Town02,time_limit,500,391.6104200875091,0.1489901007097914,48,"reward chuan hoa, 4 town — MO HINH DUOC CHON"
PPO,ppo_v4,142336,Town02,time_limit,500,379.57161859250743,0.19183249414746684,39,"reward chuan hoa, 4 town — MO HINH DUOC CHON"
PPO,ppo_v4,142336,Town02,time_limit,500,369.9945821116216,0.23532401230689304,60,"reward chuan hoa, 4 town — MO HINH DUOC CHON"
PPO,ppo_v4,143360,Town02,time_limit,500,330.6774930941229,0.27325781183203224,35,"reward chuan hoa, 4 town — MO HINH DUOC CHON"
PPO,ppo_v4,143360,Town02,time_limit,500,384.5480016880375,0.20154449120892645,43,"reward chuan hoa, 4 town — MO HINH DUOC CHON"
PPO,ppo_v4,144384,Town02,time_limit,500,379.62057012748,0.2142180103854311,50,"reward chuan hoa, 4 town — MO HINH DUOC CHON"
PPO,ppo_v4,144384,Town02,collision,414,202.72284965020103,0.22647144620512127,43,"reward chuan hoa, 4 town — MO HINH DUOC CHON"
PPO,ppo_v4,145408,Town02,time_limit,500,331.3772102178982,0.2929480745422852,64,"reward chuan hoa, 4 town — MO HINH DUOC CHON"
PPO,ppo_v4,145408,Town02,time_limit,500,379.1141731231468,0.20391793532423264,39,"reward chuan hoa, 4 town — MO HINH DUOC CHON"
PPO,ppo_v4,146432,Town02,time_limit,500,374.13633597360797,0.20829869158816885,42,"reward chuan hoa, 4 town — MO HINH DUOC CHON"
PPO,ppo_v4,146432,Town02,collision,115,8.115003439708758,0.14655332425880302,30,"reward chuan hoa, 4 town — MO HINH DUOC CHON"
PPO,ppo_v4,146432,Town02,time_limit,500,249.206901648082,0.21254848319954903,42,"reward chuan hoa, 4 town — MO HINH DUOC CHON"
PPO,ppo_v4,147456,Town02,time_limit,500,369.4364705760261,0.21511299969824704,47,"reward chuan hoa, 4 town — MO HINH DUOC CHON"
PPO,ppo_v4,147456,Town02,time_limit,500,367.2359553847522,0.22283154847754397,42,"reward chuan hoa, 4 town — MO HINH DUOC CHON"
PPO,ppo_v4,148480,Town02,time_limit,500,340.1753204473903,0.24327146570264646,60,"reward chuan hoa, 4 town — MO HINH DUOC CHON"
PPO,ppo_v4,148480,Town03,off_lane,62,10.506688177084587,0.8032843181657547,26,"reward chuan hoa, 4 town — MO HINH DUOC CHON"
PPO,ppo_v4,148480,Town03,off_lane,252,65.4680701219177,0.3817733172901659,36,"reward chuan hoa, 4 town — MO HINH DUOC CHON"
PPO,ppo_v4,148480,Town03,off_lane,93,24.737587059083115,0.8637752674369044,47,"reward chuan hoa, 4 town — MO HINH DUOC CHON"
PPO,ppo_v4,148480,Town03,off_lane,162,53.37021604736255,0.6138179651028088,74,"reward chuan hoa, 4 town — MO HINH DUOC CHON"
PPO,ppo_v4,148480,Town03,collision,146,-22.095557093704926,0.16152111807652386,53,"reward chuan hoa, 4 town — MO HINH DUOC CHON"
PPO,ppo_v4,148480,Town03,off_lane,168,32.52014801011723,0.5662926799454575,52,"reward chuan hoa, 4 town — MO HINH DUOC CHON"
PPO,ppo_v4,149504,Town03,time_limit,500,186.60899789757147,0.15657837637588726,93,"reward chuan hoa, 4 town — MO HINH DUOC CHON"
PPO,ppo_v4,149504,Town03,collision,241,70.08373551366758,0.18212617174404777,84,"reward chuan hoa, 4 town — MO HINH DUOC CHON"
PPO,ppo_v4,150528,Town03,time_limit,500,298.52682397389765,0.2571575981189891,214,"reward chuan hoa, 4 town — MO HINH DUOC CHON"
PPO,ppo_v4,150528,Town03,time_limit,500,266.1026513088929,0.259559088964553,162,"reward chuan hoa, 4 town — MO HINH DUOC CHON"
PPO,ppo_v4,151552,Town03,time_limit,500,268.38575569598333,0.24759891705589854,258,"reward chuan hoa, 4 town — MO HINH DUOC CHON"
PPO,ppo_v4,151552,Town03,collision,163,44.726587727245146,0.21614468673242646,126,"reward chuan hoa, 4 town — MO HINH DUOC CHON"
PPO,ppo_v4,151552,Town03,off_lane,61,10.03051492083092,0.8766403583259567,24,"reward chuan hoa, 4 town — MO HINH DUOC CHON"
PPO,ppo_v4,151552,Town03,off_lane,490,212.55347651052662,0.28963002777458974,138,"reward chuan hoa, 4 town — MO HINH DUOC CHON"
PPO,ppo_v4,152576,Town03,off_lane,408,-19.852362644125023,0.24313030873652788,52,"reward chuan hoa, 4 town — MO HINH DUOC CHON"
PPO,ppo_v4,152576,Town03,off_lane,279,76.11643820981692,0.5542382153597989,80,"reward chuan hoa, 4 town — MO HINH DUOC CHON"
PPO,ppo_v4,153600,Town03,time_limit,500,247.35242082503683,0.24555780006680353,190,"reward chuan hoa, 4 town — MO HINH DUOC CHON"
PPO,ppo_v4,153600,Town03,off_lane,118,58.38432004228328,0.567916742783339,50,"reward chuan hoa, 4 town — MO HINH DUOC CHON"
PPO,ppo_v4,153600,Town03,time_limit,500,242.86245742025648,0.15581183571281018,221,"reward chuan hoa, 4 town — MO HINH DUOC CHON"
PPO,ppo_v4,153600,Town03,off_lane,324,212.17601112115432,0.22581637344591002,73,"reward chuan hoa, 4 town — MO HINH DUOC CHON"
PPO,ppo_v4,154624,Town03,off_lane,93,27.338150107472963,0.7350577528849183,37,"reward chuan hoa, 4 town — MO HINH DUOC CHON"
PPO,ppo_v4,154624,Town03,collision,304,-9.63614504262506,0.668080345236553,90,"reward chuan hoa, 4 town — MO HINH DUOC CHON"
PPO,ppo_v4,154624,Town03,off_lane,118,38.73183942510575,0.7075365031983102,33,"reward chuan hoa, 4 town — MO HINH DUOC CHON"
PPO,ppo_v4,154624,Town03,off_lane,440,291.5736526276737,0.2823606833030406,133,"reward chuan hoa, 4 town — MO HINH DUOC CHON"
PPO,ppo_v4,154624,Town03,off_lane,61,3.009408693163169,1.027018752473578,24,"reward chuan hoa, 4 town — MO HINH DUOC CHON"
PPO,ppo_v4,155648,Town04,time_limit,500,365.7155865078074,0.22235496991059425,176,"reward chuan hoa, 4 town — MO HINH DUOC CHON"
PPO,ppo_v4,155648,Town04,collision,295,117.07112076369022,0.21192132542574413,80,"reward chuan hoa, 4 town — MO HINH DUOC CHON"
PPO,ppo_v4,156672,Town04,time_limit,500,367.9593074133482,0.12309173980547666,111,"reward chuan hoa, 4 town — MO HINH DUOC CHON"
PPO,ppo_v4,156672,Town04,collision,168,4.841526844725877,0.3342119179690109,33,"reward chuan hoa, 4 town — MO HINH DUOC CHON"
PPO,ppo_v4,156672,Town04,time_limit,500,362.7206220373081,0.228306640989116,141,"reward chuan hoa, 4 town — MO HINH DUOC CHON"
PPO,ppo_v4,157696,Town04,time_limit,500,380.0676163612742,0.14784695326419703,64,"reward chuan hoa, 4 town — MO HINH DUOC CHON"
PPO,ppo_v4,157696,Town04,time_limit,500,387.17760048672466,0.14308433801693726,180,"reward chuan hoa, 4 town — MO HINH DUOC CHON"
PPO,ppo_v4,158720,Town04,time_limit,500,300.14165736456357,0.33396438880635815,25,"reward chuan hoa, 4 town — MO HINH DUOC CHON"
PPO,ppo_v4,158720,Town04,time_limit,500,374.0747037042934,0.20741414200995387,143,"reward chuan hoa, 4 town — MO HINH DUOC CHON"
PPO,ppo_v4,158720,Town04,collision,96,-20.39547377205657,0.2779465912797684,25,"reward chuan hoa, 4 town — MO HINH DUOC CHON"
PPO,ppo_v4,159744,Town04,time_limit,500,374.33768716990227,0.15735186898711953,84,"reward chuan hoa, 4 town — MO HINH DUOC CHON"
PPO,ppo_v4,159744,Town04,time_limit,500,45.30539924309816,0.5309907926671649,168,"reward chuan hoa, 4 town — MO HINH DUOC CHON"
PPO,ppo_v4,159744,Town04,collision,83,-39.255465286810534,0.3180895946526083,12,"reward chuan hoa, 4 town — MO HINH DUOC CHON"
PPO,ppo_v4,160768,Town04,collision,160,36.701897024006286,0.1745270265356819,40,"reward chuan hoa, 4 town — MO HINH DUOC CHON"
PPO,ppo_v4,160768,Town04,off_lane,409,259.35567131356026,0.2669524110970348,117,"reward chuan hoa, 4 town — MO HINH DUOC CHON"
PPO,ppo_v4,160768,Town04,time_limit,500,372.3875232402317,0.17302883062566357,32,"reward chuan hoa, 4 town — MO HINH DUOC CHON"
PPO,ppo_v4,161792,Town04,collision,82,-27.180277377532676,0.2913424886375632,69,"reward chuan hoa, 4 town — MO HINH DUOC CHON"
PPO,ppo_v4,161792,Town04,time_limit,500,364.64050803726894,0.23850802261176104,89,"reward chuan hoa, 4 town — MO HINH DUOC CHON"
PPO,ppo_v4,162816,Town04,time_limit,500,372.6741515222949,0.21373627796329647,117,"reward chuan hoa, 4 town — MO HINH DUOC CHON"
PPO,ppo_v4,162816,Town04,time_limit,500,379.3861813921307,0.18014038337558178,139,"reward chuan hoa, 4 town — MO HINH DUOC CHON"
PPO,ppo_v4,163840,Town04,time_limit,500,385.9573832832498,0.18994898060175008,95,"reward chuan hoa, 4 town — MO HINH DUOC CHON"
PPO,ppo_v4,163840,Town04,collision,148,-12.99738897563816,0.5783481251451918,33,"reward chuan hoa, 4 town — MO HINH DUOC CHON"
PPO,ppo_v4,163840,Town04,time_limit,500,371.3193554740989,0.17823908646671655,133,"reward chuan hoa, 4 town — MO HINH DUOC CHON"
PPO,ppo_v4,164864,Town04,time_limit,500,359.7170810456614,0.21302237712432623,101,"reward chuan hoa, 4 town — MO HINH DUOC CHON"
PPO,ppo_v4,164864,Town04,collision,107,-13.20557507423377,0.24575958857649685,21,"reward chuan hoa, 4 town — MO HINH DUOC CHON"
PPO,ppo_v4,164864,Town01,time_limit,500,399.3648193152262,0.1671537151421213,24,"reward chuan hoa, 4 town — MO HINH DUOC CHON"
PPO,ppo_v4,165888,Town01,time_limit,500,377.051319589355,0.19929322899608085,27,"reward chuan hoa, 4 town — MO HINH DUOC CHON"
PPO,ppo_v4,165888,Town01,time_limit,500,380.3007108393009,0.20504490964199157,69,"reward chuan hoa, 4 town — MO HINH DUOC CHON"
PPO,ppo_v4,166912,Town01,time_limit,500,378.87010477002235,0.25100426569315093,63,"reward chuan hoa, 4 town — MO HINH DUOC CHON"
PPO,ppo_v4,166912,Town01,collision,45,-56.709479271592635,0.35178031126641085,8,"reward chuan hoa, 4 town — MO HINH DUOC CHON"
PPO,ppo_v4,166912,Town01,time_limit,500,359.8958837968798,0.16798491375390723,37,"reward chuan hoa, 4 town — MO HINH DUOC CHON"
PPO,ppo_v4,167936,Town01,time_limit,500,381.9127588652752,0.2302927940021647,76,"reward chuan hoa, 4 town — MO HINH DUOC CHON"
PPO,ppo_v4,167936,Town01,collision,110,4.84701899770063,0.15125224513638,19,"reward chuan hoa, 4 town — MO HINH DUOC CHON"
PPO,ppo_v4,167936,Town01,time_limit,500,364.2084945373523,0.2736172580665365,43,"reward chuan hoa, 4 town — MO HINH DUOC CHON"
PPO,ppo_v4,168960,Town01,time_limit,500,395.85633559386514,0.20550730058748778,48,"reward chuan hoa, 4 town — MO HINH DUOC CHON"
PPO,ppo_v4,168960,Town01,time_limit,500,370.13651535480494,0.2516490848470791,74,"reward chuan hoa, 4 town — MO HINH DUOC CHON"
PPO,ppo_v4,168960,Town01,collision,186,-71.10571094290003,0.0767206392242641,11,"reward chuan hoa, 4 town — MO HINH DUOC CHON"
PPO,ppo_v4,169984,Town01,time_limit,500,384.95415601490663,0.19760828581968926,40,"reward chuan hoa, 4 town — MO HINH DUOC CHON"
PPO,ppo_v4,169984,Town01,time_limit,500,373.5604619010564,0.2535066992684476,82,"reward chuan hoa, 4 town — MO HINH DUOC CHON"
PPO,ppo_v4,171008,Town01,time_limit,500,383.1130538316828,0.24296730610659473,79,"reward chuan hoa, 4 town — MO HINH DUOC CHON"
PPO,ppo_v4,171008,Town01,time_limit,500,375.94918927891104,0.23949873569661792,50,"reward chuan hoa, 4 town — MO HINH DUOC CHON"
PPO,ppo_v4,172032,Town01,time_limit,500,382.670169955851,0.22674981939110983,37,"reward chuan hoa, 4 town — MO HINH DUOC CHON"
PPO,ppo_v4,172032,Town01,time_limit,500,344.50411708507323,0.28348319160353713,50,"reward chuan hoa, 4 town — MO HINH DUOC CHON"
PPO,ppo_v4,173056,Town01,time_limit,500,367.8335983544714,0.2536985640204625,31,"reward chuan hoa, 4 town — MO HINH DUOC CHON"
PPO,ppo_v4,173056,Town01,time_limit,500,377.5330750918404,0.24645715588324782,62,"reward chuan hoa, 4 town — MO HINH DUOC CHON"
PPO,ppo_v4,174080,Town01,time_limit,500,375.2408898130234,0.23967849191918988,49,"reward chuan hoa, 4 town — MO HINH DUOC CHON"
PPO,ppo_v4,174080,Town01,time_limit,500,392.83726300957585,0.17670822558711885,30,"reward chuan hoa, 4 town — MO HINH DUOC CHON"
PPO,ppo_v4,175104,Town01,time_limit,500,386.2310183770434,0.20016173049568217,41,"reward chuan hoa, 4 town — MO HINH DUOC CHON"
PPO,ppo_v4,175104,Town01,time_limit,500,382.1131896610586,0.21661083895798033,36,"reward chuan hoa, 4 town — MO HINH DUOC CHON"
PPO,ppo_v4,176128,Town01,time_limit,500,385.573400395735,0.21564451326325124,58,"reward chuan hoa, 4 town — MO HINH DUOC CHON"
PPO,ppo_v4,176128,Town02,time_limit,500,364.6025039368417,0.2230522700600132,44,"reward chuan hoa, 4 town — MO HINH DUOC CHON"
PPO,ppo_v4,177152,Town02,time_limit,500,360.54300302051536,0.25240105062309365,49,"reward chuan hoa, 4 town — MO HINH DUOC CHON"
PPO,ppo_v4,177152,Town02,time_limit,500,357.9863701824061,0.2616390101565423,52,"reward chuan hoa, 4 town — MO HINH DUOC CHON"
PPO,ppo_v4,178176,Town02,time_limit,500,358.16790011972387,0.253408813838388,41,"reward chuan hoa, 4 town — MO HINH DUOC CHON"
PPO,ppo_v4,178176,Town02,time_limit,500,359.370043805441,0.2563638470842525,36,"reward chuan hoa, 4 town — MO HINH DUOC CHON"
PPO,ppo_v4,179200,Town02,time_limit,500,377.0185000232052,0.22482852190799937,42,"reward chuan hoa, 4 town — MO HINH DUOC CHON"
PPO,ppo_v4,179200,Town02,time_limit,500,365.2347605926764,0.22721615840300496,58,"reward chuan hoa, 4 town — MO HINH DUOC CHON"
PPO,ppo_v4,180224,Town02,time_limit,500,384.5196012854469,0.20929805778629929,55,"reward chuan hoa, 4 town — MO HINH DUOC CHON"
PPO,ppo_v4,180224,Town02,collision,377,178.3955495978335,0.30920895470672866,54,"reward chuan hoa, 4 town — MO HINH DUOC CHON"
PPO,ppo_v4,181248,Town02,time_limit,500,372.2644215027367,0.21071354825218772,38,"reward chuan hoa, 4 town — MO HINH DUOC CHON"
PPO,ppo_v4,181248,Town02,time_limit,500,288.1355240913178,0.2833222141968768,52,"reward chuan hoa, 4 town — MO HINH DUOC CHON"
PPO,ppo_v4,182272,Town02,time_limit,500,358.73114673164383,0.29356315363342045,68,"reward chuan hoa, 4 town — MO HINH DUOC CHON"
PPO,ppo_v4,182272,Town02,time_limit,500,351.56648680213425,0.26136236838975535,49,"reward chuan hoa, 4 town — MO HINH DUOC CHON"
PPO,ppo_v4,183296,Town02,time_limit,500,373.716289864888,0.24197758852222312,52,"reward chuan hoa, 4 town — MO HINH DUOC CHON"
PPO,ppo_v4,183296,Town02,time_limit,500,383.3153121441834,0.20545655028077317,48,"reward chuan hoa, 4 town — MO HINH DUOC CHON"
PPO,ppo_v4,184320,Town02,time_limit,500,375.65071356554273,0.21365058545794238,42,"reward chuan hoa, 4 town — MO HINH DUOC CHON"
PPO,ppo_v4,184320,Town02,time_limit,500,383.17341738670945,0.19531856647993814,38,"reward chuan hoa, 4 town — MO HINH DUOC CHON"
PPO,ppo_v4,184320,Town02,time_limit,500,353.3267764918145,0.25906826846025993,58,"reward chuan hoa, 4 town — MO HINH DUOC CHON"
PPO,ppo_v4,185344,Town02,time_limit,500,165.15420101572636,0.5951605931439535,31,"reward chuan hoa, 4 town — MO HINH DUOC CHON"
PPO,ppo_v4,185344,Town02,time_limit,500,385.5818345218018,0.17463094538443102,41,"reward chuan hoa, 4 town — MO HINH DUOC CHON"
PPO,ppo_v4,186368,Town02,time_limit,500,364.2982627588887,0.21841173750501525,63,"reward chuan hoa, 4 town — MO HINH DUOC CHON"
PPO,ppo_v4,186368,Town02,time_limit,500,381.1712960289976,0.19260659901152533,42,"reward chuan hoa, 4 town — MO HINH DUOC CHON"
PPO,ppo_v4,187392,Town02,collision,114,-32.99816872817509,0.2372569661575726,25,"reward chuan hoa, 4 town — MO HINH DUOC CHON"
PPO,ppo_v4,187392,Town02,time_limit,500,379.5198978530257,0.22680522203812817,50,"reward chuan hoa, 4 town — MO HINH DUOC CHON"
PPO,ppo_v4,188416,Town02,time_limit,500,383.6751650362886,0.2130773136891627,50,"reward chuan hoa, 4 town — MO HINH DUOC CHON"
PPO,ppo_v4,188416,Town03,off_lane,256,65.27843692591006,0.44592546729394916,39,"reward chuan hoa, 4 town — MO HINH DUOC CHON"
PPO,ppo_v4,188416,Town03,off_lane,130,32.26512380981772,0.5401635989880387,37,"reward chuan hoa, 4 town — MO HINH DUOC CHON"
PPO,ppo_v4,188416,Town03,time_limit,500,260.5582239240955,0.2772289961124325,171,"reward chuan hoa, 4 town — MO HINH DUOC CHON"
PPO,ppo_v4,188416,Town03,off_lane,59,0.7783206974596477,1.2648567540242919,27,"reward chuan hoa, 4 town — MO HINH DUOC CHON"
PPO,ppo_v4,189440,Town03,off_lane,67,9.5369793119375,2.049060988125438,52,"reward chuan hoa, 4 town — MO HINH DUOC CHON"
PPO,ppo_v4,189440,Town03,off_lane,73,5.468585486738186,1.0257074514017006,31,"reward chuan hoa, 4 town — MO HINH DUOC CHON"
PPO,ppo_v4,189440,Town03,off_lane,393,264.42607482965184,0.29748762735069273,89,"reward chuan hoa, 4 town — MO HINH DUOC CHON"
PPO,ppo_v4,189440,Town03,off_lane,436,310.7231786526533,0.24401236154206085,114,"reward chuan hoa, 4 town — MO HINH DUOC CHON"
PPO,ppo_v4,190464,Town03,off_lane,421,121.96496581543063,0.47810199099863754,98,"reward chuan hoa, 4 town — MO HINH DUOC CHON"
PPO,ppo_v4,190464,Town03,off_lane,74,8.66982139488424,0.7822387183729448,21,"reward chuan hoa, 4 town — MO HINH DUOC CHON"
PPO,ppo_v4,190464,Town03,off_lane,59,7.052253293416511,1.4361642392820182,40,"reward chuan hoa, 4 town — MO HINH DUOC CHON"
PPO,ppo_v4,190464,Town03,off_lane,303,128.55448647544807,0.400998477512514,91,"reward chuan hoa, 4 town — MO HINH DUOC CHON"
PPO,ppo_v4,190464,Town03,off_lane,221,118.23010541724652,0.3992010088648968,100,"reward chuan hoa, 4 town — MO HINH DUOC CHON"
PPO,ppo_v4,191488,Town03,off_lane,101,7.152389674761058,1.1769260692273926,54,"reward chuan hoa, 4 town — MO HINH DUOC CHON"
PPO,ppo_v4,191488,Town03,off_lane,374,163.96484754430966,0.36920954297088526,100,"reward chuan hoa, 4 town — MO HINH DUOC CHON"
PPO,ppo_v4,191488,Town03,off_lane,377,233.49980696289913,0.3189119502557621,69,"reward chuan hoa, 4 town — MO HINH DUOC CHON"
PPO,ppo_v4,191488,Town03,off_lane,121,29.58762629933483,1.465926435793563,87,"reward chuan hoa, 4 town — MO HINH DUOC CHON"
PPO,ppo_v4,192512,Town03,collision,304,-30.989027490881867,0.1262311534614924,239,"reward chuan hoa, 4 town — MO HINH DUOC CHON"
PPO,ppo_v4,192512,Town03,collision,109,0.1404120869638774,0.1414966676573059,50,"reward chuan hoa, 4 town — MO HINH DUOC CHON"
PPO,ppo_v4,192512,Town03,off_lane,66,9.035415634110791,0.8641361309147747,16,"reward chuan hoa, 4 town — MO HINH DUOC CHON"
PPO,ppo_v4,192512,Town03,collision,112,-8.190920166383151,0.27112323106704456,48,"reward chuan hoa, 4 town — MO HINH DUOC CHON"
PPO,ppo_v4,192512,Town03,collision,136,-4.212509755813471,0.21601387236580455,28,"reward chuan hoa, 4 town — MO HINH DUOC CHON"
PPO,ppo_v4,192512,Town03,collision,205,65.38141792648561,0.20226449063706795,31,"reward chuan hoa, 4 town — MO HINH DUOC CHON"
PPO,ppo_v4,193536,Town03,time_limit,500,154.81786460173058,0.2779671444058601,132,"reward chuan hoa, 4 town — MO HINH DUOC CHON"
PPO,ppo_v4,193536,Town03,off_lane,295,104.52787484247177,0.48935893422334453,99,"reward chuan hoa, 4 town — MO HINH DUOC CHON"
PPO,ppo_v4,193536,Town04,collision,339,130.1891245406082,0.44425726753809364,119,"reward chuan hoa, 4 town — MO HINH DUOC CHON"
PPO,ppo_v4,194560,Town04,off_lane,133,51.416855466717216,0.4898709453760183,0,"reward chuan hoa, 4 town — MO HINH DUOC CHON"
PPO,ppo_v4,194560,Town04,collision,456,246.2736818595098,0.24672088399037875,110,"reward chuan hoa, 4 town — MO HINH DUOC CHON"
PPO,ppo_v4,194560,Town04,time_limit,500,279.05817877245073,0.17882768750767702,198,"reward chuan hoa, 4 town — MO HINH DUOC CHON"
PPO,ppo_v4,195584,Town04,time_limit,500,366.8892336213028,0.2575367669017851,162,"reward chuan hoa, 4 town — MO HINH DUOC CHON"
PPO,ppo_v4,195584,Town04,collision,241,53.32255701385793,0.4467039340449126,69,"reward chuan hoa, 4 town — MO HINH DUOC CHON"
PPO,ppo_v4,196608,Town04,collision,485,202.90699594425405,0.39787682617346215,102,"reward chuan hoa, 4 town — MO HINH DUOC CHON"
PPO,ppo_v4,196608,Town04,off_lane,181,91.42746680805229,0.40267033697449317,45,"reward chuan hoa, 4 town — MO HINH DUOC CHON"
PPO,ppo_v4,196608,Town04,time_limit,500,270.16879560988025,0.2581353612001072,142,"reward chuan hoa, 4 town — MO HINH DUOC CHON"
PPO,ppo_v4,197632,Town04,collision,232,90.39249350182791,0.18444121289275076,73,"reward chuan hoa, 4 town — MO HINH DUOC CHON"
PPO,ppo_v4,197632,Town04,collision,311,154.47033402041217,0.23164903064896036,120,"reward chuan hoa, 4 town — MO HINH DUOC CHON"
PPO,ppo_v4,197632,Town04,off_lane,294,184.1952772602916,0.35266592954365483,101,"reward chuan hoa, 4 town — MO HINH DUOC CHON"
PPO,ppo_v4,198656,Town04,time_limit,500,369.09708781815874,0.20175732640114077,148,"reward chuan hoa, 4 town — MO HINH DUOC CHON"
PPO,ppo_v4,198656,Town04,time_limit,500,400.43908381126073,0.126651121167376,74,"reward chuan hoa, 4 town — MO HINH DUOC CHON"
PPO,ppo_v5,199680,Town01,time_limit,500,376.962683009839,0.2437693020139645,48,them junction_off_lane_factor
PPO,ppo_v5,199680,Town01,collision,210,80.50175691526414,0.2090970711108667,36,them junction_off_lane_factor
PPO,ppo_v5,200704,Town01,time_limit,500,402.4161308021195,0.1712856943360499,40,them junction_off_lane_factor
PPO,ppo_v5,200704,Town01,time_limit,500,389.7324627682798,0.18869854484133267,43,them junction_off_lane_factor
PPO,ppo_v5,201728,Town01,time_limit,500,392.1336339460696,0.1884091118309999,45,them junction_off_lane_factor
PPO,ppo_v5,201728,Town01,time_limit,500,394.90752709405143,0.19150703069545832,78,them junction_off_lane_factor
PPO,ppo_v5,202752,Town01,time_limit,500,288.3907359160962,0.19686102463464503,85,them junction_off_lane_factor
PPO,ppo_v5,202752,Town01,time_limit,500,397.8876484326507,0.17603691615353542,39,them junction_off_lane_factor
PPO,ppo_v5,203776,Town01,time_limit,500,391.6793524287998,0.18384957472168006,42,them junction_off_lane_factor
PPO,ppo_v5,203776,Town01,time_limit,500,391.57394967136224,0.1815402525945228,36,them junction_off_lane_factor
PPO,ppo_v5,204800,Town01,time_limit,500,381.7509519045395,0.2177315535979471,38,them junction_off_lane_factor
PPO,ppo_v5,204800,Town01,time_limit,500,388.56014868302805,0.21161519546964963,47,them junction_off_lane_factor
PPO,ppo_v5,205824,Town01,time_limit,500,400.43989174596385,0.1601658966543341,39,them junction_off_lane_factor
PPO,ppo_v5,205824,Town01,time_limit,500,382.54855547004223,0.22905281577675923,42,them junction_off_lane_factor
PPO,ppo_v5,206848,Town01,time_limit,500,388.18841996784164,0.17929142747345497,23,them junction_off_lane_factor
PPO,ppo_v5,206848,Town01,time_limit,500,386.8315985868532,0.20006756387011165,29,them junction_off_lane_factor
PPO,ppo_v5,207872,Town01,time_limit,500,391.6721532427442,0.2078039190468703,69,them junction_off_lane_factor
PPO,ppo_v5,207872,Town01,time_limit,500,388.9460752576851,0.20569181660625163,68,them junction_off_lane_factor
PPO,ppo_v5,207872,Town01,time_limit,500,383.9741238527026,0.19425142245555502,31,them junction_off_lane_factor
PPO,ppo_v5,208896,Town01,time_limit,500,396.9033508587583,0.19401406208614916,74,them junction_off_lane_factor
PPO,ppo_v5,208896,Town01,time_limit,500,399.45717858436745,0.17218995053602018,51,them junction_off_lane_factor
PPO,ppo_v5,209920,Town01,time_limit,500,393.53642966730445,0.18457195704403842,61,them junction_off_lane_factor
PPO,ppo_v5,209920,Town01,time_limit,500,397.95106901033984,0.1721798982747028,33,them junction_off_lane_factor
PPO,ppo_v5,210944,Town01,collision,331,172.29322681288184,0.24388621155576512,68,them junction_off_lane_factor
PPO,ppo_v5,210944,Town01,collision,54,-42.592086149144734,0.12783627573785708,13,them junction_off_lane_factor
PPO,ppo_v5,210944,Town02,collision,34,-59.09875046755772,0.11039856893226342,8,them junction_off_lane_factor
PPO,ppo_v5,210944,Town02,collision,71,-31.27785582005906,0.21602770755642348,15,them junction_off_lane_factor
PPO,ppo_v5,210944,Town02,time_limit,500,390.5292263484711,0.19617320268513258,44,them junction_off_lane_factor
PPO,ppo_v5,211968,Town02,time_limit,500,380.2694652698524,0.2198782124545408,38,them junction_off_lane_factor
PPO,ppo_v5,211968,Town02,time_limit,500,369.78010038113507,0.23558508044992174,46,them junction_off_lane_factor
PPO,ppo_v5,212992,Town02,time_limit,500,385.7727919254142,0.20026255225091671,40,them junction_off_lane_factor
PPO,ppo_v5,212992,Town02,time_limit,500,384.337681087537,0.20785407850986554,52,them junction_off_lane_factor
PPO,ppo_v5,214016,Town02,time_limit,500,383.6367602904416,0.2145935632639296,43,them junction_off_lane_factor
PPO,ppo_v5,214016,Town02,time_limit,500,351.7922453895189,0.25591829848315745,45,them junction_off_lane_factor
PPO,ppo_v5,215040,Town02,time_limit,500,385.114001758692,0.20835930272857656,41,them junction_off_lane_factor
PPO,ppo_v5,215040,Town02,time_limit,500,374.53624501114217,0.20978027188191892,58,them junction_off_lane_factor
PPO,ppo_v5,216064,Town02,time_limit,500,374.4595645213043,0.22598676259434042,50,them junction_off_lane_factor
PPO,ppo_v5,216064,Town02,time_limit,500,357.35281577742467,0.24713495290858825,68,them junction_off_lane_factor
PPO,ppo_v5,217088,Town02,time_limit,500,392.6843519370388,0.18833571235775592,40,them junction_off_lane_factor
PPO,ppo_v5,217088,Town02,time_limit,500,387.5418629111044,0.19274825858388195,52,them junction_off_lane_factor
PPO,ppo_v5,218112,Town02,time_limit,500,366.56796382030416,0.23276755531451915,60,them junction_off_lane_factor
PPO,ppo_v5,218112,Town02,time_limit,500,387.5111845739857,0.18515684476579286,38,them junction_off_lane_factor
PPO,ppo_v5,219136,Town02,time_limit,500,386.2680381703006,0.19892737562366072,45,them junction_off_lane_factor
PPO,ppo_v5,219136,Town02,time_limit,500,378.74416769260876,0.1985119204668064,37,them junction_off_lane_factor
PPO,ppo_v5,220160,Town02,time_limit,500,151.57642458909504,0.5161702082688083,37,them junction_off_lane_factor
PPO,ppo_v5,220160,Town02,collision,87,-19.320359156173865,0.240057417606353,17,them junction_off_lane_factor
PPO,ppo_v5,220160,Town02,time_limit,500,391.41786922214743,0.1898568999345472,54,them junction_off_lane_factor
PPO,ppo_v5,221184,Town02,time_limit,500,378.1819883743558,0.2239328465613523,43,them junction_off_lane_factor
PPO,ppo_v5,221184,Town02,time_limit,500,392.7411117735378,0.18170268425011749,53,them junction_off_lane_factor
PPO,ppo_v5,222208,Town02,time_limit,500,393.4277672275494,0.1853034877683045,51,them junction_off_lane_factor
PPO,ppo_v5,222208,Town03,off_lane,382,155.84506765924613,0.3241212912096318,93,them junction_off_lane_factor
PPO,ppo_v5,223232,Town03,off_lane,432,-68.81865544413091,0.48190601345340606,49,them junction_off_lane_factor
PPO,ppo_v5,223232,Town03,off_lane,77,15.97209986304269,1.6077539423057488,51,them junction_off_lane_factor
PPO,ppo_v5,223232,Town03,off_lane,213,112.86093800198871,0.3678502415940948,41,them junction_off_lane_factor
PPO,ppo_v5,223232,Town03,collision,95,-6.310773854197706,0.14522046338710598,59,them junction_off_lane_factor
PPO,ppo_v5,223232,Town03,off_lane,290,198.32864201904178,0.1857953534061108,144,them junction_off_lane_factor
PPO,ppo_v5,224256,Town03,off_lane,384,168.95661758989135,0.3592592742086492,129,them junction_off_lane_factor
PPO,ppo_v5,224256,Town03,off_lane,284,173.06576409063274,0.30331782156909476,54,them junction_off_lane_factor
PPO,ppo_v5,224256,Town03,off_lane,101,39.34849552938227,0.6106224561635307,35,them junction_off_lane_factor
PPO,ppo_v5,224256,Town03,off_lane,62,-9.474753069253103,0.7906143308031199,0,them junction_off_lane_factor
PPO,ppo_v5,224256,Town03,off_lane,260,164.30620600002248,0.36267927272852923,77,them junction_off_lane_factor
PPO,ppo_v5,224256,Town03,off_lane,69,13.509121507744744,0.9051080883611747,25,them junction_off_lane_factor
PPO,ppo_v5,224256,Town03,collision,145,27.14415925025881,0.27765056184182846,80,them junction_off_lane_factor
PPO,ppo_v5,225280,Town03,off_lane,327,156.93188693254993,0.2887717315634797,93,them junction_off_lane_factor
PPO,ppo_v5,225280,Town03,off_lane,252,-4.411263734646745,0.31518860314013547,23,them junction_off_lane_factor
PPO,ppo_v5,225280,Town03,collision,187,56.49352020699216,0.26555485629395287,90,them junction_off_lane_factor
PPO,ppo_v5,226304,Town03,time_limit,500,370.80136185201445,0.16575248682100155,149,them junction_off_lane_factor
PPO,ppo_v5,226304,Town03,off_lane,271,165.18112629252713,0.32009457499445054,45,them junction_off_lane_factor
PPO,ppo_v5,226304,Town03,off_lane,135,45.7920560279586,0.39276844678639855,33,them junction_off_lane_factor
PPO,ppo_v5,226304,Town03,off_lane,243,105.62705824625938,0.40127587362068967,90,them junction_off_lane_factor
PPO,ppo_v5,227328,Town03,collision,246,119.16270730254317,0.09661268804577294,60,them junction_off_lane_factor
PPO,ppo_v5,227328,Town03,collision,236,107.02096686769625,0.12585289304591876,56,them junction_off_lane_factor
PPO,ppo_v5,227328,Town03,off_lane,54,4.4626868405799245,0.8934955623545203,16,them junction_off_lane_factor
PPO,ppo_v5,227328,Town03,time_limit,500,237.56383264822193,0.1300560245227239,130,them junction_off_lane_factor
PPO,ppo_v5,227328,Town03,off_lane,104,32.873087135060885,0.5784370065553741,33,them junction_off_lane_factor
PPO,ppo_v5,228352,Town04,time_limit,500,352.25846591774047,0.1940965999425554,43,them junction_off_lane_factor
PPO,ppo_v5,228352,Town04,collision,422,156.11949879300084,0.30180231056120865,147,them junction_off_lane_factor
PPO,ppo_v5,229376,Town04,time_limit,500,364.4974801142028,0.18995710681407357,91,them junction_off_lane_factor
PPO,ppo_v5,229376,Town04,collision,109,-0.41433584120532885,0.17304152906996645,21,them junction_off_lane_factor
PPO,ppo_v5,229376,Town04,time_limit,500,387.49282643506695,0.1527994107754583,101,them junction_off_lane_factor
PPO,ppo_v5,230400,Town04,collision,121,-3.8174506704810938,0.22025076492075868,21,them junction_off_lane_factor
PPO,ppo_v5,230400,Town04,time_limit,500,359.74694214436494,0.19148783922211587,153,them junction_off_lane_factor
PPO,ppo_v5,231424,Town04,time_limit,500,345.90987500441906,0.28500599245764696,143,them junction_off_lane_factor
PPO,ppo_v5,231424,Town04,time_limit,500,367.64134503725643,0.19278324618813306,81,them junction_off_lane_factor
PPO,ppo_v5,232448,Town04,time_limit,500,379.7863662225439,0.10858541583218305,0,them junction_off_lane_factor
PPO,ppo_v5,232448,Town04,time_limit,500,356.5323298198513,0.16696850830391338,65,them junction_off_lane_factor
PPO,ppo_v5,232448,Town04,time_limit,500,374.2615867228739,0.20874116496838568,151,them junction_off_lane_factor
PPO,ppo_v5,233472,Town04,time_limit,500,377.4808923139494,0.2057340912767324,118,them junction_off_lane_factor
PPO,ppo_v5,233472,Town04,collision,51,-46.4758978260361,0.1172573339741228,26,them junction_off_lane_factor
PPO,ppo_v5,234496,Town04,time_limit,500,380.1315322763911,0.19185674462570695,81,them junction_off_lane_factor
PPO,ppo_v5,234496,Town04,time_limit,500,240.10201408618025,0.4493780007788931,49,them junction_off_lane_factor
PPO,ppo_v5,234496,Town04,time_limit,500,259.30973786197455,0.2699481677508204,104,them junction_off_lane_factor
PPO,ppo_v5,235520,Town04,time_limit,500,381.1861320672869,0.14913730332031952,156,them junction_off_lane_factor
PPO,ppo_v5,235520,Town04,time_limit,500,337.18121983797835,0.25365915578387643,48,them junction_off_lane_factor
PPO,ppo_v5,236544,Town04,time_limit,500,366.08982372376,0.11643326757375334,47,them junction_off_lane_factor
PPO,ppo_v5,236544,Town04,time_limit,500,377.01537397460515,0.16530799923808848,137,them junction_off_lane_factor
PPO,ppo_v5,237568,Town04,time_limit,500,374.55886568023277,0.15333868958758987,91,them junction_off_lane_factor
PPO,ppo_v5,237568,Town04,time_limit,500,382.40645501645946,0.12824052945768868,68,them junction_off_lane_factor
PPO,ppo_v5,238592,Town04,collision,379,93.69352073899859,0.12131370036050301,253,them junction_off_lane_factor
PPO,ppo_v5,238592,Town04,time_limit,500,257.2286766628285,0.14561368764832094,181,them junction_off_lane_factor
PPO,ppo_v5,239616,Town01,time_limit,500,327.0431728535888,0.17716593425302748,72,them junction_off_lane_factor
PPO,ppo_v5,239616,Town01,collision,120,13.18290678998504,0.18779680302569193,22,them junction_off_lane_factor
PPO,ppo_v5,239616,Town01,time_limit,500,384.86183106211166,0.1887738011135995,53,them junction_off_lane_factor
PPO,ppo_v5,240640,Town01,time_limit,500,317.3281614269206,0.11850130434477983,46,them junction_off_lane_factor
PPO,ppo_v5,240640,Town01,time_limit,500,400.2527127888216,0.13640974112057686,71,them junction_off_lane_factor
PPO,ppo_v5,241664,Town01,time_limit,500,393.27449356700646,0.13428084860990894,74,them junction_off_lane_factor
PPO,ppo_v5,241664,Town01,time_limit,500,363.2657276326348,0.14729975800473932,24,them junction_off_lane_factor
PPO,ppo_v5,242688,Town01,time_limit,500,399.8106479071283,0.132504766579718,42,them junction_off_lane_factor
PPO,ppo_v5,242688,Town01,time_limit,500,355.75225106066557,0.16467438328361464,137,them junction_off_lane_factor
PPO,ppo_v5,243712,Town01,time_limit,500,323.49878160291337,0.15659549042194465,169,them junction_off_lane_factor
PPO,ppo_v5,243712,Town01,time_limit,500,247.50360394698907,0.1594554009562727,89,them junction_off_lane_factor
PPO,ppo_v5,244736,Town01,time_limit,500,405.1775323632877,0.13239041495224538,77,them junction_off_lane_factor
PPO,ppo_v5,244736,Town01,time_limit,500,380.9653821106147,0.20248012575886187,43,them junction_off_lane_factor
PPO,ppo_v5,245760,Town01,time_limit,500,402.36195279973776,0.1754941753771603,51,them junction_off_lane_factor
PPO,ppo_v5,245760,Town01,time_limit,500,401.0728678028273,0.1439216846374289,34,them junction_off_lane_factor
PPO,ppo_v5,246784,Town01,time_limit,500,399.7456256618296,0.15597354618732115,35,them junction_off_lane_factor
PPO,ppo_v5,246784,Town01,time_limit,500,398.52157843570217,0.14367333292792722,40,them junction_off_lane_factor
PPO,ppo_v5,247808,Town01,time_limit,500,400.8679030733719,0.17234604348562102,69,them junction_off_lane_factor
PPO,ppo_v5,247808,Town01,time_limit,500,399.5430490818261,0.16762217564009327,49,them junction_off_lane_factor
PPO,ppo_v5,248832,Town01,time_limit,500,398.38793755887735,0.16623423298044596,47,them junction_off_lane_factor
PPO,ppo_v5,248832,Town01,time_limit,500,387.3777523061652,0.1781677952543761,30,them junction_off_lane_factor
PPO,ppo_v5,249856,Town01,time_limit,500,358.42748482249624,0.16110910355693955,45,them junction_off_lane_factor
PPO,ppo_v5,249856,Town01,time_limit,500,399.67798098415375,0.15124122060712022,55,them junction_off_lane_factor
PPO,ppo_v5,250880,Town01,time_limit,500,397.3104641806245,0.14475031676840888,27,them junction_off_lane_factor
PPO,ppo_v5,250880,Town01,collision,123,15.757850293134425,0.11153793449650343,15,them junction_off_lane_factor
PPO,ppo_v5,250880,Town02,time_limit,500,397.09633694094737,0.17439727696169235,48,them junction_off_lane_factor
PPO,ppo_v5,250880,Town02,collision,67,-36.15561239399658,0.26630597260477834,11,them junction_off_lane_factor
PPO,ppo_v5,250880,Town02,collision,82,-22.004628597451728,0.22279574140329259,22,them junction_off_lane_factor
PPO,ppo_v5,251904,Town02,time_limit,500,359.6099938635387,0.23916058760858683,48,them junction_off_lane_factor
PPO,ppo_v5,251904,Town02,time_limit,500,358.9917212196488,0.23927212775779094,43,them junction_off_lane_factor
PPO,ppo_v5,252928,Town02,time_limit,500,393.0821023057947,0.17214094973565292,52,them junction_off_lane_factor
PPO,ppo_v5,252928,Town02,time_limit,500,399.8589314073381,0.15933360646533565,41,them junction_off_lane_factor
PPO,ppo_v5,253952,Town02,time_limit,500,391.6038202318094,0.15972121817399904,44,them junction_off_lane_factor
PPO,ppo_v5,253952,Town02,time_limit,500,303.7396099101365,0.33738234741727235,46,them junction_off_lane_factor
PPO,ppo_v5,254976,Town02,time_limit,500,394.3843976540351,0.18432747374264455,44,them junction_off_lane_factor
PPO,ppo_v5,254976,Town02,time_limit,500,392.6376185291778,0.1910950259350705,51,them junction_off_lane_factor
PPO,ppo_v5,256000,Town02,time_limit,500,366.27599676980816,0.22577296592817075,43,them junction_off_lane_factor
PPO,ppo_v5,256000,Town02,time_limit,500,402.3918230062079,0.14790850142375714,40,them junction_off_lane_factor
PPO,ppo_v5,257024,Town02,time_limit,500,388.9897657311098,0.17042375355907086,43,them junction_off_lane_factor
PPO,ppo_v5,257024,Town02,time_limit,500,395.8703985457689,0.16841516265117976,46,them junction_off_lane_factor
PPO,ppo_v5,258048,Town02,time_limit,500,343.818075501762,0.2305173074874667,40,them junction_off_lane_factor
PPO,ppo_v5,258048,Town02,time_limit,500,398.2849015378298,0.1618291286231071,44,them junction_off_lane_factor
PPO,ppo_v5,259072,Town02,time_limit,500,399.822602873855,0.16088920761349465,45,them junction_off_lane_factor
PPO,ppo_v5,259072,Town02,time_limit,500,388.64282372014964,0.1862691330014461,47,them junction_off_lane_factor
PPO,ppo_v5,260096,Town02,time_limit,500,387.7570648731315,0.16562121484296402,44,them junction_off_lane_factor
PPO,ppo_v5,260096,Town02,collision,75,-34.85870363724279,0.34708790275283585,18,them junction_off_lane_factor
PPO,ppo_v5,260096,Town02,time_limit,500,398.9548571432913,0.16777954493153976,43,them junction_off_lane_factor
SAC,sac_a,97,Town01,collision,97,-62.854954125249165,0.13920469338512942,11,bc_coef 2.5
SAC,sac_a,282,Town01,collision,185,-29.695841829857322,0.6731780030024583,26,bc_coef 2.5
SAC,sac_a,771,Town01,collision,489,23.66362904964342,0.36694201215620226,98,bc_coef 2.5
SAC,sac_a,810,Town01,collision,39,-58.87386672550468,0.21081679444827234,11,bc_coef 2.5
SAC,sac_a,979,Town01,collision,169,11.577401651012238,0.4574702151193583,28,bc_coef 2.5
SAC,sac_a,1342,Town01,collision,363,101.7366513368133,0.29675350423752017,115,bc_coef 2.5
SAC,sac_a,1755,Town01,collision,413,-78.97418025901842,0.824537086091528,61,bc_coef 2.5
SAC,sac_a,1938,Town01,collision,183,2.243063320298319,0.5428390559095887,24,bc_coef 2.5
SAC,sac_a,2137,Town01,collision,199,34.5588429669108,0.31637609083020646,18,bc_coef 2.5
SAC,sac_a,2327,Town01,collision,190,-54.63499702732567,0.24698735687291665,18,bc_coef 2.5
SAC,sac_a,2365,Town01,collision,38,-63.5414051618874,0.3618340824496593,0,bc_coef 2.5
SAC,sac_a,2451,Town01,collision,86,-41.96865486234624,0.42386255674394996,0,bc_coef 2.5
SAC,sac_a,2597,Town01,collision,146,9.218306350705987,0.28994919302249844,19,bc_coef 2.5
SAC,sac_a,2973,Town01,collision,376,76.19121609527555,0.33462736328481296,30,bc_coef 2.5
SAC,sac_a,3370,Town01,collision,397,68.25155756810248,0.47657752636210915,41,bc_coef 2.5
SAC,sac_a,3756,Town01,collision,386,113.73643575811288,0.3789237906546157,17,bc_coef 2.5
SAC,sac_a,3928,Town01,collision,172,-16.725362253091618,0.619179932880915,14,bc_coef 2.5
SAC,sac_a,4019,Town01,collision,91,-40.18918351759328,0.38083594197188536,0,bc_coef 2.5
SAC,sac_a,4155,Town01,collision,136,-49.76370180898127,0.15620765648447796,96,bc_coef 2.5
SAC,sac_a,4500,Town01,collision,345,-18.135654696137756,0.4897583260095233,46,bc_coef 2.5
SAC,sac_a,4599,Town01,collision,99,-43.33108618647876,0.6027384156879235,12,bc_coef 2.5
SAC,sac_a,4660,Town01,collision,61,-53.653711557455175,0.3480475130286709,0,bc_coef 2.5
SAC,sac_a,4868,Town01,collision,208,30.119428847855886,0.3802360696092689,13,bc_coef 2.5
SAC,sac_a,5069,Town01,collision,201,44.84971805665393,0.3156977405398721,33,bc_coef 2.5
SAC,sac_a,5283,Town01,collision,214,-106.07159540371035,0.5918960600875097,14,bc_coef 2.5
SAC,sac_a,5383,Town02,collision,100,-67.11371759783148,0.19659685710746402,9,bc_coef 2.5
SAC,sac_a,5608,Town02,collision,225,-62.669951359267806,0.4545334627124709,28,bc_coef 2.5
SAC,sac_a,5919,Town02,collision,311,-9.036859108469002,0.5338773111497139,60,bc_coef 2.5
SAC,sac_a,6018,Town02,collision,99,-95.95607339339338,1.3742388356277195,0,bc_coef 2.5
SAC,sac_a,6160,Town02,collision,142,-36.931527843040655,0.6291975793346505,11,bc_coef 2.5
SAC,sac_a,6520,Town02,collision,360,71.45388238941221,0.4337048391633844,104,bc_coef 2.5
SAC,sac_a,6699,Town02,collision,179,-37.31490068835188,0.15847007029570287,27,bc_coef 2.5
SAC,sac_a,6916,Town02,off_lane,217,63.61012345889988,0.6963929616028126,13,bc_coef 2.5
SAC,sac_a,6964,Town02,collision,48,-61.00369812076238,0.23779441852232877,0,bc_coef 2.5
SAC,sac_a,7355,Town02,off_lane,391,74.5472824821373,0.455779344692606,16,bc_coef 2.5
SAC,sac_a,7645,Town02,collision,290,-88.20723946160867,0.6607401730828113,29,bc_coef 2.5
SAC,sac_a,7798,Town02,collision,153,-44.142265959804554,0.294904595164347,28,bc_coef 2.5
SAC,sac_a,7859,Town02,collision,61,-47.96124641574221,0.2149173324492377,0,bc_coef 2.5
SAC,sac_a,7916,Town02,off_lane,57,-15.197848604124385,1.410550031172219,0,bc_coef 2.5
SAC,sac_a,8082,Town02,collision,166,-87.57179180245049,1.0246092750529454,29,bc_coef 2.5
SAC,sac_a,8198,Town02,collision,116,-45.18623144680994,0.6932783979075838,10,bc_coef 2.5
SAC,sac_a,8314,Town02,collision,116,-42.75869421570139,0.5939320605276104,0,bc_coef 2.5
SAC,sac_a,8536,Town02,collision,222,-26.858521034981024,0.2642177443100267,121,bc_coef 2.5
SAC,sac_a,8761,Town02,off_lane,225,69.03790824548196,0.6690745105120228,14,bc_coef 2.5
SAC,sac_a,9091,Town02,collision,330,-154.41562681194205,0.41910899994202316,14,bc_coef 2.5
SAC,sac_a,9212,Town02,collision,121,-8.319600357598048,0.3361711512347939,27,bc_coef 2.5
SAC,sac_a,9626,Town02,collision,414,-10.980552545488479,0.3179315982595772,143,bc_coef 2.5
SAC,sac_a,10042,Town02,collision,416,119.05765715831589,0.29418734552015596,27,bc_coef 2.5
SAC,sac_a,10123,Town02,collision,81,-38.55644642485897,0.4107324039924727,16,bc_coef 2.5
SAC,sac_a,10342,Town02,collision,219,-83.96095338530672,0.3758309629070393,11,bc_coef 2.5
SAC,sac_a,10422,Town03,collision,80,-28.590322166582347,0.27121707171340725,46,bc_coef 2.5
SAC,sac_a,10729,Town03,collision,307,-33.89611573132465,0.31581387946025724,238,bc_coef 2.5
SAC,sac_a,10811,Town03,off_lane,82,21.85929306564382,1.243905917947434,54,bc_coef 2.5
SAC,sac_a,11225,Town03,off_lane,414,164.62022356903486,0.4450177304637575,109,bc_coef 2.5
SAC,sac_a,11304,Town03,off_lane,79,-1.7536269371165045,1.0822844835104763,47,bc_coef 2.5
SAC,sac_a,11804,Town03,time_limit,500,195.163036457038,0.5331565506682391,90,bc_coef 2.5
SAC,sac_a,12091,Town03,off_lane,287,73.05286467636783,0.3753504824795062,86,bc_coef 2.5
SAC,sac_a,12332,Town03,off_lane,241,60.090429799706754,0.6840159128105526,29,bc_coef 2.5
SAC,sac_a,12832,Town03,time_limit,500,161.93726298188247,0.4336741334414569,97,bc_coef 2.5
SAC,sac_a,13162,Town03,off_lane,330,11.667169969815749,0.7312175060330617,251,bc_coef 2.5
SAC,sac_a,13662,Town03,time_limit,500,147.5479819408108,0.6503019376626635,139,bc_coef 2.5
SAC,sac_a,13784,Town03,collision,122,-14.135818825911173,0.17428940808563104,62,bc_coef 2.5
SAC,sac_a,14284,Town03,time_limit,500,95.63971788287498,0.5339252260454049,340,bc_coef 2.5
SAC,sac_a,14609,Town03,collision,325,-13.470650054872749,0.8978423739124128,161,bc_coef 2.5
SAC,sac_a,14656,Town03,off_lane,47,-17.654318453534657,1.0350332352134626,8,bc_coef 2.5
SAC,sac_a,15115,Town03,off_lane,459,225.00412827771842,0.5222079689209337,249,bc_coef 2.5
SAC,sac_a,15329,Town03,collision,214,-51.88940915662707,0.2158884348318752,185,bc_coef 2.5
SAC,sac_a,15559,Town03,off_lane,230,85.04357796178886,0.5519169584921307,19,bc_coef 2.5
SAC,sac_a,15698,Town03,off_lane,139,34.849266869166215,0.7503184145509277,42,bc_coef 2.5
SAC,sac_a,16002,Town03,collision,304,35.979159778086085,0.2409645002667045,253,bc_coef 2.5
SAC,sac_a,16275,Town03,collision,273,50.474347722168034,0.5629480912097511,66,bc_coef 2.5
SAC,sac_a,16416,Town03,off_lane,141,92.63009989624112,0.17153448985204794,77,bc_coef 2.5
SAC,sac_a,16472,Town03,off_lane,56,-7.907855343514688,0.8942551808298584,13,bc_coef 2.5
SAC,sac_a,16688,Town03,off_lane,216,-64.10017018298663,0.4054738192092544,14,bc_coef 2.5
SAC,sac_a,16768,Town03,off_lane,80,10.58038533030204,1.069894620159084,35,bc_coef 2.5
SAC,sac_a,16979,Town04,collision,211,-6.4733793084897115,0.44041573765015196,0,bc_coef 2.5
SAC,sac_a,17325,Town04,collision,346,121.10008223421622,0.35749437900912767,86,bc_coef 2.5
SAC,sac_a,17674,Town04,collision,349,40.08487856245627,0.5851646368349086,30,bc_coef 2.5
SAC,sac_a,18002,Town04,collision,328,-110.28085100315386,0.4093850812594117,25,bc_coef 2.5
SAC,sac_a,18235,Town04,collision,233,19.993215185644544,0.48011294022357814,61,bc_coef 2.5
SAC,sac_a,18571,Town04,collision,336,-51.56933139547336,0.31005123226144615,248,bc_coef 2.5
SAC,sac_a,18647,Town04,collision,76,-46.55133070923735,0.5891971323496374,44,bc_coef 2.5
SAC,sac_a,19048,Town04,off_lane,401,50.15931205007765,0.3771094477111181,76,bc_coef 2.5
SAC,sac_a,19162,Town04,collision,114,-32.55701361761684,0.5046317349949104,43,bc_coef 2.5
SAC,sac_a,19662,Town04,time_limit,500,140.1018477206514,0.5764044298457247,0,bc_coef 2.5
SAC,sac_a,19836,Town04,collision,174,-4.047647044139808,0.47166459708280806,22,bc_coef 2.5
SAC,sac_a,20077,Town04,collision,241,25.505619359059764,0.6667438916459909,91,bc_coef 2.5
SAC,sac_a,20244,Town04,collision,167,-5.376466754259994,0.49536143220442375,45,bc_coef 2.5
SAC,sac_a,20516,Town04,collision,272,-14.951259597192895,0.37759245123653795,143,bc_coef 2.5
SAC,sac_a,20652,Town04,off_lane,136,2.188692081612147,0.7802758976870668,16,bc_coef 2.5
SAC,sac_a,20843,Town04,collision,191,-38.38837558598847,0.804903346369383,23,bc_coef 2.5
SAC,sac_a,20970,Town04,collision,127,-54.9755954568639,0.6350288927290982,0,bc_coef 2.5
SAC,sac_a,21139,Town04,collision,169,30.641738447996417,0.33007103089553474,54,bc_coef 2.5
SAC,sac_a,21285,Town04,collision,146,-28.003597276514085,0.6749584912320682,21,bc_coef 2.5
SAC,sac_a,21642,Town04,collision,357,72.76172181573995,0.5337329418741718,58,bc_coef 2.5
SAC,sac_a,21822,Town04,collision,180,9.883028129345092,0.4888008486291705,46,bc_coef 2.5
SAC,sac_a,21891,Town04,collision,69,-60.767811111044836,0.9327902407104012,25,bc_coef 2.5
SAC,sac_a,22012,Town04,collision,121,-29.245014941696,0.5103106259815593,26,bc_coef 2.5
SAC,sac_a,22398,Town04,collision,386,-59.44299693860199,0.20521114148266828,204,bc_coef 2.5
SAC,sac_a,22521,Town04,collision,123,-61.07875193951827,0.5745439396406886,0,bc_coef 2.5
SAC,sac_a,22623,Town01,collision,102,-48.464242863044205,0.4282525015970364,16,bc_coef 2.5
SAC,sac_a,22777,Town01,off_lane,154,-64.72001285286517,0.9319286091056094,17,bc_coef 2.5
SAC,sac_a,22872,Town01,collision,95,-24.096922421523985,0.2603620200843578,11,bc_coef 2.5
SAC,sac_a,23165,Town01,collision,293,-66.3227192842282,0.56000083328411,122,bc_coef 2.5
SAC,sac_a,23426,Town01,collision,261,-183.3638819295715,0.8092943753423937,36,bc_coef 2.5
SAC,sac_a,23481,Town01,collision,55,-44.54098983375177,0.16685954132678205,11,bc_coef 2.5
SAC,sac_a,23521,Town01,collision,40,-61.89549108064355,0.4054199792054561,11,bc_coef 2.5
SAC,sac_a,23753,Town01,collision,232,-77.5724284444642,0.2597744999719435,40,bc_coef 2.5
SAC,sac_a,23962,Town01,collision,209,-128.40702077720866,0.13732822863837021,17,bc_coef 2.5
SAC,sac_a,24106,Town01,collision,144,2.0864720172886138,0.3850995860653692,12,bc_coef 2.5
SAC,sac_a,24317,Town01,collision,211,47.605374087270576,0.34493826045185605,41,bc_coef 2.5
SAC,sac_a,24376,Town01,collision,59,-51.139286224392535,0.3219100851886461,0,bc_coef 2.5
SAC,sac_a,24444,Town01,collision,68,-44.38316371425839,0.3065221992681582,0,bc_coef 2.5
SAC,sac_a,24642,Town01,collision,198,-135.0489422255367,0.7220754039561403,12,bc_coef 2.5
SAC,sac_a,24782,Town01,collision,140,-55.84745139555105,0.43237666613997716,26,bc_coef 2.5
SAC,sac_a,25155,Town01,collision,373,-70.2816236538885,0.48471938336457104,19,bc_coef 2.5
SAC,sac_a,25276,Town01,collision,121,-23.19942637507411,0.38563594105762694,14,bc_coef 2.5
SAC,sac_a,25679,Town01,collision,403,-256.09893174443727,0.29182316956938115,166,bc_coef 2.5
SAC,sac_a,26066,Town01,collision,387,-66.93438170420863,0.552832041056515,58,bc_coef 2.5
SAC,sac_a,26113,Town01,collision,47,-56.80531773955908,0.29159903217929317,0,bc_coef 2.5
SAC,sac_a,26495,Town01,collision,382,92.26398095165683,0.5092455104708422,33,bc_coef 2.5
SAC,sac_a,26995,Town01,time_limit,500,-41.259394919793216,0.30715029788953924,70,bc_coef 2.5
SAC,sac_a,27133,Town01,collision,138,-3.048609165019869,0.3685721276644997,11,bc_coef 2.5
SAC,sac_a,27221,Town01,collision,88,-40.43679418354553,0.387725484455454,0,bc_coef 2.5
SAC,sac_a,27361,Town01,collision,140,6.021781577370959,0.2837293731333842,13,bc_coef 2.5
SAC,sac_a,27446,Town02,collision,85,-38.457911549361135,0.44565623130558174,22,bc_coef 2.5
SAC,sac_a,27521,Town02,collision,75,-48.423867676499974,0.6070279660545611,13,bc_coef 2.5
SAC,sac_a,27611,Town02,collision,90,-31.2106335721886,0.44249213053602166,23,bc_coef 2.5
SAC,sac_a,28106,Town02,collision,495,-332.4318343314624,0.6378726572055573,116,bc_coef 2.5
SAC,sac_a,28136,Town02,collision,30,-87.00759962522707,0.7664311958918505,0,bc_coef 2.5
SAC,sac_a,28343,Town02,collision,207,-139.80621858088816,0.6181993050390225,144,bc_coef 2.5
SAC,sac_a,28444,Town02,collision,101,-31.05749687469224,0.4765851668440008,0,bc_coef 2.5
SAC,sac_a,28580,Town02,collision,136,-26.051041442740292,0.3558296020022092,54,bc_coef 2.5
SAC,sac_a,28628,Town02,collision,48,-75.12539623610024,0.5888724518090359,0,bc_coef 2.5
SAC,sac_a,28655,Town02,collision,27,-69.30768768716018,0.2336888242596318,0,bc_coef 2.5
SAC,sac_a,28801,Town02,collision,146,-92.35466092520404,0.32792915460419625,28,bc_coef 2.5
SAC,sac_a,28860,Town02,collision,59,-76.03561825146103,0.7277788262132703,0,bc_coef 2.5
SAC,sac_a,29175,Town02,collision,315,-123.88263397041031,0.421711699348178,15,bc_coef 2.5
SAC,sac_a,29316,Town02,collision,141,0.6911612185723186,0.3750961498324076,10,bc_coef 2.5
SAC,sac_a,29816,Town02,time_limit,500,-113.00240003683803,0.49233880960893733,159,bc_coef 2.5
SAC,sac_a,29864,Town02,collision,48,-70.34090137657924,0.5009886704436864,0,bc_coef 2.5
SAC,sac_a,29893,Town02,collision,29,-70.44235503723976,0.2716787466643122,0,bc_coef 2.5
SAC,sac_a,30101,Town01,collision,101,-62.04666518846017,0.11979684089137764,14,bc_coef 2.5
SAC,sac_a,30320,Town01,collision,219,-44.98212203211976,0.24854825293654015,16,bc_coef 2.5
SAC,sac_a,30437,Town01,collision,117,-26.128483520003627,0.26223493399302156,50,bc_coef 2.5
SAC,sac_a,30550,Town01,collision,113,-69.08909436480816,0.22056881948489415,12,bc_coef 2.5
SAC,sac_a,30773,Town01,collision,223,23.423567822400216,0.5169104589733815,38,bc_coef 2.5
SAC,sac_a,31003,Town01,collision,230,12.473898658548265,0.3256618372746921,14,bc_coef 2.5
SAC,sac_a,31455,Town01,collision,452,46.828868631071245,0.33374988656103083,67,bc_coef 2.5
SAC,sac_a,31862,Town01,off_lane,407,52.93330279490363,0.6399302238954798,162,bc_coef 2.5
SAC,sac_a,32266,Town01,collision,404,42.11218104693418,0.39620673453492616,17,bc_coef 2.5
SAC,sac_a,32584,Town01,collision,318,-51.0552622895898,0.44584608810844073,17,bc_coef 2.5
SAC,sac_a,33084,Town01,time_limit,500,105.40314837143323,0.6212054912795756,68,bc_coef 2.5
SAC,sac_a,33488,Town01,collision,404,39.147384153620706,0.6217720034115936,51,bc_coef 2.5
SAC,sac_a,33622,Town01,collision,134,-8.391253842688954,0.4085819916708187,11,bc_coef 2.5
SAC,sac_a,33907,Town01,collision,285,58.300080189310876,0.33704868181160114,30,bc_coef 2.5
SAC,sac_a,34040,Town01,collision,133,-4.991352612691358,0.33238700787393,0,bc_coef 2.5
SAC,sac_a,34324,Town01,collision,284,21.242929153261798,0.302983180863742,16,bc_coef 2.5
SAC,sac_a,34491,Town01,collision,167,17.038785298758995,0.3490982558196019,12,bc_coef 2.5
SAC,sac_a,34580,Town01,collision,89,-37.47449854202611,0.3643288993133719,0,bc_coef 2.5
SAC,sac_a,34633,Town01,collision,53,-53.260303345481766,0.32952333045348337,14,bc_coef 2.5
SAC,sac_a,34823,Town01,collision,190,44.24641835240651,0.3665066194255756,40,bc_coef 2.5
SAC,sac_a,35060,Town01,collision,237,-129.06681763329752,0.9545930154194956,13,bc_coef 2.5
SAC,sac_a,35449,Town01,collision,389,28.104533689435783,0.32986454476414107,45,bc_coef 2.5
SAC,sac_a,35623,Town01,collision,174,20.354148312146023,0.318844584820169,4,bc_coef 2.5
SAC,sac_a,35981,Town01,collision,358,-126.61932382317283,0.8151972435568479,33,bc_coef 2.5
SAC,sac_a,36186,Town01,collision,205,-54.48758444793012,0.07576687367962931,15,bc_coef 2.5
SAC,sac_a,36284,Town02,collision,98,-68.042819774849,0.20743545897229612,9,bc_coef 2.5
SAC,sac_a,36513,Town02,collision,229,-67.8987932901863,0.5642443636974857,43,bc_coef 2.5
SAC,sac_a,36660,Town02,collision,147,-47.70702026174155,0.5862397391455517,14,bc_coef 2.5
SAC,sac_a,36757,Town02,off_lane,97,-2.5786561873364655,1.0288050848827552,0,bc_coef 2.5
SAC,sac_a,36939,Town02,collision,182,-42.091400008889686,0.5653212581849225,14,bc_coef 2.5
SAC,sac_a,37047,Town02,collision,108,-28.851660591464082,0.4211383048562815,7,bc_coef 2.5
SAC,sac_a,37108,Town02,collision,61,-55.30940642815135,0.3245127420369664,15,bc_coef 2.5
SAC,sac_a,37166,Town02,collision,58,-74.99164305530049,0.656794261910868,0,bc_coef 2.5
SAC,sac_a,37215,Town02,collision,49,-65.05636229558064,0.37588893640336135,0,bc_coef 2.5
SAC,sac_a,37581,Town02,collision,366,0.37144109633642586,0.4621202554402309,14,bc_coef 2.5
SAC,sac_a,37954,Town02,collision,373,-107.86784366286406,0.3051004116017706,29,bc_coef 2.5
SAC,sac_a,38049,Town02,collision,95,-25.437095267419508,0.3986983972615027,20,bc_coef 2.5
SAC,sac_a,38110,Town02,collision,61,-54.01687994822066,0.34121544680356364,0,bc_coef 2.5
SAC,sac_a,38167,Town02,off_lane,57,-11.791092800847933,1.3985940710468099,0,bc_coef 2.5
SAC,sac_a,38242,Town02,collision,75,-35.23768244183011,0.39461149486920327,16,bc_coef 2.5
SAC,sac_a,38355,Town02,collision,113,-28.211112622609278,0.4574136017348016,10,bc_coef 2.5
SAC,sac_a,38796,Town02,collision,441,103.0993858229225,0.3996914698758511,28,bc_coef 2.5
SAC,sac_a,38954,Town02,collision,158,-36.70349919903261,0.3794095910210942,30,bc_coef 2.5
SAC,sac_a,39171,Town02,off_lane,217,27.596912405398413,0.8103201993390545,14,bc_coef 2.5
SAC,sac_a,39428,Town02,collision,257,-55.41138785513272,0.2485259919311943,14,bc_coef 2.5
SAC,sac_a,39475,Town02,collision,47,-56.52803095245144,0.3920292819688887,9,bc_coef 2.5
SAC,sac_a,39651,Town02,collision,176,-23.983991966012837,0.31850925190400986,27,bc_coef 2.5
SAC,sac_a,39738,Town02,collision,87,-60.886760364572815,0.6355238074160535,0,bc_coef 2.5
SAC,sac_a,39886,Town02,collision,148,-61.66300689248468,0.4716513717621573,11,bc_coef 2.5
SAC,sac_a,40374,Town02,collision,488,48.334017948325965,0.5003066516311055,45,bc_coef 2.5
SAC,sac_a,40438,Town03,collision,64,-38.6809263131962,0.18299445300334222,30,bc_coef 2.5
SAC,sac_a,40938,Town03,time_limit,500,72.53089197851862,0.6092657068919499,333,bc_coef 2.5
SAC,sac_a,41020,Town03,off_lane,82,17.552666328999404,1.3675904673315742,53,bc_coef 2.5
SAC,sac_a,41294,Town03,collision,274,66.42299200332792,0.39468775443574144,48,bc_coef 2.5
SAC,sac_a,41454,Town03,off_lane,160,68.24851698901412,0.770929375590803,108,bc_coef 2.5
SAC,sac_a,41806,Town03,collision,352,33.48936044203653,0.4739766188599234,101,bc_coef 2.5
SAC,sac_a,42056,Town03,collision,250,33.77361426791646,0.43511175880977265,99,bc_coef 2.5
SAC,sac_a,42556,Town03,time_limit,500,64.72038602067846,0.6848278952771274,177,bc_coef 2.5
SAC,sac_a,42649,Town03,collision,93,-37.27357307486729,0.4291909793082915,40,bc_coef 2.5
SAC,sac_a,43079,Town03,collision,430,-44.33534319289825,0.7250193472436255,75,bc_coef 2.5
SAC,sac_a,43212,Town03,collision,133,-31.148784064723742,0.22496288883442286,49,bc_coef 2.5
SAC,sac_a,43656,Town03,collision,444,-92.14536252606764,0.20186052647121566,245,bc_coef 2.5
SAC,sac_a,43868,Town03,off_lane,212,96.43541596578035,0.7335836111270316,129,bc_coef 2.5
SAC,sac_a,44037,Town03,collision,169,24.258148916892722,0.34804630940737363,88,bc_coef 2.5
SAC,sac_a,44218,Town03,off_lane,181,8.551382401109938,0.7251308938129438,94,bc_coef 2.5
SAC,sac_a,44483,Town03,off_lane,265,127.75175011731484,0.5614957125783792,107,bc_coef 2.5
SAC,sac_a,44688,Town03,collision,205,-70.57386599617132,0.3106475545109968,35,bc_coef 2.5
SAC,sac_a,45149,Town03,off_lane,461,156.01402433549637,0.5223523620939245,205,bc_coef 2.5
SAC,sac_a,45649,Town03,time_limit,500,-92.35717288001156,1.155895440087848,96,bc_coef 2.5
SAC,sac_a,45874,Town03,off_lane,225,124.11288064371789,0.4569882045040559,118,bc_coef 2.5
SAC,sac_a,46151,Town03,off_lane,277,143.99165163291443,0.43298729191365426,69,bc_coef 2.5
SAC,sac_a,46355,Town03,collision,204,-49.23672955840965,0.697021384037797,142,bc_coef 2.5
SAC,sac_a,46406,Town03,collision,51,-58.8704274520803,0.6960102929382361,17,bc_coef 2.5
SAC,sac_a,46466,Town03,off_lane,60,2.3404786861446034,1.1936627636871653,27,bc_coef 2.5
SAC,sac_a,46544,Town03,off_lane,78,14.786330769936553,0.9452967871641931,33,bc_coef 2.5
SAC,sac_a,46665,Town04,collision,121,-54.33024003291598,0.5434594562191196,0,bc_coef 2.5
SAC,sac_a,47018,Town04,collision,353,123.5295408299441,0.36623123643847855,86,bc_coef 2.5
SAC,sac_a,47342,Town04,off_lane,324,110.44557333695332,0.5958006802291528,29,bc_coef 2.5
SAC,sac_a,47493,Town04,collision,151,-22.955222486034415,0.29137143510339525,37,bc_coef 2.5
SAC,sac_a,47761,Town04,collision,268,7.518583887257407,0.5033357631366816,109,bc_coef 2.5
SAC,sac_a,48080,Town04,collision,319,0.9515610585047369,0.2056349984050564,200,bc_coef 2.5
SAC,sac_a,48214,Town04,collision,134,-20.23917314610263,0.8508246863296559,76,bc_coef 2.5
SAC,sac_a,48714,Town04,time_limit,500,153.66562274875994,0.2336634448972559,105,bc_coef 2.5
SAC,sac_a,48783,Town04,collision,69,-48.004408508119,0.3599353278161972,15,bc_coef 2.5
SAC,sac_a,49283,Town04,time_limit,500,178.29959796024804,0.5051176147977976,0,bc_coef 2.5
SAC,sac_a,49589,Town04,collision,306,68.19230201233489,0.4209029487195292,31,bc_coef 2.5
SAC,sac_a,49724,Town04,collision,135,15.175440110601116,0.2710416685801074,53,bc_coef 2.5
SAC,sac_a,49892,Town04,collision,168,3.6567538112992537,0.42970309030106607,42,bc_coef 2.5
SAC,sac_a,50044,Town04,collision,152,6.981087662205269,0.2862075007056792,52,bc_coef 2.5
SAC,sac_a,50436,Town04,collision,392,58.64536453594398,0.5168343478030286,28,bc_coef 2.5
SAC,sac_a,50527,Town04,collision,91,-41.15313069842292,0.6171529951343105,23,bc_coef 2.5
SAC,sac_a,50729,Town04,collision,202,-7.69823606565339,0.6358275091228034,42,bc_coef 2.5
SAC,sac_a,50867,Town04,collision,138,0.1557044866998325,0.2970700204063061,41,bc_coef 2.5
SAC,sac_a,50985,Town04,collision,118,-34.92791685322899,0.6435469438924781,22,bc_coef 2.5
SAC,sac_a,51095,Town04,collision,110,-33.74275521290213,0.5126112347351168,22,bc_coef 2.5
SAC,sac_a,51242,Town04,collision,147,-3.966503348390873,0.5187685172110762,43,bc_coef 2.5
SAC,sac_a,51390,Town04,collision,148,-29.203497716203927,0.6943467530349233,46,bc_coef 2.5
SAC,sac_a,51514,Town04,collision,124,-14.524835766973695,0.39278392163867204,26,bc_coef 2.5
SAC,sac_a,51893,Town04,collision,379,3.65171856428492,0.2799546067181778,85,bc_coef 2.5
SAC,sac_a,52130,Town04,collision,237,32.22291432283207,0.46830607292680526,42,bc_coef 2.5
SAC,sac_a,52206,Town01,collision,76,-31.013309431385416,0.23263837952445943,12,bc_coef 2.5
SAC,sac_a,52263,Town01,collision,57,-50.559546004448336,0.4535380881313091,12,bc_coef 2.5
SAC,sac_a,52454,Town01,collision,191,-35.474725735301654,0.1890627660630861,11,bc_coef 2.5
SAC,sac_a,52502,Town01,collision,48,-53.09505696479769,0.2784543308486167,10,bc_coef 2.5
SAC,sac_a,52679,Town01,collision,177,22.636935359030943,0.4388107582174098,45,bc_coef 2.5
SAC,sac_a,52734,Town01,collision,55,-50.67108988187809,0.2497684074375362,10,bc_coef 2.5
SAC,sac_a,52902,Town01,collision,168,-106.32053746236093,0.46362975257221395,12,bc_coef 2.5
SAC,sac_a,53074,Town01,collision,172,-39.95447239334317,0.30502264486655073,35,bc_coef 2.5
SAC,sac_a,53145,Town01,collision,71,-40.68597086261845,0.3139569412833772,15,bc_coef 2.5
SAC,sac_a,53353,Town01,collision,208,-3.299683759652936,0.327701765996179,14,bc_coef 2.5
SAC,sac_a,53736,Town01,collision,383,42.97176441239009,0.4275287029310195,48,bc_coef 2.5
SAC,sac_a,53802,Town01,collision,66,-55.969528257569515,0.46458782270684523,0,bc_coef 2.5
SAC,sac_a,54023,Town01,collision,221,-21.731549283643893,0.23227938227064823,136,bc_coef 2.5
SAC,sac_a,54253,Town01,collision,230,-32.228843056109916,0.2614671770829254,14,bc_coef 2.5
SAC,sac_a,54426,Town01,collision,173,-5.003188892868337,0.32038513746810043,25,bc_coef 2.5
SAC,sac_a,54600,Town01,collision,174,-57.328169041914336,0.22110348159607168,20,bc_coef 2.5
SAC,sac_a,55078,Town01,collision,478,-78.43798601892163,0.7662116103605568,17,bc_coef 2.5
SAC,sac_a,55264,Town01,collision,186,8.896500025960677,0.4866340483638297,47,bc_coef 2.5
SAC,sac_a,55764,Town01,time_limit,500,56.268106628898835,0.5943621089058587,55,bc_coef 2.5
SAC,sac_a,55887,Town01,collision,123,-13.982974348655901,0.37275540666529644,15,bc_coef 2.5
SAC,sac_a,55991,Town01,collision,104,-15.353741301743312,0.29423173622141646,8,bc_coef 2.5
SAC,sac_a,56183,Town01,collision,192,33.118652663484056,0.37108471783841107,29,bc_coef 2.5
SAC,sac_a,56324,Town01,collision,141,2.5699454565404523,0.2655924966975896,12,bc_coef 2.5
SAC,sac_a,56415,Town01,collision,91,-44.81817092618425,0.43507983684396373,0,bc_coef 2.5
SAC,sac_a,56554,Town01,collision,139,7.829620502980774,0.25425354106935477,14,bc_coef 2.5
SAC,sac_a,56636,Town02,collision,82,-43.84608371235413,0.606218561130002,23,bc_coef 2.5
SAC,sac_a,56718,Town02,collision,82,-37.92778283420525,0.3722295418767701,17,bc_coef 2.5
SAC,sac_a,56816,Town02,collision,98,-40.82414837924131,0.4476826276071535,28,bc_coef 2.5
SAC,sac_a,57174,Town02,collision,358,2.538773812429099,0.45203048152491027,131,bc_coef 2.5
SAC,sac_a,57206,Town02,collision,32,-86.92686251739165,0.7499528789484833,0,bc_coef 2.5
SAC,sac_a,57706,Town02,time_limit,500,42.939114241528515,0.4602130605992671,328,bc_coef 2.5
SAC,sac_a,57761,Town02,collision,55,-49.28377999653763,0.2744806747935287,0,bc_coef 2.5
SAC,sac_a,58098,Town02,collision,337,-111.27748826779444,0.2958601739075552,33,bc_coef 2.5
SAC,sac_a,58146,Town02,collision,48,-71.02631026490104,0.5193134440059034,0,bc_coef 2.5
SAC,sac_a,58337,Town02,collision,191,-54.060125297890096,0.4575014620597908,15,bc_coef 2.5
SAC,sac_a,58454,Town02,collision,117,-57.46702453996946,0.5890643020519928,16,bc_coef 2.5
SAC,sac_a,58517,Town02,collision,63,-68.84504188082006,0.5441100399104788,0,bc_coef 2.5
SAC,sac_a,58847,Town02,off_lane,330,82.89437874505559,0.32509750328058284,16,bc_coef 2.5
SAC,sac_a,59059,Town02,collision,212,-12.940203245599164,0.6183570363005148,15,bc_coef 2.5
SAC,sac_a,59303,Town02,off_lane,244,-10.409974525053004,0.9876738244239489,17,bc_coef 2.5
SAC,sac_a,59352,Town02,collision,49,-75.07987746040945,0.6001264980301148,0,bc_coef 2.5
SAC,sac_a,59597,Town02,collision,245,20.489790477041495,0.5317455976765267,11,bc_coef 2.5
SAC,sac_a,59700,Town02,collision,103,-29.13868097588997,0.3597099633515418,0,bc_coef 2.5
SAC,sac_a,59768,Town02,collision,68,-40.25907290066917,0.20558888446627763,15,bc_coef 2.5
SAC,sac_a,59841,Town02,collision,73,-63.56605030466662,0.49086164523777515,0,bc_coef 2.5
SAC,sac_b,10041,Town01,collision,41,-59.64590244188025,0.2265783060980353,13,bc_coef 1.0
SAC,sac_b,10134,Town01,collision,93,-25.987773914959043,0.31735475124691176,11,bc_coef 1.0
SAC,sac_b,10291,Town01,collision,157,-58.200094736552806,0.1628250994280347,114,bc_coef 1.0
SAC,sac_b,10455,Town01,collision,164,-98.57054282369452,0.5126036656038112,13,bc_coef 1.0
SAC,sac_b,10667,Town01,collision,212,7.778045570340211,0.44946820916546176,47,bc_coef 1.0
SAC,sac_b,10849,Town01,collision,182,-32.17713642441505,0.3824588086220547,15,bc_coef 1.0
SAC,sac_b,11296,Town01,collision,447,-7.82348016904389,0.30580144694173905,85,bc_coef 1.0
SAC,sac_b,11659,Town01,collision,363,-2.398834041505438,0.5157803878435678,34,bc_coef 1.0
SAC,sac_b,11913,Town01,collision,254,-42.052585067337,0.45891575582305727,16,bc_coef 1.0
SAC,sac_b,11959,Town01,collision,46,-51.429816232453824,0.1118718408297891,17,bc_coef 1.0
SAC,sac_b,11993,Town01,collision,34,-64.94816752277873,0.29893763613760926,0,bc_coef 1.0
SAC,sac_b,12454,Town01,collision,461,67.80257312290115,0.4311236096525771,83,bc_coef 1.0
SAC,sac_b,12954,Town01,time_limit,500,48.16391907143189,0.3111361495769409,154,bc_coef 1.0
SAC,sac_b,13078,Town01,collision,124,-87.39604784807848,0.22690237722089213,0,bc_coef 1.0
SAC,sac_b,13578,Town01,time_limit,500,181.17663357626614,0.38060843989808774,45,bc_coef 1.0
SAC,sac_b,13925,Town01,collision,347,11.800775179041722,0.2632877400270905,17,bc_coef 1.0
SAC,sac_b,14044,Town01,collision,119,-22.140568072005365,0.45098389864492333,0,bc_coef 1.0
SAC,sac_b,14132,Town01,collision,88,-35.05895395075112,0.30900191480589234,0,bc_coef 1.0
SAC,sac_b,14294,Town01,collision,162,-74.20320721678456,0.3225445401839914,15,bc_coef 1.0
SAC,sac_b,14743,Town01,collision,449,69.7848239948226,0.3630596387493308,199,bc_coef 1.0
SAC,sac_b,14960,Town01,collision,217,-42.08341406221826,0.5713494766087857,133,bc_coef 1.0
SAC,sac_b,15196,Town01,collision,236,1.3156092148008725,0.4260379599805239,18,bc_coef 1.0
SAC,sac_b,15578,Town01,collision,382,-20.855633481291797,0.3859054090518766,18,bc_coef 1.0
SAC,sac_b,15872,Town01,collision,294,28.28553828188751,0.38388894106745214,107,bc_coef 1.0
SAC,sac_b,15931,Town01,collision,59,-43.986100774027236,0.194820240072895,13,bc_coef 1.0
SAC,sac_b,16029,Town02,collision,98,-65.23168312301344,0.11938204860716141,10,bc_coef 1.0
SAC,sac_b,16255,Town02,collision,226,-107.83055744430722,0.8442973698369763,30,bc_coef 1.0
SAC,sac_b,16386,Town02,collision,131,-30.768590088051297,0.35754538876851205,15,bc_coef 1.0
SAC,sac_b,16585,Town02,collision,199,5.354968857406291,0.5805722480718166,11,bc_coef 1.0
SAC,sac_b,16875,Town02,collision,290,-70.56202356232535,0.5670886220865634,14,bc_coef 1.0
SAC,sac_b,17176,Town02,collision,301,47.73743054947859,0.4714004054630781,29,bc_coef 1.0
SAC,sac_b,17386,Town02,collision,210,-49.93075743003361,0.3871539353251597,40,bc_coef 1.0
SAC,sac_b,17595,Town02,collision,209,-22.303010827502312,0.5304026855058321,14,bc_coef 1.0
SAC,sac_b,17641,Town02,collision,46,-63.98945668132567,0.35198507889426073,0,bc_coef 1.0
SAC,sac_b,18141,Town02,time_limit,500,141.85606775119732,0.32100016050724683,138,bc_coef 1.0
SAC,sac_b,18298,Town02,collision,157,-67.85602719168287,0.2178494036214021,25,bc_coef 1.0
SAC,sac_b,18403,Town02,collision,105,-30.68519341448929,0.37717178141962376,22,bc_coef 1.0
SAC,sac_b,18464,Town02,collision,61,-52.637400389455614,0.28104633376190474,0,bc_coef 1.0
SAC,sac_b,18520,Town02,off_lane,56,-12.66131186374324,1.3590194916448881,0,bc_coef 1.0
SAC,sac_b,18728,Town02,collision,208,-23.242689141519705,0.3182460416121888,129,bc_coef 1.0
SAC,sac_b,18763,Town02,collision,35,-69.72606077586411,0.4378519453140011,0,bc_coef 1.0
SAC,sac_b,19213,Town02,collision,450,84.70989985977779,0.38905756485871396,24,bc_coef 1.0
SAC,sac_b,19377,Town02,collision,164,-21.776285877567723,0.11472757019598756,29,bc_coef 1.0
SAC,sac_b,19786,Town02,collision,409,84.73165405611552,0.367956273772788,35,bc_coef 1.0
SAC,sac_b,19893,Town02,collision,107,-33.674571106755295,0.4449870420142794,15,bc_coef 1.0
SAC,sac_b,19979,Town02,collision,86,-26.207806901516015,0.38110469136540664,17,bc_coef 1.0
SAC,sac_b,20317,Town02,collision,338,-92.81473075785145,0.5009108460671541,33,bc_coef 1.0
SAC,sac_b,20401,Town02,collision,84,-42.09693496829961,0.34918475293745455,0,bc_coef 1.0
SAC,sac_b,20530,Town02,collision,129,-43.32480300070297,0.19355567032151952,13,bc_coef 1.0
SAC,sac_b,20763,Town02,collision,233,-63.59225701706296,0.2941272001491091,14,bc_coef 1.0
SAC,sac_b,21069,Town03,off_lane,306,165.30657237377315,0.533432778538437,158,bc_coef 1.0
SAC,sac_b,21178,Town03,off_lane,109,38.34220433562204,0.7103248991896808,31,bc_coef 1.0
SAC,sac_b,21261,Town03,off_lane,83,14.734899624353176,1.4804770697829244,54,bc_coef 1.0
SAC,sac_b,21550,Town03,collision,289,84.60497012569266,0.29690019212029106,90,bc_coef 1.0
SAC,sac_b,21615,Town03,collision,65,-33.682926745256935,0.2011811533435618,49,bc_coef 1.0
SAC,sac_b,21852,Town03,off_lane,237,-21.271263955405512,0.23381374900522592,17,bc_coef 1.0
SAC,sac_b,22352,Town03,time_limit,500,158.86964587255824,0.4185915876625159,243,bc_coef 1.0
SAC,sac_b,22852,Town03,time_limit,500,267.91089526735095,0.41722579178462194,88,bc_coef 1.0
SAC,sac_b,23083,Town03,off_lane,231,-16.00412482166475,1.0602534473362437,169,bc_coef 1.0
SAC,sac_b,23434,Town03,off_lane,351,9.82854434809813,0.7007018796602802,139,bc_coef 1.0
SAC,sac_b,23501,Town03,collision,67,-49.74480811917388,0.7336091328468499,38,bc_coef 1.0
SAC,sac_b,23627,Town03,off_lane,126,20.120713690232293,0.8597649897831238,30,bc_coef 1.0
SAC,sac_b,23806,Town03,collision,179,-25.98739699545539,0.6320534749654921,72,bc_coef 1.0
SAC,sac_b,23980,Town03,off_lane,174,70.72796801122568,0.7861428864013545,93,bc_coef 1.0
SAC,sac_b,24183,Town03,collision,203,-19.588379529565856,0.3610959533473316,48,bc_coef 1.0
SAC,sac_b,24447,Town03,collision,264,66.26156874604557,0.21986901050213747,153,bc_coef 1.0
SAC,sac_b,24619,Town03,collision,172,-42.45509315527366,0.1640129781104112,141,bc_coef 1.0
SAC,sac_b,24957,Town03,off_lane,338,142.30761924726562,0.5174464711265946,80,bc_coef 1.0
SAC,sac_b,25046,Town03,off_lane,89,18.940872066729117,0.5551476051520066,23,bc_coef 1.0
SAC,sac_b,25267,Town03,off_lane,221,107.63083405446035,0.6222693620789181,114,bc_coef 1.0
SAC,sac_b,25767,Town03,time_limit,500,220.06944214909777,0.30148649765468183,236,bc_coef 1.0
SAC,sac_b,26267,Town03,time_limit,500,63.2505940393203,0.2250784489245084,170,bc_coef 1.0
SAC,sac_b,26653,Town03,off_lane,386,56.65172540164975,0.5337914038470118,99,bc_coef 1.0
SAC,sac_b,27153,Town03,time_limit,500,127.01754013220257,0.3314931691742593,208,bc_coef 1.0
SAC,sac_b,27231,Town03,off_lane,78,7.877941839153651,0.9193135844645582,34,bc_coef 1.0
SAC,sac_b,27642,Town04,collision,411,68.84988956928791,0.4883072580791174,0,bc_coef 1.0
SAC,sac_b,27839,Town04,collision,197,-13.525611365596731,0.786015205899691,46,bc_coef 1.0
SAC,sac_b,28339,Town04,time_limit,500,211.27168166068074,0.4939775271463839,61,bc_coef 1.0
SAC,sac_b,28474,Town04,collision,135,-26.406008259404125,0.27837499994984033,35,bc_coef 1.0
SAC,sac_b,28625,Town04,off_lane,151,34.92473504937293,0.6043678787268939,0,bc_coef 1.0
SAC,sac_b,28777,Town04,collision,152,17.13767667247562,0.1651143900228371,35,bc_coef 1.0
SAC,sac_b,28855,Town04,collision,78,-37.37209761113712,0.47152218392247097,45,bc_coef 1.0
SAC,sac_b,29056,Town04,collision,201,-10.56919331363693,0.47991866605488415,60,bc_coef 1.0
SAC,sac_b,29173,Town04,collision,117,-38.234156245053114,0.7694740708829515,42,bc_coef 1.0
SAC,sac_b,29635,Town04,collision,462,112.58263456639696,0.46711352099911607,0,bc_coef 1.0
SAC,sac_b,29856,Town04,collision,221,-6.415078107382328,0.6284280252273631,24,bc_coef 1.0
SAC,sac_b,29993,Town04,collision,137,-1.1905302084127243,0.4974242804102659,58,bc_coef 1.0
SAC,sac_b,30183,Town04,collision,190,25.580430999736564,0.3530860286589633,49,bc_coef 1.0
SAC,sac_b,30683,Town04,time_limit,500,33.7799740946832,0.18674746969877937,107,bc_coef 1.0
SAC,sac_b,31110,Town04,collision,427,145.37291694512106,0.39653971580544184,57,bc_coef 1.0
SAC,sac_b,31203,Town04,collision,93,-50.94238292232629,0.6811454878522741,23,bc_coef 1.0
SAC,sac_b,31703,Town04,time_limit,500,239.17378705282877,0.5479463057219003,97,bc_coef 1.0
SAC,sac_b,31799,Town04,collision,96,-57.69627398303879,0.6076899832830348,25,bc_coef 1.0
SAC,sac_b,31947,Town04,collision,148,-27.09189915809653,0.5894111582481311,22,bc_coef 1.0
SAC,sac_b,32121,Town04,collision,174,-34.952897582053666,0.6702672543601819,22,bc_coef 1.0
SAC,sac_b,32307,Town04,collision,186,16.300003632339852,0.42713895183320305,48,bc_coef 1.0
SAC,sac_b,32429,Town04,collision,122,-42.72294230167349,0.711542419917453,25,bc_coef 1.0
SAC,sac_b,32631,Town04,collision,202,-17.754003644050577,0.8279599216681235,54,bc_coef 1.0
SAC,sac_b,33131,Town04,time_limit,500,-0.1470492665479315,0.24246027172869924,80,bc_coef 1.0
SAC,sac_b,33437,Town04,collision,306,24.461744547982406,0.4878740117896311,118,bc_coef 1.0
SAC,sac_b,33515,Town01,collision,78,-31.746984310446543,0.20184304797827302,12,bc_coef 1.0
SAC,sac_b,33794,Town01,collision,279,-16.06391662608015,0.39957292442783454,33,bc_coef 1.0
SAC,sac_b,33984,Town01,collision,190,-159.11093866250883,1.2163263947199636,13,bc_coef 1.0
SAC,sac_b,34392,Town01,collision,408,-152.1599074077124,0.49890368481102126,49,bc_coef 1.0
SAC,sac_b,34886,Town01,collision,494,-105.68381428734587,0.7390462995048384,73,bc_coef 1.0
SAC,sac_b,34949,Town01,collision,63,-43.41871845995554,0.1523999974192227,16,bc_coef 1.0
SAC,sac_b,34986,Town01,collision,37,-59.319891782597246,0.2628623447703065,9,bc_coef 1.0
SAC,sac_b,35347,Town01,collision,361,-58.080700300601194,0.3921573499370029,38,bc_coef 1.0
SAC,sac_b,35569,Town01,collision,222,-43.702159304058014,0.0949469672408883,15,bc_coef 1.0
SAC,sac_b,35790,Town01,collision,221,-24.091535051152263,0.46766887029276044,17,bc_coef 1.0
SAC,sac_b,36212,Town01,collision,422,53.711364555510045,0.23722425064258648,65,bc_coef 1.0
SAC,sac_b,36340,Town01,collision,128,2.947335224377852,0.3762735193137127,25,bc_coef 1.0
SAC,sac_b,36471,Town01,collision,131,-17.456619997111282,0.11019399908151241,15,bc_coef 1.0
SAC,sac_b,36876,Town01,collision,405,-75.61844887579244,0.8278955646899361,16,bc_coef 1.0
SAC,sac_b,37089,Town01,collision,213,-20.506511521358355,0.4082198478161416,30,bc_coef 1.0
SAC,sac_b,37589,Town01,time_limit,500,138.93183237283887,0.48500283892731205,36,bc_coef 1.0
SAC,sac_b,37756,Town01,collision,167,-39.36583982816055,0.3791446045408663,14,bc_coef 1.0
SAC,sac_b,38256,Town01,time_limit,500,101.42734093369303,0.2121103644567459,57,bc_coef 1.0
SAC,sac_b,38436,Town01,collision,180,-32.16227550658192,0.5264749889962804,17,bc_coef 1.0
SAC,sac_b,38558,Town01,collision,122,-8.923828431779427,0.2743674905678923,12,bc_coef 1.0
SAC,sac_b,38718,Town01,collision,160,-27.694737627822775,0.33094761673270584,15,bc_coef 1.0
SAC,sac_b,38918,Town01,collision,200,-50.76675768545907,0.2089803636139692,28,bc_coef 1.0
SAC,sac_b,39176,Town01,collision,258,-17.148458724415995,0.28706394386065076,12,bc_coef 1.0
SAC,sac_b,39264,Town01,collision,88,-43.690334674849524,0.43299701158185716,0,bc_coef 1.0
SAC,sac_b,39410,Town01,collision,146,0.09854431819175602,0.33672980250081025,14,bc_coef 1.0
SAC,sac_b,39668,Town02,collision,258,-78.63653754980342,0.24492022732708038,26,bc_coef 1.0
SAC,sac_b,39746,Town02,collision,78,-36.597921206706474,0.3063634003810397,14,bc_coef 1.0
SAC,sac_b,39960,Town02,collision,214,1.1393851090829799,0.2985185664301492,42,bc_coef 1.0
SAC,sac_b,40119,Town02,off_lane,159,-37.82001356331081,1.2004305845283298,9,bc_coef 1.0
SAC,sac_b,40150,Town02,collision,31,-85.32747044593404,0.696785796267211,0,bc_coef 1.0
SAC,sac_b,40226,Town02,collision,76,-40.09064421619683,0.3447019724170568,20,bc_coef 1.0
SAC,sac_b,40332,Town02,collision,106,-56.47592639507501,0.5921924514782847,0,bc_coef 1.0
SAC,sac_b,40637,Town02,collision,305,-60.70611785447857,0.36868986114397057,31,bc_coef 1.0
SAC,sac_b,40686,Town02,collision,49,-74.11932720731681,0.5418524876715407,0,bc_coef 1.0
SAC,sac_b,40729,Town02,off_lane,43,-27.44494521759093,1.6503436003780652,0,bc_coef 1.0
SAC,sac_b,40861,Town02,collision,132,-48.22405988113596,0.31666816395177466,14,bc_coef 1.0
SAC,sac_b,40921,Town02,collision,60,-63.053105227439694,0.40280076287781025,0,bc_coef 1.0
SAC,sac_b,40978,Town02,collision,57,-78.96147541235362,0.7045777137443155,0,bc_coef 1.0
SAC,sac_b,41062,Town02,off_lane,84,7.5051506140070146,0.7479712426338061,0,bc_coef 1.0
SAC,sac_b,41458,Town02,collision,396,21.388928552395768,0.5204162544600063,30,bc_coef 1.0
SAC,sac_b,41507,Town02,collision,49,-70.92133627712386,0.49116965393871365,0,bc_coef 1.0
SAC,sac_b,41534,Town02,collision,27,-74.24711307458587,0.4326549884143583,0,bc_coef 1.0
SAC,sac_b,41908,Town02,collision,374,-47.55528766025783,0.5426028154653764,23,bc_coef 1.0
SAC,sac_b,42202,Town02,collision,294,-37.36285551979676,0.26571306965927527,55,bc_coef 1.0
SAC,sac_b,42271,Town02,collision,69,-67.69235368758879,0.6275486187370121,0,bc_coef 1.0
SAC,sac_b,42438,Town02,collision,167,-83.85670801803893,0.2630512322241159,15,bc_coef 1.0
SAC,sac_b,42553,Town02,collision,115,-36.979721947086176,0.5129566578732211,0,bc_coef 1.0
SAC,sac_b,42820,Town02,collision,267,-131.49432141235718,0.4368473937615482,30,bc_coef 1.0
SAC,sac_b,42891,Town02,collision,71,-47.51158980410595,0.4562205236735154,0,bc_coef 1.0
SAC,sac_b,42959,Town02,collision,68,-71.65788154018901,0.7396984046446156,0,bc_coef 1.0
SAC,sac_b,43149,Town03,off_lane,190,46.59338437275125,0.44485719929444173,48,bc_coef 1.0
SAC,sac_b,43257,Town03,off_lane,108,3.689884981041643,1.0988232899607158,36,bc_coef 1.0
SAC,sac_b,43683,Town03,collision,426,-153.7666291579519,0.32829837191467304,36,bc_coef 1.0
SAC,sac_b,44101,Town03,off_lane,418,90.43655965980687,0.6789064618065146,201,bc_coef 1.0
SAC,sac_b,44436,Town03,off_lane,335,112.37195169418139,0.758429880146839,211,bc_coef 1.0
SAC,sac_b,44706,Town03,off_lane,270,58.147304006344925,0.45089374439407864,52,bc_coef 1.0
SAC,sac_b,44863,Town03,off_lane,157,55.58982387558733,0.783147475784123,102,bc_coef 1.0
SAC,sac_b,45069,Town03,off_lane,206,6.504345666521417,0.9510229036333122,113,bc_coef 1.0
SAC,sac_b,45138,Town03,off_lane,69,41.884021778903374,0.1676506301652097,54,bc_coef 1.0
SAC,sac_b,45435,Town03,off_lane,297,59.92626535259294,0.7087926906833626,153,bc_coef 1.0
SAC,sac_b,45563,Town03,collision,128,-39.54148376530246,0.6822997406292102,28,bc_coef 1.0
SAC,sac_b,45698,Town03,off_lane,135,11.806337315023558,1.3291499476926907,75,bc_coef 1.0
SAC,sac_b,46038,Town03,collision,340,105.82095130065552,0.22466677967716764,231,bc_coef 1.0
SAC,sac_b,46284,Town03,off_lane,246,59.96757799267132,0.7521648378025917,48,bc_coef 1.0
SAC,sac_b,46392,Town03,off_lane,108,31.37000794728445,0.49769258080513396,20,bc_coef 1.0
SAC,sac_b,46575,Town03,collision,183,-127.27293524560002,0.5352462374076128,41,bc_coef 1.0
SAC,sac_b,46671,Town03,collision,96,-48.770361573123466,0.4569990949164059,55,bc_coef 1.0
SAC,sac_b,46812,Town03,collision,141,-24.2567325515284,0.47380949460660443,49,bc_coef 1.0
SAC,sac_b,46976,Town03,off_lane,164,6.922415104125143,0.671472640637509,110,bc_coef 1.0
SAC,sac_b,47126,Town03,off_lane,150,37.57652850595171,0.618968323419487,62,bc_coef 1.0
SAC,sac_b,47215,Town03,off_lane,89,17.72563813262256,0.955477243059153,45,bc_coef 1.0
SAC,sac_b,47501,Town03,collision,286,-106.90669545455702,0.2898387224045634,26,bc_coef 1.0
SAC,sac_b,47586,Town03,off_lane,85,5.316795721275538,1.0146978399129396,29,bc_coef 1.0
SAC,sac_b,47936,Town03,off_lane,350,109.80619288172228,0.7548274778321405,105,bc_coef 1.0
SAC,sac_b,48302,Town03,off_lane,366,15.163308629967679,0.26513530144010106,55,bc_coef 1.0
SAC,sac_b,48482,Town04,collision,180,14.85780693449479,0.4155355510918342,47,bc_coef 1.0
SAC,sac_b,48546,Town04,collision,64,-53.184438030035786,0.7288861702536811,35,bc_coef 1.0
SAC,sac_b,48763,Town04,collision,217,-15.185132079371705,0.6366258057353366,22,bc_coef 1.0
SAC,sac_b,49263,Town04,time_limit,500,170.90906199876414,0.5170787761267058,0,bc_coef 1.0
SAC,sac_b,49574,Town04,collision,311,0.8265972644957031,0.6731782729474403,102,bc_coef 1.0
SAC,sac_b,49963,Town04,collision,389,42.18067105171137,0.27479734348274676,94,bc_coef 1.0
SAC,sac_b,50060,Town04,collision,97,-31.79525443304187,0.35875369666888185,23,bc_coef 1.0
SAC,sac_b,50560,Town04,time_limit,500,83.93855878795527,0.1750771536987528,195,bc_coef 1.0
SAC,sac_b,50831,Town04,collision,271,51.947248106320984,0.4018121282049398,34,bc_coef 1.0
SAC,sac_b,51331,Town04,time_limit,500,74.71432213799547,0.6425980808425513,390,bc_coef 1.0
SAC,sac_b,51687,Town04,collision,356,99.53091256353368,0.4634656449771933,107,bc_coef 1.0
SAC,sac_b,52109,Town04,collision,422,24.333765462458814,0.15156557679212174,205,bc_coef 1.0
SAC,sac_b,52274,Town04,collision,165,1.3354337680392945,0.5570774287821448,48,bc_coef 1.0
SAC,sac_b,52774,Town04,time_limit,500,221.3544153237263,0.5045389464327585,77,bc_coef 1.0
SAC,sac_b,53025,Town04,collision,251,37.403085499025806,0.690031974810366,90,bc_coef 1.0
SAC,sac_b,53170,Town04,collision,145,-0.9877876441224771,0.5395404644148516,56,bc_coef 1.0
SAC,sac_b,53485,Town04,collision,315,106.08566046126731,0.38235349439661764,105,bc_coef 1.0
SAC,sac_b,53985,Town04,time_limit,500,306.5695505849103,0.39335515590938436,156,bc_coef 1.0
SAC,sac_b,54485,Town04,time_limit,500,35.9417184758319,0.16445501129844772,65,bc_coef 1.0
SAC,sac_b,54604,Town04,collision,119,-65.74094822638952,0.6586619225803008,10,bc_coef 1.0
SAC,sac_b,54955,Town04,collision,351,58.822532071127824,0.547055768353927,31,bc_coef 1.0
SAC,sac_b,55028,Town04,collision,73,-75.94804676465348,1.1022631925882354,33,bc_coef 1.0
SAC,sac_b,55256,Town04,collision,228,47.49116238552442,0.30088979050971637,11,bc_coef 1.0
SAC,sac_b,55541,Town04,off_lane,285,57.184303947812104,0.41207291261873646,55,bc_coef 1.0
SAC,sac_b,55937,Town04,collision,396,-34.80674376378759,0.23706651432720488,58,bc_coef 1.0
SAC,sac_b,56039,Town01,collision,102,-77.91333061515859,0.46912235109601763,15,bc_coef 1.0
SAC,sac_b,56075,Town01,collision,36,-84.13043732379668,1.0018918241477262,0,bc_coef 1.0
SAC,sac_b,56172,Town01,collision,97,-35.521328626706456,0.4606350280233745,0,bc_coef 1.0
SAC,sac_b,56296,Town01,collision,124,-10.222511418905228,0.37009216743402024,0,bc_coef 1.0
SAC,sac_b,56358,Town01,collision,62,-62.8829301183834,0.4447245257722997,0,bc_coef 1.0
SAC,sac_b,56713,Town01,collision,355,117.79039844661298,0.41906671519915273,28,bc_coef 1.0
SAC,sac_b,56884,Town01,collision,171,-17.443224196635292,0.42298714365650614,14,bc_coef 1.0
SAC,sac_b,57086,Town01,collision,202,14.7872116765094,0.43407234824637697,0,bc_coef 1.0
SAC,sac_b,57320,Town01,collision,234,-56.4177025072251,0.5333414814034302,18,bc_coef 1.0
SAC,sac_b,57430,Town01,collision,110,-23.14668845461047,0.39313381715188706,13,bc_coef 1.0
SAC,sac_b,57539,Town01,collision,109,-23.84763236207649,0.422321095723337,9,bc_coef 1.0
SAC,sac_b,57839,Town01,collision,300,14.329236503763369,0.36829521915543795,15,bc_coef 1.0
SAC,sac_b,58036,Town01,collision,197,34.07734151689638,0.3338009738244501,12,bc_coef 1.0
SAC,sac_b,58217,Town01,collision,181,-90.3967764696529,0.7826173308455534,22,bc_coef 1.0
SAC,sac_b,58523,Town01,off_lane,306,76.91015480244847,0.45023161198414907,22,bc_coef 1.0
SAC,sac_b,58663,Town01,collision,140,-23.566776374705242,0.4421218408499689,44,bc_coef 1.0
SAC,sac_b,58843,Town01,collision,180,-33.04619118946382,0.46535612096890555,14,bc_coef 1.0
SAC,sac_b,58942,Town01,collision,99,-28.626679636341876,0.4044873867293786,12,bc_coef 1.0
SAC,sac_b,58992,Town01,collision,50,-64.81224294724898,0.7726966471312479,12,bc_coef 1.0
SAC,sac_b,59189,Town01,collision,197,20.42835884262945,0.45063100890741814,20,bc_coef 1.0
SAC,sac_b,59280,Town01,collision,91,-27.928424109480268,0.290276981430353,8,bc_coef 1.0
SAC,sac_b,59366,Town01,collision,86,-26.917892656063117,0.27068542508479787,11,bc_coef 1.0
SAC,sac_b,59494,Town01,collision,128,-2.3163007185712843,0.3017856212167759,11,bc_coef 1.0
SAC,sac_b,59875,Town01,collision,381,-183.70316451170447,0.7072706157359246,51,bc_coef 1.0
SAC,sac_d,222,Town01,collision,222,-159.54600016773912,0.6230791995844146,13,kien truc Q moi + gamma 0.95
SAC,sac_d,322,Town01,collision,100,-100.07411932962907,0.7058033077872342,0,kien truc Q moi + gamma 0.95
SAC,sac_d,369,Town01,collision,47,-73.12557324848387,0.1880199531555093,0,kien truc Q moi + gamma 0.95
SAC,sac_d,556,Town01,collision,187,-202.50130631566873,0.8428770332885032,12,kien truc Q moi + gamma 0.95
SAC,sac_d,594,Town01,collision,38,-87.66265093392933,0.58249826837871,0,kien truc Q moi + gamma 0.95
SAC,sac_d,622,Town01,collision,28,-84.91222995321311,0.35639245326392527,0,kien truc Q moi + gamma 0.95
SAC,sac_d,1063,Town01,collision,441,-208.2200567622418,0.5918600760376154,129,kien truc Q moi + gamma 0.95
SAC,sac_d,1224,Town01,collision,161,-127.32076215339121,0.7548072342877614,29,kien truc Q moi + gamma 0.95
SAC,sac_d,1386,Town01,collision,162,-164.80477958340157,0.8966772865968269,0,kien truc Q moi + gamma 0.95
SAC,sac_d,1495,Town01,collision,109,-90.49348825170003,0.4538544361356586,19,kien truc Q moi + gamma 0.95
SAC,sac_d,1524,Town01,collision,29,-81.779919995508,0.3265696632310093,0,kien truc Q moi + gamma 0.95
SAC,sac_d,1626,Town01,collision,102,-140.06500208054007,0.9333563880274829,0,kien truc Q moi + gamma 0.95
SAC,sac_d,1697,Town01,collision,71,-94.49309634119273,0.48440917382222864,0,kien truc Q moi + gamma 0.95
SAC,sac_d,1937,Town01,collision,240,-229.83744264177346,0.916760080861236,15,kien truc Q moi + gamma 0.95
SAC,sac_d,2051,Town01,collision,114,-98.91770380449331,0.7808403646163241,0,kien truc Q moi + gamma 0.95
SAC,sac_d,2097,Town01,collision,46,-94.85109128065638,0.6338773099543461,0,kien truc Q moi + gamma 0.95
SAC,sac_d,2194,Town01,collision,97,-95.58920391153633,0.425027436061841,0,kien truc Q moi + gamma 0.95
SAC,sac_d,2234,Town01,off_lane,40,-35.173299101437465,1.36539537809383,0,kien truc Q moi + gamma 0.95
SAC,sac_d,2511,Town01,collision,277,-181.65961314142598,0.5492326953796298,21,kien truc Q moi + gamma 0.95
SAC,sac_d,2548,Town01,off_lane,37,-45.260248524920314,1.135151019228107,0,kien truc Q moi + gamma 0.95
SAC,sac_d,2616,Town01,off_lane,68,-34.08101230942255,0.8320475581888024,0,kien truc Q moi + gamma 0.95
SAC,sac_d,2673,Town01,collision,57,-122.28778890516922,0.6422036789420806,0,kien truc Q moi + gamma 0.95
SAC,sac_d,2750,Town01,collision,77,-107.94964463263945,0.6046610516232519,0,kien truc Q moi + gamma 0.95
SAC,sac_d,2855,Town01,collision,105,-161.85320196425027,1.3005075096958154,0,kien truc Q moi + gamma 0.95
SAC,sac_d,3025,Town01,collision,170,-110.32420090897898,0.23576652159505254,21,kien truc Q moi + gamma 0.95
SAC,sac_d,3363,Town02,collision,338,-314.20768763659316,0.8490922325295973,28,kien truc Q moi + gamma 0.95
SAC,sac_d,3613,Town02,collision,250,-173.65275237197346,0.7374358779409458,35,kien truc Q moi + gamma 0.95
SAC,sac_d,3934,Town02,collision,321,-315.44829098798493,0.9034194281407821,9,kien truc Q moi + gamma 0.95
SAC,sac_d,3964,Town02,collision,30,-109.69350692644959,1.191555430217658,0,kien truc Q moi + gamma 0.95
SAC,sac_d,3989,Town02,collision,25,-102.39692931037251,0.9088349380926707,0,kien truc Q moi + gamma 0.95
SAC,sac_d,4066,Town02,collision,77,-117.16993273513916,0.7252162968420416,0,kien truc Q moi + gamma 0.95
SAC,sac_d,4193,Town02,collision,127,-176.46145420352957,1.267937059708634,24,kien truc Q moi + gamma 0.95
SAC,sac_d,4260,Town02,collision,67,-99.57623189526728,0.6255270345613951,0,kien truc Q moi + gamma 0.95
SAC,sac_d,4311,Town02,collision,51,-79.42651539668469,0.3765582216786061,0,kien truc Q moi + gamma 0.95
SAC,sac_d,4414,Town02,collision,103,-130.25765123398074,0.8590496545739846,0,kien truc Q moi + gamma 0.95
SAC,sac_d,4613,Town02,collision,199,-143.60585425550664,0.6320089398207445,46,kien truc Q moi + gamma 0.95
SAC,sac_d,4790,Town02,collision,177,-135.73609328524392,0.5162350404194697,27,kien truc Q moi + gamma 0.95
SAC,sac_d,4846,Town02,collision,56,-78.79634050670889,0.42419108358742663,0,kien truc Q moi + gamma 0.95
SAC,sac_d,4898,Town02,collision,52,-96.79386869985859,0.5006074229929206,0,kien truc Q moi + gamma 0.95
SAC,sac_d,5135,Town02,collision,237,-157.31400542979242,0.5335776737186956,24,kien truc Q moi + gamma 0.95
SAC,sac_d,5212,Town02,collision,77,-120.9236362228067,0.7177750540162049,0,kien truc Q moi + gamma 0.95
SAC,sac_d,5358,Town02,collision,146,-104.47467968265913,0.5231335368877024,0,kien truc Q moi + gamma 0.95
SAC,sac_d,5512,Town02,collision,154,-216.68150432220426,1.3133970358692373,0,kien truc Q moi + gamma 0.95
SAC,sac_d,5562,Town02,collision,50,-72.29105818699723,0.2219799750858207,0,kien truc Q moi + gamma 0.95
SAC,sac_d,5738,Town02,collision,176,-256.60006356753274,1.2214262494373802,0,kien truc Q moi + gamma 0.95
SAC,sac_d,5788,Town02,collision,50,-99.28496749268628,0.5960987419516205,0,kien truc Q moi + gamma 0.95
SAC,sac_d,5986,Town02,collision,198,-184.12625682374062,0.614555636823132,19,kien truc Q moi + gamma 0.95
SAC,sac_d,6039,Town02,collision,53,-106.93438144913367,0.3979847167180988,0,kien truc Q moi + gamma 0.95
SAC,sac_d,6121,Town02,off_lane,82,-54.894224675208385,0.809811066897745,0,kien truc Q moi + gamma 0.95
SAC,sac_d,6358,Town02,collision,237,-124.89550255997864,0.5778925691852356,49,kien truc Q moi + gamma 0.95
SAC,sac_d,6529,Town03,collision,171,-70.33664003380748,0.5399433084622812,84,kien truc Q moi + gamma 0.95
SAC,sac_d,7029,Town03,time_limit,500,-172.24658989639943,0.9374951367657229,234,kien truc Q moi + gamma 0.95
SAC,sac_d,7130,Town03,off_lane,101,-45.150829544616485,1.3829045203650208,69,kien truc Q moi + gamma 0.95
SAC,sac_d,7252,Town03,collision,122,-108.42061447796392,0.630943730179273,16,kien truc Q moi + gamma 0.95
SAC,sac_d,7357,Town03,off_lane,105,-22.90357766982986,1.3487203516405428,77,kien truc Q moi + gamma 0.95
SAC,sac_d,7657,Town03,off_lane,300,-180.57618071404002,0.9587482683313515,102,kien truc Q moi + gamma 0.95
SAC,sac_d,8008,Town03,off_lane,351,-132.84669117432563,1.1825917097032095,285,kien truc Q moi + gamma 0.95
SAC,sac_d,8217,Town03,off_lane,209,-65.35779096083932,0.824511829093145,33,kien truc Q moi + gamma 0.95
SAC,sac_d,8254,Town03,off_lane,37,-46.103143278339836,1.3336461744062733,0,kien truc Q moi + gamma 0.95
SAC,sac_d,8654,Town03,off_lane,400,-128.17883830477896,0.8450928006697382,231,kien truc Q moi + gamma 0.95
SAC,sac_d,8716,Town03,off_lane,62,-58.01240079604371,1.4082192856222684,16,kien truc Q moi + gamma 0.95
SAC,sac_d,8926,Town03,off_lane,210,-23.441615916844132,0.8058927326011223,90,kien truc Q moi + gamma 0.95
SAC,sac_d,8983,Town03,collision,57,-73.70431375713599,0.5101872639577913,26,kien truc Q moi + gamma 0.95
SAC,sac_d,9410,Town03,collision,427,-219.9614607212543,0.745206980651977,136,kien truc Q moi + gamma 0.95
SAC,sac_d,9553,Town03,off_lane,143,-103.1452405308528,0.6755001834030195,12,kien truc Q moi + gamma 0.95
SAC,sac_d,9625,Town03,off_lane,72,-37.52211432936825,1.0311916885560812,15,kien truc Q moi + gamma 0.95
SAC,sac_d,9710,Town03,collision,85,-98.80632756795839,0.46850576935869676,43,kien truc Q moi + gamma 0.95
SAC,sac_d,9833,Town03,off_lane,123,-71.00172173237044,0.9878220304171725,22,kien truc Q moi + gamma 0.95
SAC,sac_d,9917,Town03,collision,84,-100.0246992633834,0.667410637683144,10,kien truc Q moi + gamma 0.95
SAC,sac_d,10123,Town03,collision,206,-70.3850074861608,0.46771301533313947,124,kien truc Q moi + gamma 0.95
SAC,sac_d,10227,Town03,off_lane,104,-10.67997758757727,1.1911823033523161,59,kien truc Q moi + gamma 0.95
SAC,sac_d,10533,Town03,off_lane,306,-112.42126286758551,1.176995311093086,234,kien truc Q moi + gamma 0.95
SAC,sac_d,10597,Town03,off_lane,64,6.301333368228445,0.2914135984874004,28,kien truc Q moi + gamma 0.95
SAC,sac_d,10670,Town03,off_lane,73,-46.34494198073269,0.8762001795800813,19,kien truc Q moi + gamma 0.95
SAC,sac_d,10704,Town03,off_lane,34,-31.84227497011365,4.489810165759382,24,kien truc Q moi + gamma 0.95
SAC,sac_d,10929,Town04,off_lane,225,-128.3886588454974,0.898141189433472,0,kien truc Q moi + gamma 0.95
SAC,sac_d,11162,Town04,collision,233,-104.84603764639226,0.747482223592759,73,kien truc Q moi + gamma 0.95
SAC,sac_d,11204,Town04,collision,42,-94.39656363634005,1.1108524065719243,23,kien truc Q moi + gamma 0.95
SAC,sac_d,11413,Town04,collision,209,-153.76239549807372,0.6113748519862645,53,kien truc Q moi + gamma 0.95
SAC,sac_d,11447,Town04,off_lane,34,-40.1876779987347,1.3279696763233677,0,kien truc Q moi + gamma 0.95
SAC,sac_d,11552,Town04,collision,105,-90.30236064726735,0.6669676794857939,60,kien truc Q moi + gamma 0.95
SAC,sac_d,11633,Town04,off_lane,81,-25.161922755601452,1.7265290653425653,62,kien truc Q moi + gamma 0.95
SAC,sac_d,11947,Town04,collision,314,-178.72012748116168,0.8104461780381557,84,kien truc Q moi + gamma 0.95
SAC,sac_d,12069,Town04,collision,122,-117.33895927716216,0.41869800258155,37,kien truc Q moi + gamma 0.95
SAC,sac_d,12256,Town04,off_lane,187,-61.83533973131418,0.7244064381412955,0,kien truc Q moi + gamma 0.95
SAC,sac_d,12306,Town04,off_lane,50,-64.67025015349711,1.2900965378696037,15,kien truc Q moi + gamma 0.95
SAC,sac_d,12585,Town04,collision,279,-102.19339277243671,0.8005079397699986,110,kien truc Q moi + gamma 0.95
SAC,sac_d,12645,Town04,collision,60,-79.38374292163076,0.4127596155799459,20,kien truc Q moi + gamma 0.95
SAC,sac_d,12842,Town04,collision,197,-283.8822269514768,0.9460271001944651,17,kien truc Q moi + gamma 0.95
SAC,sac_d,12975,Town04,off_lane,133,-73.26764213595803,0.8349913262460297,22,kien truc Q moi + gamma 0.95
SAC,sac_d,13028,Town04,collision,53,-95.67922403926325,0.6748123054035334,25,kien truc Q moi + gamma 0.95
SAC,sac_d,13147,Town04,collision,119,-120.18832727735077,0.818536056543092,0,kien truc Q moi + gamma 0.95
SAC,sac_d,13221,Town04,collision,74,-114.76714716814897,0.6997984051095363,0,kien truc Q moi + gamma 0.95
SAC,sac_d,13317,Town04,collision,96,-113.38214165572674,0.722936331983296,18,kien truc Q moi + gamma 0.95
SAC,sac_d,13435,Town04,collision,118,-101.8363675080045,0.6830304155295218,19,kien truc Q moi + gamma 0.95
SAC,sac_d,13643,Town04,collision,208,-79.92127129558139,0.895885559898298,68,kien truc Q moi + gamma 0.95
SAC,sac_d,13740,Town04,collision,97,-71.09418872851249,0.7160518835599023,27,kien truc Q moi + gamma 0.95
SAC,sac_d,13791,Town04,collision,51,-99.88269849180699,0.9782148564620368,31,kien truc Q moi + gamma 0.95
SAC,sac_d,13947,Town04,collision,156,-121.82995021096639,0.36053546569431727,47,kien truc Q moi + gamma 0.95
SAC,sac_d,14045,Town04,off_lane,98,-46.48177569312243,0.7174482488111829,0,kien truc Q moi + gamma 0.95
SAC,sac_d,14081,Town01,collision,36,-83.86568637574145,0.47450769365704193,0,kien truc Q moi + gamma 0.95
SAC,sac_d,14275,Town01,collision,194,-228.28339324457235,1.2691180781973543,0,kien truc Q moi + gamma 0.95
SAC,sac_d,14361,Town01,collision,86,-71.29201521998446,0.27453740452182546,0,kien truc Q moi + gamma 0.95
SAC,sac_d,14861,Town01,time_limit,500,-367.9570183167533,0.6375984808857841,44,kien truc Q moi + gamma 0.95
SAC,sac_d,14890,Town01,collision,29,-85.6475328236092,0.40730338721247566,0,kien truc Q moi + gamma 0.95
SAC,sac_d,15058,Town01,collision,168,-162.40233094666957,0.82370511015042,17,kien truc Q moi + gamma 0.95
SAC,sac_d,15109,Town01,collision,51,-70.97414723086926,0.28218672333332123,15,kien truc Q moi + gamma 0.95
SAC,sac_d,15361,Town01,collision,252,-203.75597833002362,0.886366775379089,28,kien truc Q moi + gamma 0.95
SAC,sac_d,15509,Town01,collision,148,-117.01739051703049,0.7576085887985533,16,kien truc Q moi + gamma 0.95
SAC,sac_d,15734,Town01,collision,225,-180.18655335303254,1.0542280530645942,17,kien truc Q moi + gamma 0.95
SAC,sac_d,15779,Town01,collision,45,-94.09094565297657,0.49161258922280127,0,kien truc Q moi + gamma 0.95
SAC,sac_d,15901,Town01,collision,122,-100.92870503857978,0.6046821074850516,15,kien truc Q moi + gamma 0.95
SAC,sac_d,16170,Town01,collision,269,-142.02549641845962,0.2641615234015713,16,kien truc Q moi + gamma 0.95
SAC,sac_d,16237,Town01,collision,67,-99.83115681151912,0.7198045827701637,0,kien truc Q moi + gamma 0.95
SAC,sac_d,16281,Town01,collision,44,-84.24707533085297,0.2668624481870114,8,kien truc Q moi + gamma 0.95
SAC,sac_d,16496,Town01,collision,215,-242.9436047484403,1.1492809795465073,25,kien truc Q moi + gamma 0.95
SAC,sac_d,16922,Town01,collision,426,-285.5014260547799,0.6088450279378841,13,kien truc Q moi + gamma 0.95
SAC,sac_d,17422,Town01,time_limit,500,-313.1643285887049,0.6331816045973891,72,kien truc Q moi + gamma 0.95
SAC,sac_d,17588,Town01,collision,166,-105.38576521096384,0.576046406838615,4,kien truc Q moi + gamma 0.95
SAC,sac_d,17658,Town01,collision,70,-100.64372164366874,0.4610488380148899,0,kien truc Q moi + gamma 0.95
SAC,sac_d,17753,Town01,collision,95,-108.36920079174864,0.8237446129053609,0,kien truc Q moi + gamma 0.95
SAC,sac_d,18156,Town01,collision,403,-203.1360346583289,0.5166658384764805,37,kien truc Q moi + gamma 0.95
SAC,sac_d,18233,Town01,collision,77,-37.82594711014943,0.3274558309024389,0,kien truc Q moi + gamma 0.95
SAC,sac_d,18320,Town01,collision,87,-39.93394650612789,0.3764845468831181,0,kien truc Q moi + gamma 0.95
SAC,sac_d,18607,Town01,collision,287,39.741997087146544,0.44071468487275195,53,kien truc Q moi + gamma 0.95
SAC,sac_d,18813,Town02,collision,206,-111.17153511160438,0.8496269968340536,25,kien truc Q moi + gamma 0.95
SAC,sac_d,18887,Town02,collision,74,-40.67029361270914,0.4261170220932379,11,kien truc Q moi + gamma 0.95
SAC,sac_d,19034,Town02,collision,147,-42.83363416208118,0.38812778952247085,85,kien truc Q moi + gamma 0.95
SAC,sac_d,19382,Town02,collision,348,24.296354553484775,0.3046422598777405,55,kien truc Q moi + gamma 0.95
SAC,sac_d,19510,Town02,collision,128,-57.12838879626996,0.4644788953628756,0,kien truc Q moi + gamma 0.95
SAC,sac_d,19723,Town02,collision,213,-23.481592129394734,0.33355567123198504,145,kien truc Q moi + gamma 0.95
SAC,sac_d,19801,Town02,collision,78,-34.27316955934709,0.31832497083189903,0,kien truc Q moi + gamma 0.95
SAC,sac_d,20143,Town02,collision,342,-92.38069185629047,0.25840206990544745,138,kien truc Q moi + gamma 0.95
SAC,sac_d,20191,Town02,collision,48,-85.83282383549981,0.9518807443915257,0,kien truc Q moi + gamma 0.95
SAC,sac_d,20503,Town02,collision,312,-91.36072773604113,0.5062038139076361,15,kien truc Q moi + gamma 0.95
SAC,sac_d,20719,Town02,collision,216,-39.241975534708715,0.2862006542344189,155,kien truc Q moi + gamma 0.95
SAC,sac_d,20781,Town02,collision,62,-69.53656925438483,0.6055231821510124,0,kien truc Q moi + gamma 0.95
SAC,sac_d,20844,Town02,collision,63,-88.19930198731012,0.9443585627585922,0,kien truc Q moi + gamma 0.95
SAC,sac_d,20984,Town02,collision,140,-8.09507941154601,0.4321090818948223,11,kien truc Q moi + gamma 0.95
SAC,sac_d,21171,Town02,off_lane,187,55.29098979584365,0.6988300601838843,14,kien truc Q moi + gamma 0.95
SAC,sac_d,21225,Town02,collision,54,-76.85600053801026,0.5884168752489065,0,kien truc Q moi + gamma 0.95
SAC,sac_d,21349,Town02,collision,124,-43.998163845608744,0.5414036842429093,0,kien truc Q moi + gamma 0.95
SAC,sac_d,21454,Town02,collision,105,-38.84879908541366,0.5251311494844371,0,kien truc Q moi + gamma 0.95
SAC,sac_d,21549,Town02,collision,95,-14.725653306817591,0.31675977893418283,23,kien truc Q moi + gamma 0.95
SAC,sac_d,21619,Town02,collision,70,-62.08438148248895,0.49745607212838333,0,kien truc Q moi + gamma 0.95
SAC,sac_d,21660,Town02,collision,41,-60.096830824855,0.3456805824565865,14,kien truc Q moi + gamma 0.95
SAC,sac_d,21777,Town02,collision,117,-33.88546635248398,0.47536059476012177,0,kien truc Q moi + gamma 0.95
SAC,sac_d,22081,Town02,collision,304,-16.05403247711856,0.09698618881667664,26,kien truc Q moi + gamma 0.95
SAC,sac_d,22183,Town02,collision,102,-58.8381135108505,0.6519814570233559,0,kien truc Q moi + gamma 0.95
SAC,sac_d,22249,Town02,collision,66,-63.634966810116026,0.4941775376119761,0,kien truc Q moi + gamma 0.95
SAC,sac_d,22323,Town03,off_lane,74,-17.116190620761184,1.1399977556336516,19,kien truc Q moi + gamma 0.95
SAC,sac_d,22663,Town03,off_lane,340,31.376631634832886,1.0001400379605385,257,kien truc Q moi + gamma 0.95
SAC,sac_d,22986,Town03,off_lane,323,129.9454943276479,0.5062140889494772,154,kien truc Q moi + gamma 0.95
SAC,sac_d,23486,Town03,time_limit,500,52.19811997200285,0.35378916682406614,84,kien truc Q moi + gamma 0.95
SAC,sac_d,23736,Town03,off_lane,250,125.76432036232264,0.5671834093453072,129,kien truc Q moi + gamma 0.95
SAC,sac_d,23924,Town03,off_lane,188,41.63779769802305,0.8480295364289427,131,kien truc Q moi + gamma 0.95
SAC,sac_d,24093,Town03,off_lane,169,-15.237446393530794,0.8460120780163294,133,kien truc Q moi + gamma 0.95
SAC,sac_d,24593,Town03,time_limit,500,168.68064938349426,0.3479657839861282,188,kien truc Q moi + gamma 0.95
SAC,sac_d,24661,Town03,off_lane,68,42.03150361180101,0.11679967252402501,52,kien truc Q moi + gamma 0.95
SAC,sac_d,24939,Town03,off_lane,278,55.865943703448536,0.8729219904727138,207,kien truc Q moi + gamma 0.95
SAC,sac_d,25198,Town03,off_lane,259,64.08689660768333,0.49394954235862676,130,kien truc Q moi + gamma 0.95
SAC,sac_d,25531,Town03,collision,333,42.12468953807016,0.7081994876677331,89,kien truc Q moi + gamma 0.95
SAC,sac_d,25946,Town03,off_lane,415,170.4641427736762,0.507621118656518,154,kien truc Q moi + gamma 0.95
SAC,sac_d,26195,Town03,off_lane,249,11.992100021192488,0.6522358266940186,182,kien truc Q moi + gamma 0.95
SAC,sac_d,26695,Town03,time_limit,500,210.13902691680127,0.42132082599678644,127,kien truc Q moi + gamma 0.95
SAC,sac_d,27195,Town03,time_limit,500,84.68969740801673,0.5004094842708027,286,kien truc Q moi + gamma 0.95
SAC,sac_d,27469,Town03,off_lane,274,25.21684839367513,0.723899913537567,195,kien truc Q moi + gamma 0.95
SAC,sac_d,27969,Town03,time_limit,500,32.302452149371845,0.6079257623656764,112,kien truc Q moi + gamma 0.95
SAC,sac_d,28469,Town03,time_limit,500,104.46250562864532,0.2735593999711132,92,kien truc Q moi + gamma 0.95
SAC,sac_d,28750,Town03,collision,281,17.43792902993981,0.22058369270855982,203,kien truc Q moi + gamma 0.95
SAC,sac_d,28815,Town03,off_lane,65,-7.183996681495647,1.0929715855683821,20,kien truc Q moi + gamma 0.95
SAC,sac_d,29046,Town03,collision,231,-20.680787198635002,0.030802651372817326,50,kien truc Q moi + gamma 0.95
SAC,sac_d,29124,Town03,collision,78,-54.902762703731284,0.7705359574214654,19,kien truc Q moi + gamma 0.95
SAC,sac_d,29368,Town03,off_lane,244,89.99871291351937,0.7874954830913802,126,kien truc Q moi + gamma 0.95
SAC,sac_d,29727,Town03,off_lane,359,60.79424850886881,0.16990180312105008,77,kien truc Q moi + gamma 0.95
SAC,sac_d,29881,Town04,collision,154,5.448501176181196,0.42303519694728126,44,kien truc Q moi + gamma 0.95
SAC,sac_d,29953,Town04,collision,72,-46.69476483047314,0.6923647216453003,39,kien truc Q moi + gamma 0.95
SAC,sac_d,30030,Town04,collision,77,-62.417727422715515,0.6914001071170942,14,kien truc Q moi + gamma 0.95
SAC,sac_d,30498,Town04,collision,468,57.458296052151326,0.5953144400650494,0,kien truc Q moi + gamma 0.95
SAC,sac_d,30697,Town04,collision,199,29.050100883726827,0.36400785318453244,30,kien truc Q moi + gamma 0.95
SAC,sac_d,30870,Town04,off_lane,173,51.099837100724976,0.6734744397145583,43,kien truc Q moi + gamma 0.95
SAC,sac_d,31074,Town04,collision,204,-21.98174343229971,0.6421226039670203,23,kien truc Q moi + gamma 0.95
SAC,sac_d,31167,Town04,collision,93,-33.77934345344048,0.46799410554077225,36,kien truc Q moi + gamma 0.95
SAC,sac_d,31468,Town04,collision,301,76.90843782317691,0.4307617633314082,35,kien truc Q moi + gamma 0.95
SAC,sac_d,31694,Town04,collision,226,48.19464526277234,0.2930688129726905,75,kien truc Q moi + gamma 0.95
SAC,sac_d,31832,Town04,collision,138,-22.265426133903098,0.49481028738845606,43,kien truc Q moi + gamma 0.95
SAC,sac_d,31968,Town04,collision,136,-29.73156135988907,0.368979016608303,83,kien truc Q moi + gamma 0.95
SAC,sac_d,32139,Town04,collision,171,1.3078723867487696,0.5615575292910676,50,kien truc Q moi + gamma 0.95
SAC,sac_d,32404,Town04,off_lane,265,46.893469300145746,0.7854864150331908,36,kien truc Q moi + gamma 0.95
SAC,sac_d,32706,Town04,off_lane,302,115.89908255724,0.7192478319947045,89,kien truc Q moi + gamma 0.95
SAC,sac_d,32880,Town04,collision,174,-18.752652653189273,0.757654500143731,64,kien truc Q moi + gamma 0.95
SAC,sac_d,32969,Town04,collision,89,-27.248047562472607,0.33434768240209706,42,kien truc Q moi + gamma 0.95
SAC,sac_d,33108,Town04,collision,139,-24.236123138401148,0.7217275435122726,58,kien truc Q moi + gamma 0.95
SAC,sac_d,33371,Town04,collision,263,54.84239026575317,0.325838113447426,82,kien truc Q moi + gamma 0.95
SAC,sac_d,33497,Town04,collision,126,-79.09937051379539,0.8702331366792311,10,kien truc Q moi + gamma 0.95
SAC,sac_d,33725,Town04,off_lane,228,45.393742910027875,0.6548157259130528,20,kien truc Q moi + gamma 0.95
SAC,sac_d,34225,Town04,time_limit,500,282.6568080110125,0.43483911237760153,154,kien truc Q moi + gamma 0.95
SAC,sac_d,34468,Town04,off_lane,243,47.025943500909,0.7301007984989658,10,kien truc Q moi + gamma 0.95
SAC,sac_d,34700,Town04,collision,232,-53.68987858973068,0.41114555802267105,33,kien truc Q moi + gamma 0.95
SAC,sac_d,34779,Town04,collision,79,-32.47629860606025,0.17548145992772252,19,kien truc Q moi + gamma 0.95
SAC,sac_d,34882,Town01,collision,103,-66.07198187682482,0.23447331713223607,15,kien truc Q moi + gamma 0.95
SAC,sac_d,34912,Town01,collision,30,-77.52335135740884,0.725616787408186,0,kien truc Q moi + gamma 0.95
SAC,sac_d,35268,Town01,collision,356,102.75329671841081,0.47974674417259744,21,kien truc Q moi + gamma 0.95
SAC,sac_d,35365,Town01,collision,97,-20.37282422798163,0.31633961985908804,0,kien truc Q moi + gamma 0.95
SAC,sac_d,35422,Town01,collision,57,-65.33885094393686,0.48627189037923096,0,kien truc Q moi + gamma 0.95
SAC,sac_d,35922,Town01,time_limit,500,238.29569575184817,0.44140896928103174,26,kien truc Q moi + gamma 0.95
SAC,sac_d,36088,Town01,collision,166,15.079357813650745,0.40521339455776134,12,kien truc Q moi + gamma 0.95
SAC,sac_d,36225,Town01,collision,137,-61.85296785469681,0.7506661562990454,0,kien truc Q moi + gamma 0.95
SAC,sac_d,36394,Town01,collision,169,-22.557694040086965,0.5760608443555439,17,kien truc Q moi + gamma 0.95
SAC,sac_d,36501,Town01,collision,107,-21.110394026064327,0.36224619981918554,11,kien truc Q moi + gamma 0.95
SAC,sac_d,36675,Town01,collision,174,-22.838718304530218,0.21368605120783815,15,kien truc Q moi + gamma 0.95
SAC,sac_d,36720,Town01,collision,45,-61.55741543319136,0.41086531533580956,0,kien truc Q moi + gamma 0.95
SAC,sac_d,37058,Town01,collision,338,25.026916422496598,0.3870743219970511,41,kien truc Q moi + gamma 0.95
SAC,sac_d,37536,Town01,collision,478,-150.19023789202913,0.5602684970130896,19,kien truc Q moi + gamma 0.95
SAC,sac_d,37703,Town01,collision,167,29.641980244261475,0.1984924703462386,10,kien truc Q moi + gamma 0.95
SAC,sac_d,37811,Town01,collision,108,-71.71006452318498,0.2755419868657112,12,kien truc Q moi + gamma 0.95
SAC,sac_d,37984,Town01,collision,173,17.732893130428977,0.38701708913261906,11,kien truc Q moi + gamma 0.95
SAC,sac_d,38087,Town01,collision,103,-21.29422212562794,0.3265960328432944,15,kien truc Q moi + gamma 0.95
SAC,sac_d,38137,Town01,collision,50,-48.44751182180168,0.14465051004950893,12,kien truc Q moi + gamma 0.95
SAC,sac_d,38322,Town01,collision,185,16.369990221408244,0.4575340852672687,12,kien truc Q moi + gamma 0.95
SAC,sac_d,38477,Town01,collision,155,-56.56601393431195,0.5574818478724182,13,kien truc Q moi + gamma 0.95
SAC,sac_d,38565,Town01,collision,88,-27.23927878309282,0.30274251377373546,13,kien truc Q moi + gamma 0.95
SAC,sac_d,38713,Town01,collision,148,-6.63930400276584,0.347046971570514,16,kien truc Q moi + gamma 0.95
SAC,sac_d,39154,Town01,collision,441,72.57849534314946,0.3084790129581617,80,kien truc Q moi + gamma 0.95
SAC,sac_e,90,Town01,collision,90,-117.66589499671647,0.6697096315143377,23,khong rang buoc — SAC dung ban chat
SAC,sac_e,296,Town01,collision,206,-196.34734241312842,1.1121260195238853,15,khong rang buoc — SAC dung ban chat
SAC,sac_e,378,Town01,collision,82,-70.18126415705835,0.2019680109445986,19,khong rang buoc — SAC dung ban chat
SAC,sac_e,542,Town01,collision,164,-142.1501192013053,0.4726011134807792,23,khong rang buoc — SAC dung ban chat
SAC,sac_e,573,Town01,collision,31,-77.70917576012381,0.3080731552347798,0,khong rang buoc — SAC dung ban chat
SAC,sac_e,667,Town01,collision,94,-95.23807215529146,0.5223896776639846,0,khong rang buoc — SAC dung ban chat
SAC,sac_e,1167,Town01,time_limit,500,-204.91263389308918,0.4825253385924659,56,khong rang buoc — SAC dung ban chat
SAC,sac_e,1236,Town01,collision,69,-102.05253491713054,0.5566181733330583,0,khong rang buoc — SAC dung ban chat
SAC,sac_e,1271,Town01,collision,35,-85.27000268382545,0.4725045503879947,0,khong rang buoc — SAC dung ban chat
SAC,sac_e,1400,Town01,collision,129,-88.99045396336211,0.5377911835191559,21,khong rang buoc — SAC dung ban chat
SAC,sac_e,1428,Town01,collision,28,-83.92908750047101,0.3176127913224831,0,khong rang buoc — SAC dung ban chat
SAC,sac_e,1468,Town01,collision,40,-101.0564311688974,0.9925493396756421,0,khong rang buoc — SAC dung ban chat
SAC,sac_e,1514,Town01,collision,46,-95.22895979862263,0.440784954125184,0,khong rang buoc — SAC dung ban chat
SAC,sac_e,1555,Town01,collision,41,-108.36774438709517,0.9270577779630336,0,khong rang buoc — SAC dung ban chat
SAC,sac_e,1641,Town01,off_lane,86,-33.84217013895582,0.8157401052535209,0,khong rang buoc — SAC dung ban chat
SAC,sac_e,1845,Town01,off_lane,204,-9.803364999764026,0.7904081488095156,0,khong rang buoc — SAC dung ban chat
SAC,sac_e,1874,Town01,collision,29,-86.97799803640505,0.5530511280516336,0,khong rang buoc — SAC dung ban chat
SAC,sac_e,1981,Town01,collision,107,-106.52059910714225,0.526764504823204,0,khong rang buoc — SAC dung ban chat
SAC,sac_e,2085,Town01,collision,104,-120.44112454759335,1.1511164861978893,18,khong rang buoc — SAC dung ban chat
SAC,sac_e,2128,Town01,collision,43,-101.6220615284494,0.7607487160520351,0,khong rang buoc — SAC dung ban chat
SAC,sac_e,2242,Town01,collision,114,-119.72996056002157,0.6777946178985722,14,khong rang buoc — SAC dung ban chat
SAC,sac_e,2363,Town01,collision,121,-87.56946944773809,0.48674911385410413,0,khong rang buoc — SAC dung ban chat
SAC,sac_e,2437,Town01,off_lane,74,-67.18171498945784,0.7266812310233786,0,khong rang buoc — SAC dung ban chat
SAC,sac_e,2741,Town01,collision,304,-218.8824276459649,0.9745139036806786,29,khong rang buoc — SAC dung ban chat
SAC,sac_e,2815,Town01,collision,74,-74.04783029977393,0.33099279082073907,21,khong rang buoc — SAC dung ban chat
SAC,sac_e,2930,Town02,collision,115,-92.68750854374812,0.12162994144548615,19,khong rang buoc — SAC dung ban chat
SAC,sac_e,3157,Town02,collision,227,-125.7456110593693,0.4182148369069637,31,khong rang buoc — SAC dung ban chat
SAC,sac_e,3273,Town02,collision,116,-96.9286500317415,0.7023270323568517,16,khong rang buoc — SAC dung ban chat
SAC,sac_e,3395,Town02,collision,122,-127.47498359997431,0.6559523576280142,0,khong rang buoc — SAC dung ban chat
SAC,sac_e,3436,Town02,collision,41,-108.87611835370879,0.7960178092993233,0,khong rang buoc — SAC dung ban chat
SAC,sac_e,3465,Town02,collision,29,-76.65195596129463,0.29809956312235736,0,khong rang buoc — SAC dung ban chat
SAC,sac_e,3695,Town02,collision,230,-211.73074115929373,0.8905302077224879,47,khong rang buoc — SAC dung ban chat
SAC,sac_e,3930,Town02,collision,235,-130.4277717128968,0.5499934217005507,19,khong rang buoc — SAC dung ban chat
SAC,sac_e,3979,Town02,collision,49,-106.35166421407146,0.7992399927767748,0,khong rang buoc — SAC dung ban chat
SAC,sac_e,4057,Town02,collision,78,-115.31184966551643,1.6761219232562576,0,khong rang buoc — SAC dung ban chat
SAC,sac_e,4223,Town02,collision,166,-125.2947502357616,0.26589894599727143,16,khong rang buoc — SAC dung ban chat
SAC,sac_e,4342,Town02,collision,119,-85.18367932583561,0.4968316983223309,46,khong rang buoc — SAC dung ban chat
SAC,sac_e,4418,Town02,collision,76,-112.41746974575508,0.8081514500621269,0,khong rang buoc — SAC dung ban chat
SAC,sac_e,4681,Town02,collision,263,-107.19358287967421,0.6003618073444668,46,khong rang buoc — SAC dung ban chat
SAC,sac_e,4861,Town02,collision,180,-123.48022729224601,0.4738260738704403,33,khong rang buoc — SAC dung ban chat
SAC,sac_e,4899,Town02,collision,38,-109.44980478709996,0.9101384058470687,0,khong rang buoc — SAC dung ban chat
SAC,sac_e,4950,Town02,collision,51,-87.5028154472363,0.44255213859820125,0,khong rang buoc — SAC dung ban chat
SAC,sac_e,5179,Town02,collision,229,-144.2822249781019,0.5491053951083215,33,khong rang buoc — SAC dung ban chat
SAC,sac_e,5216,Town02,collision,37,-87.43183090086386,0.35420386478231913,0,khong rang buoc — SAC dung ban chat
SAC,sac_e,5297,Town02,collision,81,-150.5410270649831,0.8270100963951189,0,khong rang buoc — SAC dung ban chat
SAC,sac_e,5529,Town02,collision,232,-201.6954930172074,0.8008688417616922,27,khong rang buoc — SAC dung ban chat
SAC,sac_e,5855,Town02,collision,326,-230.14566572503963,0.6142995153044953,52,khong rang buoc — SAC dung ban chat
SAC,sac_e,5943,Town02,collision,88,-87.90873039318936,0.5311115270773651,0,khong rang buoc — SAC dung ban chat
SAC,sac_e,6060,Town02,collision,117,-141.40715843669943,0.630518915103148,17,khong rang buoc — SAC dung ban chat
SAC,sac_e,6232,Town02,collision,172,-141.3929433896504,0.5583772965897482,21,khong rang buoc — SAC dung ban chat
SAC,sac_e,6316,Town03,collision,84,-117.43137533404746,1.4387813139780712,40,khong rang buoc — SAC dung ban chat
SAC,sac_e,6445,Town03,collision,129,-80.55691600989508,0.43654706763017254,35,khong rang buoc — SAC dung ban chat
SAC,sac_e,6623,Town03,off_lane,178,-56.12894474313645,1.0385682553921067,72,khong rang buoc — SAC dung ban chat
SAC,sac_e,6664,Town03,collision,41,-85.63768381435446,0.3369606018066406,21,khong rang buoc — SAC dung ban chat
SAC,sac_e,6717,Town03,off_lane,53,-34.57511013856328,2.988526226633596,43,khong rang buoc — SAC dung ban chat
SAC,sac_e,7034,Town03,collision,317,-232.1180695266772,0.7115522070799504,63,khong rang buoc — SAC dung ban chat
SAC,sac_e,7481,Town03,collision,447,-415.0294727260683,1.2322130052470266,173,khong rang buoc — SAC dung ban chat
SAC,sac_e,7591,Town03,off_lane,110,-43.20347979889477,0.9802552935309204,36,khong rang buoc — SAC dung ban chat
SAC,sac_e,7653,Town03,off_lane,62,-74.67378409544285,1.5990541583298432,12,khong rang buoc — SAC dung ban chat
SAC,sac_e,7741,Town03,off_lane,88,-64.30737523633553,1.043937661071262,0,khong rang buoc — SAC dung ban chat
SAC,sac_e,7909,Town03,collision,168,-156.91535394681972,0.9967093477261338,48,khong rang buoc — SAC dung ban chat
SAC,sac_e,7964,Town03,off_lane,55,-0.7985010171504014,0.5420074523522902,17,khong rang buoc — SAC dung ban chat
SAC,sac_e,8060,Town03,collision,96,-56.602323802415654,0.3031805164822276,57,khong rang buoc — SAC dung ban chat
SAC,sac_e,8434,Town03,off_lane,374,-85.90090741616861,0.8933128894040943,168,khong rang buoc — SAC dung ban chat
SAC,sac_e,8491,Town03,collision,57,-94.43951147394995,0.9844461793491203,17,khong rang buoc — SAC dung ban chat
SAC,sac_e,8549,Town03,off_lane,58,-28.375926341449926,0.9851264086999133,15,khong rang buoc — SAC dung ban chat
SAC,sac_e,8624,Town03,off_lane,75,-3.1168484570323742,0.43753344537589955,41,khong rang buoc — SAC dung ban chat
SAC,sac_e,8687,Town03,off_lane,63,-49.03585949072448,1.348153076533233,23,khong rang buoc — SAC dung ban chat
SAC,sac_e,8716,Town03,collision,29,-91.1176902514226,0.6099438573014901,0,khong rang buoc — SAC dung ban chat
SAC,sac_e,8787,Town03,collision,71,-74.52101977359129,1.1110688250545016,62,khong rang buoc — SAC dung ban chat
SAC,sac_e,8886,Town03,off_lane,99,-15.412357849765398,1.0726753448617934,71,khong rang buoc — SAC dung ban chat
SAC,sac_e,8921,Town03,off_lane,35,-36.166739069129065,0.8161870748048029,0,khong rang buoc — SAC dung ban chat
SAC,sac_e,9172,Town03,off_lane,251,-49.104631759606825,0.48320176292082934,72,khong rang buoc — SAC dung ban chat
SAC,sac_e,9379,Town03,off_lane,207,-133.16132831854728,1.12057901643598,52,khong rang buoc — SAC dung ban chat
SAC,sac_e,9458,Town03,off_lane,79,-47.745365539957824,1.485439690738074,36,khong rang buoc — SAC dung ban chat
SAC,sac_e,9573,Town04,collision,115,-145.49681188844878,0.8565632811744043,0,khong rang buoc — SAC dung ban chat
SAC,sac_e,9622,Town04,collision,49,-99.18485580211468,1.1475811341902533,15,khong rang buoc — SAC dung ban chat
SAC,sac_e,9720,Town04,collision,98,-97.18054932549273,0.8025487462798132,25,khong rang buoc — SAC dung ban chat
SAC,sac_e,10022,Town04,collision,302,-201.16436852442783,0.3789886811203195,32,khong rang buoc — SAC dung ban chat
SAC,sac_e,10095,Town04,off_lane,73,-46.24310140686847,0.8357417076160714,0,khong rang buoc — SAC dung ban chat
SAC,sac_e,10463,Town04,collision,368,-236.63632187145924,0.5433545877439883,60,khong rang buoc — SAC dung ban chat
SAC,sac_e,10568,Town04,collision,105,-66.40717128203306,0.9563106353022907,52,khong rang buoc — SAC dung ban chat
SAC,sac_e,10977,Town04,collision,409,-109.6915226561114,0.40775911359878736,115,khong rang buoc — SAC dung ban chat
SAC,sac_e,11069,Town04,collision,92,-87.9825034116308,0.585435518953102,27,khong rang buoc — SAC dung ban chat
SAC,sac_e,11141,Town04,off_lane,72,-62.78708268709941,0.9669746446522378,0,khong rang buoc — SAC dung ban chat
SAC,sac_e,11357,Town04,collision,216,-128.7927406878688,0.7310072032630175,26,khong rang buoc — SAC dung ban chat
SAC,sac_e,11427,Town04,collision,70,-74.48730039832441,0.2649728018899793,37,khong rang buoc — SAC dung ban chat
SAC,sac_e,11914,Town04,collision,487,-167.82745045212096,0.7300323727097789,86,khong rang buoc — SAC dung ban chat
SAC,sac_e,12343,Town04,collision,429,-112.28657295258681,0.5153646545530569,141,khong rang buoc — SAC dung ban chat
SAC,sac_e,12495,Town04,collision,152,-127.02889267673062,0.8253108018427636,27,khong rang buoc — SAC dung ban chat
SAC,sac_e,12577,Town04,collision,82,-86.77797967061632,0.5196267990136698,19,khong rang buoc — SAC dung ban chat
SAC,sac_e,12756,Town04,collision,179,-146.1554104253463,0.7669016063120178,0,khong rang buoc — SAC dung ban chat
SAC,sac_e,12803,Town04,collision,47,-98.44560510088837,0.7148569817921558,0,khong rang buoc — SAC dung ban chat
SAC,sac_e,12894,Town04,collision,91,-119.70270890142112,0.6821321473927445,26,khong rang buoc — SAC dung ban chat
SAC,sac_e,12971,Town04,collision,77,-119.92735103964765,0.680762225102946,3,khong rang buoc — SAC dung ban chat
SAC,sac_e,13017,Town04,collision,46,-95.86559799602234,0.6513480661941224,15,khong rang buoc — SAC dung ban chat
SAC,sac_e,13115,Town04,collision,98,-98.1633923841004,0.9741135899654335,35,khong rang buoc — SAC dung ban chat
SAC,sac_e,13153,Town04,collision,38,-91.36885616685771,1.7328625040717893,27,khong rang buoc — SAC dung ban chat
SAC,sac_e,13380,Town04,collision,227,-175.57127385639876,0.6944023968758027,49,khong rang buoc — SAC dung ban chat
SAC,sac_e,13484,Town04,collision,104,-139.25253687363892,0.6760475548576783,0,khong rang buoc — SAC dung ban chat
SAC,sac_e,13579,Town01,collision,95,-69.51498188454087,0.5948050681764433,17,khong rang buoc — SAC dung ban chat
SAC,sac_e,13951,Town01,collision,372,-335.92083976384754,0.822394268496537,20,khong rang buoc — SAC dung ban chat
SAC,sac_e,13985,Town01,collision,34,-104.63858984198987,1.1247075056064855,0,khong rang buoc — SAC dung ban chat
SAC,sac_e,14208,Town01,collision,223,-187.0411916062827,0.7442411618772681,23,khong rang buoc — SAC dung ban chat
SAC,sac_e,14343,Town01,collision,135,-149.12318855958557,0.5336787622166244,18,khong rang buoc — SAC dung ban chat
SAC,sac_e,14491,Town01,collision,148,-118.56660445607446,0.4483063406055851,17,khong rang buoc — SAC dung ban chat
SAC,sac_e,14565,Town01,collision,74,-87.67762407343093,0.2771105116904285,32,khong rang buoc — SAC dung ban chat
SAC,sac_e,14599,Town01,collision,34,-108.11608494892094,0.7329057270297433,0,khong rang buoc — SAC dung ban chat
SAC,sac_e,14653,Town01,collision,54,-97.77882592816255,0.6756959158952354,0,khong rang buoc — SAC dung ban chat
SAC,sac_e,14943,Town01,collision,290,-237.92549266979472,1.1486264212295567,17,khong rang buoc — SAC dung ban chat
SAC,sac_e,15030,Town01,collision,87,-99.72491045172985,0.7864695680339007,0,khong rang buoc — SAC dung ban chat
SAC,sac_e,15171,Town01,collision,141,-138.17518223904995,0.8744740595810098,14,khong rang buoc — SAC dung ban chat
SAC,sac_e,15254,Town01,off_lane,83,-38.4153974688963,0.8626412761105612,0,khong rang buoc — SAC dung ban chat
SAC,sac_e,15320,Town01,collision,66,-89.2379410913072,0.38692735849918963,0,khong rang buoc — SAC dung ban chat
SAC,sac_e,15356,Town01,off_lane,36,-53.24357762391711,1.4822411176933927,0,khong rang buoc — SAC dung ban chat
SAC,sac_e,15476,Town01,collision,120,-128.61380102610667,0.3805933326727652,16,khong rang buoc — SAC dung ban chat
SAC,sac_e,15502,Town01,collision,26,-76.8365912321142,0.3026498674450307,0,khong rang buoc — SAC dung ban chat
SAC,sac_e,15524,Town01,collision,22,-77.37686887297873,0.13268906649751938,0,khong rang buoc — SAC dung ban chat
SAC,sac_e,15631,Town01,collision,107,-105.06956753812379,0.6357190658598685,0,khong rang buoc — SAC dung ban chat
SAC,sac_e,15695,Town01,collision,64,-73.63373011087171,0.3039364836643974,0,khong rang buoc — SAC dung ban chat
SAC,sac_e,15822,Town01,collision,127,-98.63614304276325,0.5005574780406201,11,khong rang buoc — SAC dung ban chat
SAC,sac_e,16322,Town01,time_limit,500,-245.9790738795706,0.7395641057296662,43,khong rang buoc — SAC dung ban chat
SAC,sac_e,16395,Town01,collision,73,-107.82084970376476,0.5884757468017449,0,khong rang buoc — SAC dung ban chat
SAC,sac_e,16469,Town01,collision,74,-113.78779303190284,0.6343008986855803,0,khong rang buoc — SAC dung ban chat
SAC,sac_e,16544,Town01,collision,75,-77.27199144676628,0.3080303963259985,0,khong rang buoc — SAC dung ban chat
SAC,sac_e,16991,Town02,collision,447,-302.3497894481022,0.6725972799553838,21,khong rang buoc — SAC dung ban chat
SAC,sac_e,17185,Town02,collision,194,-215.75561051676422,1.200484972575924,28,khong rang buoc — SAC dung ban chat
SAC,sac_e,17613,Town02,collision,428,-271.5346111000491,0.7163320101977965,37,khong rang buoc — SAC dung ban chat
SAC,sac_e,17720,Town02,collision,107,-77.999734054151,0.44525809500970337,17,khong rang buoc — SAC dung ban chat
SAC,sac_e,17764,Town02,collision,44,-85.00720137594834,0.47603390572815807,0,khong rang buoc — SAC dung ban chat
SAC,sac_e,18012,Town02,collision,248,-149.67578604463603,0.9218228659146811,54,khong rang buoc — SAC dung ban chat
SAC,sac_e,18117,Town02,collision,105,-47.1800002275002,0.48597400397373747,0,khong rang buoc — SAC dung ban chat
SAC,sac_e,18181,Town02,collision,64,-45.75149587333307,0.3048066783990146,12,khong rang buoc — SAC dung ban chat
SAC,sac_e,18228,Town02,collision,47,-78.46032956971035,0.6939079357165546,0,khong rang buoc — SAC dung ban chat
SAC,sac_e,18374,Town02,collision,146,-36.77324286713411,0.47279403641524,14,khong rang buoc — SAC dung ban chat
SAC,sac_e,18448,Town02,collision,74,-36.58040770218129,0.3465484257469856,13,khong rang buoc — SAC dung ban chat
SAC,sac_e,18505,Town02,collision,57,-65.8610402769515,0.49948522141731116,0,khong rang buoc — SAC dung ban chat
SAC,sac_e,18725,Town02,collision,220,-40.061196818141106,0.6185465572126831,22,khong rang buoc — SAC dung ban chat
SAC,sac_e,18807,Town02,collision,82,-97.69243554012971,0.9324218347383307,0,khong rang buoc — SAC dung ban chat
SAC,sac_e,18909,Town02,collision,102,-93.20257399195071,1.2182253067048945,8,khong rang buoc — SAC dung ban chat
SAC,sac_e,18940,Town02,collision,31,-78.13483532972991,0.6495907653503984,0,khong rang buoc — SAC dung ban chat
SAC,sac_e,18974,Town02,collision,34,-74.79821843476022,0.5789231690941197,0,khong rang buoc — SAC dung ban chat
SAC,sac_e,19000,Town02,collision,26,-78.90308648626583,0.4926064836183622,0,khong rang buoc — SAC dung ban chat
SAC,sac_e,19026,Town02,collision,26,-75.26911193083838,0.42785003430389096,0,khong rang buoc — SAC dung ban chat
SAC,sac_e,19091,Town02,collision,65,-95.0056113847915,0.9409389363670497,0,khong rang buoc — SAC dung ban chat
SAC,sac_e,19123,Town02,collision,32,-109.96013244826902,3.222022173305498,0,khong rang buoc — SAC dung ban chat
SAC,sac_e,19149,Town02,collision,26,-86.64682210003717,0.9240003635015991,0,khong rang buoc — SAC dung ban chat
SAC,sac_e,19171,Town02,collision,22,-79.46629648380923,0.5567696870865096,0,khong rang buoc — SAC dung ban chat
SAC,sac_e,19195,Town02,collision,24,-83.2769567353766,0.685458843884995,0,khong rang buoc — SAC dung ban chat
SAC,sac_e,19217,Town02,collision,22,-78.87431039957117,0.3833610718725545,0,khong rang buoc — SAC dung ban chat
SAC,sac_e,19244,Town03,collision,27,-88.67765231984984,3.46693685220046,19,khong rang buoc — SAC dung ban chat
SAC,sac_e,19280,Town03,off_lane,36,-15.355072140386454,10.371200004152184,26,khong rang buoc — SAC dung ban chat
SAC,sac_e,19314,Town03,off_lane,34,-11.095070590144136,0.9566463967430051,6,khong rang buoc — SAC dung ban chat
SAC,sac_e,19372,Town03,collision,58,-122.07809204431433,1.0297492332453972,0,khong rang buoc — SAC dung ban chat
SAC,sac_e,19394,Town03,collision,22,-76.02792703234424,0.960470237356247,18,khong rang buoc — SAC dung ban chat
SAC,sac_e,19440,Town03,collision,46,-111.86258460032066,0.9797198486566975,0,khong rang buoc — SAC dung ban chat
SAC,sac_e,19471,Town03,collision,31,-98.46362128998526,3.1952293048066034,14,khong rang buoc — SAC dung ban chat
SAC,sac_e,19550,Town03,collision,79,-159.7977436339178,1.1746677339796017,0,khong rang buoc — SAC dung ban chat
SAC,sac_e,19593,Town03,collision,43,-58.55506727249564,0.27855448118074433,24,khong rang buoc — SAC dung ban chat
SAC,sac_e,19683,Town03,collision,90,-149.22626388728276,1.7973716463224898,30,khong rang buoc — SAC dung ban chat
SAC,sac_e,19739,Town03,off_lane,56,-24.25765535099104,2.4566385173616117,33,khong rang buoc — SAC dung ban chat
SAC,sac_e,19814,Town03,collision,75,-156.43345450255788,1.2763258530405928,0,khong rang buoc — SAC dung ban chat
SAC,sac_e,19847,Town03,collision,33,-101.82688115370276,2.297540879557196,16,khong rang buoc — SAC dung ban chat
SAC,sac_e,19883,Town03,collision,36,-99.99669181726465,1.3557870249977932,0,khong rang buoc — SAC dung ban chat
SAC,sac_e,19920,Town03,collision,37,-105.72567834145781,1.3228881125604892,0,khong rang buoc — SAC dung ban chat
SAC,sac_e,19962,Town03,collision,42,-85.62106942823955,1.8927430782936963,17,khong rang buoc — SAC dung ban chat
SAC,sac_e,19996,Town03,collision,34,-97.684231799709,0.8866593949365683,0,khong rang buoc — SAC dung ban chat
SAC,sac_e,20052,Town03,collision,56,-88.0212480898138,1.386553896876058,27,khong rang buoc — SAC dung ban chat
SAC,sac_e,20099,Town03,collision,47,-63.968607070727835,0.43540649619501776,13,khong rang buoc — SAC dung ban chat
SAC,sac_e,20162,Town03,off_lane,63,0.8608874430625679,1.554009954109533,29,khong rang buoc — SAC dung ban chat
SAC,sac_e,20238,Town03,collision,76,-78.3849839591508,1.1688596050588764,31,khong rang buoc — SAC dung ban chat
SAC,sac_e,20383,Town03,collision,145,-44.27433532388561,0.5132208580253924,47,khong rang buoc — SAC dung ban chat
SAC,sac_e,20456,Town03,collision,73,-68.82757542167187,0.8927945805994167,25,khong rang buoc — SAC dung ban chat
SAC,sac_e,20632,Town03,off_lane,176,-33.886223664153036,0.9208830328290111,50,khong rang buoc — SAC dung ban chat
SAC,sac_e,20714,Town03,collision,82,-73.1147932795104,0.8545012612241184,36,khong rang buoc — SAC dung ban chat
SAC,sac_e,20948,Town04,collision,234,-41.89208399175439,0.7330608329103693,53,khong rang buoc — SAC dung ban chat
SAC,sac_e,20993,Town04,collision,45,-69.6217932789141,0.8817901115823311,26,khong rang buoc — SAC dung ban chat
SAC,sac_e,21391,Town04,collision,398,-120.43213805508255,0.8003492872430323,62,khong rang buoc — SAC dung ban chat
SAC,sac_e,21757,Town04,collision,366,-129.73342086234072,0.8136815987079956,35,khong rang buoc — SAC dung ban chat
SAC,sac_e,21848,Town04,collision,91,-116.7227486857457,0.8971148923846254,0,khong rang buoc — SAC dung ban chat
SAC,sac_e,22030,Town04,collision,182,-117.24479153904015,0.8670130782585906,39,khong rang buoc — SAC dung ban chat
SAC,sac_e,22530,Town04,time_limit,500,24.64563969609328,0.9249433361053573,116,khong rang buoc — SAC dung ban chat
SAC,sac_e,22630,Town04,collision,100,-81.04747609762086,0.5320695200671289,31,khong rang buoc — SAC dung ban chat
SAC,sac_e,22923,Town04,collision,293,-114.37376902090178,0.8894978123184086,53,khong rang buoc — SAC dung ban chat
SAC,sac_e,23051,Town04,collision,128,-95.08918232599859,0.6402403417685881,33,khong rang buoc — SAC dung ban chat
SAC,sac_e,23075,Town04,collision,24,-67.18562047792938,nan,24,khong rang buoc — SAC dung ban chat
SAC,sac_e,23175,Town04,collision,100,-71.01048763570212,0.6540907441684914,48,khong rang buoc — SAC dung ban chat
SAC,sac_e,23484,Town04,collision,309,-54.604981105264784,0.6067290677664569,61,khong rang buoc — SAC dung ban chat
SAC,sac_e,23893,Town04,collision,409,-155.35551188498124,0.7346211426221284,53,khong rang buoc — SAC dung ban chat
SAC,sac_e,23928,Town04,collision,35,-67.70384822892903,0.2514055923247294,16,khong rang buoc — SAC dung ban chat
SAC,sac_e,23984,Town04,off_lane,56,-30.165976469784674,1.0652286216782298,12,khong rang buoc — SAC dung ban chat
SAC,sac_e,24009,Town04,collision,25,-88.42185382948888,0.4768142076806916,0,khong rang buoc — SAC dung ban chat
SAC,sac_e,24077,Town04,collision,68,-79.70674008808503,0.9217387615866642,32,khong rang buoc — SAC dung ban chat
SAC,sac_e,24304,Town04,collision,227,-176.91670677326664,0.7205096604348221,60,khong rang buoc — SAC dung ban chat
SAC,sac_e,24804,Town04,time_limit,500,-30.30703272008655,0.7996954496699564,161,khong rang buoc — SAC dung ban chat
SAC,sac_e,25304,Town04,time_limit,500,-33.13820308263609,0.842993689038333,109,khong rang buoc — SAC dung ban chat
SAC,sac_e,25804,Town04,time_limit,500,-46.26802161400465,0.8193932819832646,160,khong rang buoc — SAC dung ban chat
SAC,sac_e,26304,Town04,time_limit,500,-186.07636424902716,0.8443108703963299,80,khong rang buoc — SAC dung ban chat
SAC,sac_e,26406,Town04,collision,102,-134.74871342201027,1.0781515746334598,26,khong rang buoc — SAC dung ban chat
SAC,sac_e,26623,Town04,collision,217,-181.08658701619578,0.6876671129523723,46,khong rang buoc — SAC dung ban chat
SAC,sac_e,27087,Town01,collision,464,-349.4637386805847,0.6599893755859016,37,khong rang buoc — SAC dung ban chat
SAC,sac_e,27491,Town01,collision,404,-381.4251571481541,0.7058545682907206,30,khong rang buoc — SAC dung ban chat
SAC,sac_e,27991,Town01,time_limit,500,-401.9683496264126,0.7655857298859063,16,khong rang buoc — SAC dung ban chat
SAC,sac_e,28019,Town01,collision,28,-78.98123075353732,0.20926129765195775,0,khong rang buoc — SAC dung ban chat
SAC,sac_e,28051,Town01,collision,32,-86.09343305414802,0.39989299743094187,0,khong rang buoc — SAC dung ban chat
SAC,sac_e,28335,Town01,collision,284,-303.98496974057275,0.6268825458531089,17,khong rang buoc — SAC dung ban chat
SAC,sac_e,28492,Town01,collision,157,-180.24920726105108,0.4964570469469235,0,khong rang buoc — SAC dung ban chat
SAC,sac_e,28601,Town01,collision,109,-135.66587767697033,0.44823862648711554,0,khong rang buoc — SAC dung ban chat
SAC,sac_e,28871,Town01,collision,270,-226.8546204258154,0.5547090934332002,14,khong rang buoc — SAC dung ban chat
SAC,sac_e,29283,Town01,collision,412,-277.54859461104564,0.4645895390864729,7,khong rang buoc — SAC dung ban chat
SAC,sac_e,29685,Town01,collision,402,-112.47219015449143,0.38257856623372827,7,khong rang buoc — SAC dung ban chat
SAC,sac_e,30101,Town01,collision,416,12.786757108335024,0.3543989389589077,128,khong rang buoc — SAC dung ban chat
