loai,nhan,lan_chay,chuoi,env_step,ham_reward,ban_do,do_dai,reward,lech_lan_m,junction_steps,ket_thuc,va_cham_pct,n,policy_loss,value_loss,entropy,explained_variance,approx_kl,clip_fraction,steps_per_sec,ghi_chu
episode,ppo_v1,ppo_v1,PPO-A reward tho,0,raw,,423,3446.5290932675807,,,collision,,,,,,,,,,"reward tho, phat va cham 300, chi Town04"
episode,ppo_v1,ppo_v1,PPO-A reward tho,0,raw,,135,491.62094907193955,,,collision,,,,,,,,,,"reward tho, phat va cham 300, chi Town04"
episode,ppo_v1,ppo_v1,PPO-A reward tho,0,raw,,72,48.85245018089785,,,collision,,,,,,,,,,"reward tho, phat va cham 300, chi Town04"
episode,ppo_v1,ppo_v1,PPO-A reward tho,0,raw,,250,2248.814872243199,,,collision,,,,,,,,,,"reward tho, phat va cham 300, chi Town04"
episode,ppo_v1,ppo_v1,PPO-A reward tho,1024,raw,,500,5001.426198411502,,,time_limit,,,,,,,,,,"reward tho, phat va cham 300, chi Town04"
episode,ppo_v1,ppo_v1,PPO-A reward tho,1024,raw,,325,3558.590072788386,,,collision,,,,,,,,,,"reward tho, phat va cham 300, chi Town04"
episode,ppo_v1,ppo_v1,PPO-A reward tho,1024,raw,,107,350.1067172431323,,,collision,,,,,,,,,,"reward tho, phat va cham 300, chi Town04"
episode,ppo_v1,ppo_v1,PPO-A reward tho,2048,raw,,500,3386.5858048278124,,,time_limit,,,,,,,,,,"reward tho, phat va cham 300, chi Town04"
episode,ppo_v1,ppo_v1,PPO-A reward tho,2048,raw,,467,3470.9882702853124,,,off_lane,,,,,,,,,,"reward tho, phat va cham 300, chi Town04"
episode,ppo_v1,ppo_v1,PPO-A reward tho,3072,raw,,500,3783.985673560408,,,time_limit,,,,,,,,,,"reward tho, phat va cham 300, chi Town04"
episode,ppo_v1,ppo_v1,PPO-A reward tho,3072,raw,,500,3719.312304783691,,,time_limit,,,,,,,,,,"reward tho, phat va cham 300, chi Town04"
episode,ppo_v1,ppo_v1,PPO-A reward tho,3072,raw,,202,976.7167517772216,,,collision,,,,,,,,,,"reward tho, phat va cham 300, chi Town04"
episode,ppo_v1,ppo_v1,PPO-A reward tho,4096,raw,,132,983.9850680391455,,,collision,,,,,,,,,,"reward tho, phat va cham 300, chi Town04"
episode,ppo_v1,ppo_v1,PPO-A reward tho,4096,raw,,392,2125.460800321711,,,collision,,,,,,,,,,"reward tho, phat va cham 300, chi Town04"
episode,ppo_v1,ppo_v1,PPO-A reward tho,4096,raw,,500,4593.007155044311,,,time_limit,,,,,,,,,,"reward tho, phat va cham 300, chi Town04"
episode,ppo_v1,ppo_v1,PPO-A reward tho,5120,raw,,169,-91.32189156235239,,,collision,,,,,,,,,,"reward tho, phat va cham 300, chi Town04"
episode,ppo_v1,ppo_v1,PPO-A reward tho,5120,raw,,441,489.8555150186015,,,collision,,,,,,,,,,"reward tho, phat va cham 300, chi Town04"
episode,ppo_v1,ppo_v1,PPO-A reward tho,5120,raw,,372,2826.943283417643,,,collision,,,,,,,,,,"reward tho, phat va cham 300, chi Town04"
episode,ppo_v1,ppo_v1,PPO-A reward tho,6144,raw,,260,876.373415139426,,,collision,,,,,,,,,,"reward tho, phat va cham 300, chi Town04"
episode,ppo_v1,ppo_v1,PPO-A reward tho,6144,raw,,80,183.30693691296034,,,collision,,,,,,,,,,"reward tho, phat va cham 300, chi Town04"
episode,ppo_v1,ppo_v1,PPO-A reward tho,6144,raw,,43,-129.16535778922827,,,collision,,,,,,,,,,"reward tho, phat va cham 300, chi Town04"
episode,ppo_v1,ppo_v1,PPO-A reward tho,6144,raw,,500,3364.7449939885823,,,time_limit,,,,,,,,,,"reward tho, phat va cham 300, chi Town04"
episode,ppo_v1,ppo_v1,PPO-A reward tho,6144,raw,,295,3220.1773344268536,,,off_lane,,,,,,,,,,"reward tho, phat va cham 300, chi Town04"
episode,ppo_v1,ppo_v1,PPO-A reward tho,7168,raw,,382,715.0874483768814,,,collision,,,,,,,,,,"reward tho, phat va cham 300, chi Town04"
episode,ppo_v1,ppo_v1,PPO-A reward tho,7168,raw,,58,-25.203195048738223,,,collision,,,,,,,,,,"reward tho, phat va cham 300, chi Town04"
episode,ppo_v1,ppo_v1,PPO-A reward tho,7168,raw,,49,-76.16731140076416,,,collision,,,,,,,,,,"reward tho, phat va cham 300, chi Town04"
episode,ppo_v1,ppo_v1,PPO-A reward tho,7168,raw,,103,558.5122430312379,,,collision,,,,,,,,,,"reward tho, phat va cham 300, chi Town04"
episode,ppo_v1,ppo_v1,PPO-A reward tho,7168,raw,,130,440.21225572306173,,,collision,,,,,,,,,,"reward tho, phat va cham 300, chi Town04"
episode,ppo_v1,ppo_v1,PPO-A reward tho,8192,raw,,500,5521.410035829766,,,time_limit,,,,,,,,,,"reward tho, phat va cham 300, chi Town04"
episode,ppo_v1,ppo_v1,PPO-A reward tho,8192,raw,,257,1857.416596844183,,,collision,,,,,,,,,,"reward tho, phat va cham 300, chi Town04"
episode,ppo_v1,ppo_v1,PPO-A reward tho,8192,raw,,500,1418.1952356805937,,,time_limit,,,,,,,,,,"reward tho, phat va cham 300, chi Town04"
episode,ppo_v1,ppo_v1,PPO-A reward tho,9216,raw,,241,1158.3218200843048,,,collision,,,,,,,,,,"reward tho, phat va cham 300, chi Town04"
episode,ppo_v1,ppo_v1,PPO-A reward tho,9216,raw,,76,263.23012889084174,,,off_lane,,,,,,,,,,"reward tho, phat va cham 300, chi Town04"
episode,ppo_v1,ppo_v1,PPO-A reward tho,9216,raw,,444,3670.8675873538464,,,collision,,,,,,,,,,"reward tho, phat va cham 300, chi Town04"
episode,ppo_v1,ppo_v1,PPO-A reward tho,9216,raw,,215,568.3829233548108,,,collision,,,,,,,,,,"reward tho, phat va cham 300, chi Town04"
episode,ppo_v1,ppo_v1,PPO-A reward tho,10240,raw,,190,1483.2741668865983,,,collision,,,,,,,,,,"reward tho, phat va cham 300, chi Town04"
episode,ppo_v1,ppo_v1,PPO-A reward tho,10240,raw,,500,4445.06326771393,,,time_limit,,,,,,,,,,"reward tho, phat va cham 300, chi Town04"
episode,ppo_v1,ppo_v1,PPO-A reward tho,10240,raw,,53,-49.0793350763517,,,collision,,,,,,,,,,"reward tho, phat va cham 300, chi Town04"
episode,ppo_v1,ppo_v1,PPO-A reward tho,10240,raw,,191,1537.7954177785384,,,collision,,,,,,,,,,"reward tho, phat va cham 300, chi Town04"
episode,ppo_v1,ppo_v1,PPO-A reward tho,11264,raw,,500,3425.3214915885205,,,time_limit,,,,,,,,,,"reward tho, phat va cham 300, chi Town04"
episode,ppo_v1,ppo_v1,PPO-A reward tho,11264,raw,,165,1467.7466817455852,,,collision,,,,,,,,,,"reward tho, phat va cham 300, chi Town04"
episode,ppo_v1,ppo_v1,PPO-A reward tho,11264,raw,,339,817.4743848415108,,,collision,,,,,,,,,,"reward tho, phat va cham 300, chi Town04"
episode,ppo_v1,ppo_v1,PPO-A reward tho,11264,raw,,96,213.04557251684662,,,collision,,,,,,,,,,"reward tho, phat va cham 300, chi Town04"
episode,ppo_v1,ppo_v1,PPO-A reward tho,12288,raw,,500,4994.534333199298,,,time_limit,,,,,,,,,,"reward tho, phat va cham 300, chi Town04"
episode,ppo_v1,ppo_v1,PPO-A reward tho,12288,raw,,246,1891.2123406905084,,,off_lane,,,,,,,,,,"reward tho, phat va cham 300, chi Town04"
episode,ppo_v1,ppo_v1,PPO-A reward tho,13312,raw,,500,3111.7480307226024,,,time_limit,,,,,,,,,,"reward tho, phat va cham 300, chi Town04"
episode,ppo_v1,ppo_v1,PPO-A reward tho,13312,raw,,500,3015.3006148201894,,,time_limit,,,,,,,,,,"reward tho, phat va cham 300, chi Town04"
episode,ppo_v1,ppo_v1,PPO-A reward tho,13312,raw,,389,4157.671778857045,,,collision,,,,,,,,,,"reward tho, phat va cham 300, chi Town04"
episode,ppo_v1,ppo_v1,PPO-A reward tho,14336,raw,,392,983.947866022384,,,collision,,,,,,,,,,"reward tho, phat va cham 300, chi Town04"
episode,ppo_v1,ppo_v1,PPO-A reward tho,14336,raw,,275,2782.073415463795,,,collision,,,,,,,,,,"reward tho, phat va cham 300, chi Town04"
episode,ppo_v1,ppo_v1,PPO-A reward tho,14336,raw,,386,2555.4638815679255,,,collision,,,,,,,,,,"reward tho, phat va cham 300, chi Town04"
episode,ppo_v1,ppo_v1,PPO-A reward tho,15360,raw,,500,5335.999247333826,,,time_limit,,,,,,,,,,"reward tho, phat va cham 300, chi Town04"
episode,ppo_v1,ppo_v1,PPO-A reward tho,15360,raw,,500,5102.046158626097,,,time_limit,,,,,,,,,,"reward tho, phat va cham 300, chi Town04"
episode,ppo_v1,ppo_v1,PPO-A reward tho,16384,raw,,367,3200.486332998532,,,collision,,,,,,,,,,"reward tho, phat va cham 300, chi Town04"
episode,ppo_v1,ppo_v1,PPO-A reward tho,16384,raw,,500,3455.7087386782114,,,time_limit,,,,,,,,,,"reward tho, phat va cham 300, chi Town04"
episode,ppo_v1,ppo_v1,PPO-A reward tho,17408,raw,,500,4085.2597177442403,,,time_limit,,,,,,,,,,"reward tho, phat va cham 300, chi Town04"
episode,ppo_v1,ppo_v1,PPO-A reward tho,17408,raw,,427,4829.584463625403,,,collision,,,,,,,,,,"reward tho, phat va cham 300, chi Town04"
episode,ppo_v1,ppo_v1,PPO-A reward tho,18432,raw,,500,4448.88467755268,,,time_limit,,,,,,,,,,"reward tho, phat va cham 300, chi Town04"
episode,ppo_v1,ppo_v1,PPO-A reward tho,18432,raw,,366,2711.791001504036,,,collision,,,,,,,,,,"reward tho, phat va cham 300, chi Town04"
episode,ppo_v1,ppo_v1,PPO-A reward tho,18432,raw,,248,2020.4658445366595,,,collision,,,,,,,,,,"reward tho, phat va cham 300, chi Town04"
episode,ppo_v1,ppo_v1,PPO-A reward tho,19456,raw,,500,5937.852218030731,,,time_limit,,,,,,,,,,"reward tho, phat va cham 300, chi Town04"
episode,ppo_v1,ppo_v1,PPO-A reward tho,19456,raw,,500,3097.2630337760343,,,time_limit,,,,,,,,,,"reward tho, phat va cham 300, chi Town04"
episode,ppo_v1,ppo_v1,PPO-A reward tho,20480,raw,,300,-157.2847942833216,,,collision,,,,,,,,,,"reward tho, phat va cham 300, chi Town04"
episode,ppo_v1,ppo_v1,PPO-A reward tho,20480,raw,,154,529.5228516255133,,,collision,,,,,,,,,,"reward tho, phat va cham 300, chi Town04"
episode,ppo_v1,ppo_v1,PPO-A reward tho,20480,raw,,500,4607.613432491922,,,time_limit,,,,,,,,,,"reward tho, phat va cham 300, chi Town04"
episode,ppo_v1,ppo_v1,PPO-A reward tho,20480,raw,,60,-9.066580552111134,,,collision,,,,,,,,,,"reward tho, phat va cham 300, chi Town04"
episode,ppo_v1,ppo_v1,PPO-A reward tho,21504,raw,,500,6234.396286015571,,,time_limit,,,,,,,,,,"reward tho, phat va cham 300, chi Town04"
episode,ppo_v1,ppo_v1,PPO-A reward tho,21504,raw,,376,3573.224369950107,,,collision,,,,,,,,,,"reward tho, phat va cham 300, chi Town04"
episode,ppo_v1,ppo_v1,PPO-A reward tho,21504,raw,,71,82.9856376707238,,,collision,,,,,,,,,,"reward tho, phat va cham 300, chi Town04"
episode,ppo_v1,ppo_v1,PPO-A reward tho,22528,raw,,500,5396.273634221842,,,time_limit,,,,,,,,,,"reward tho, phat va cham 300, chi Town04"
episode,ppo_v1,ppo_v1,PPO-A reward tho,22528,raw,,145,719.9520980810923,,,collision,,,,,,,,,,"reward tho, phat va cham 300, chi Town04"
episode,ppo_v1,ppo_v1,PPO-A reward tho,22528,raw,,100,193.95663964414388,,,collision,,,,,,,,,,"reward tho, phat va cham 300, chi Town04"
episode,ppo_v1,ppo_v1,PPO-A reward tho,22528,raw,,92,277.1385110426088,,,collision,,,,,,,,,,"reward tho, phat va cham 300, chi Town04"
episode,ppo_v1,ppo_v1,PPO-A reward tho,22528,raw,,378,2491.276083233226,,,collision,,,,,,,,,,"reward tho, phat va cham 300, chi Town04"
episode,ppo_v1,ppo_v1,PPO-A reward tho,23552,raw,,500,5088.055955485276,,,time_limit,,,,,,,,,,"reward tho, phat va cham 300, chi Town04"
episode,ppo_v1,ppo_v1,PPO-A reward tho,23552,raw,,157,-24.919621777755196,,,collision,,,,,,,,,,"reward tho, phat va cham 300, chi Town04"
episode,ppo_v1,ppo_v1,PPO-A reward tho,24576,raw,,500,5079.61444943849,,,time_limit,,,,,,,,,,"reward tho, phat va cham 300, chi Town04"
episode,ppo_v1,ppo_v1,PPO-A reward tho,24576,raw,,403,4250.261736850775,,,collision,,,,,,,,,,"reward tho, phat va cham 300, chi Town04"
episode,ppo_v1,ppo_v1,PPO-A reward tho,24576,raw,,500,5092.092763046728,,,time_limit,,,,,,,,,,"reward tho, phat va cham 300, chi Town04"
episode,ppo_v1,ppo_v1,PPO-A reward tho,25600,raw,,318,2628.7503805718143,,,collision,,,,,,,,,,"reward tho, phat va cham 300, chi Town04"
episode,ppo_v1,ppo_v1,PPO-A reward tho,25600,raw,,295,2043.6736928425407,,,collision,,,,,,,,,,"reward tho, phat va cham 300, chi Town04"
episode,ppo_v1,ppo_v1,PPO-A reward tho,25600,raw,,500,5127.448940474245,,,time_limit,,,,,,,,,,"reward tho, phat va cham 300, chi Town04"
episode,ppo_v1,ppo_v1,PPO-A reward tho,26624,raw,,317,2514.608108979899,,,collision,,,,,,,,,,"reward tho, phat va cham 300, chi Town04"
episode,ppo_v1,ppo_v1,PPO-A reward tho,26624,raw,,500,5938.603877643624,,,time_limit,,,,,,,,,,"reward tho, phat va cham 300, chi Town04"
episode,ppo_v1,ppo_v1,PPO-A reward tho,27648,raw,,500,5739.759913066999,,,time_limit,,,,,,,,,,"reward tho, phat va cham 300, chi Town04"
episode,ppo_v1,ppo_v1,PPO-A reward tho,27648,raw,,108,437.96110929934633,,,collision,,,,,,,,,,"reward tho, phat va cham 300, chi Town04"
episode,ppo_v1,ppo_v1,PPO-A reward tho,27648,raw,,117,250.0826810820987,,,collision,,,,,,,,,,"reward tho, phat va cham 300, chi Town04"
episode,ppo_v1,ppo_v1,PPO-A reward tho,27648,raw,,156,729.4805384296185,,,collision,,,,,,,,,,"reward tho, phat va cham 300, chi Town04"
episode,ppo_v1,ppo_v1,PPO-A reward tho,28672,raw,,500,4949.45687531474,,,time_limit,,,,,,,,,,"reward tho, phat va cham 300, chi Town04"
episode,ppo_v1,ppo_v1,PPO-A reward tho,28672,raw,,500,5530.4413940633785,,,time_limit,,,,,,,,,,"reward tho, phat va cham 300, chi Town04"
episode,ppo_v1,ppo_v1,PPO-A reward tho,29696,raw,,500,5270.55867870956,,,time_limit,,,,,,,,,,"reward tho, phat va cham 300, chi Town04"
episode,ppo_v1,ppo_v1,PPO-A reward tho,29696,raw,,500,3614.5464696876033,,,time_limit,,,,,,,,,,"reward tho, phat va cham 300, chi Town04"
episode,ppo_v1,ppo_v1,PPO-A reward tho,29696,raw,,58,-57.048964053811176,,,collision,,,,,,,,,,"reward tho, phat va cham 300, chi Town04"
episode,ppo_v1,ppo_v1,PPO-A reward tho,29696,raw,,192,762.1967623758391,,,collision,,,,,,,,,,"reward tho, phat va cham 300, chi Town04"
episode,ppo_v1,ppo_v1,PPO-A reward tho,30720,raw,,447,4194.9101169656615,,,collision,,,,,,,,,,"reward tho, phat va cham 300, chi Town04"
episode,ppo_v1,ppo_v1,PPO-A reward tho,30720,raw,,500,6333.338566129472,,,time_limit,,,,,,,,,,"reward tho, phat va cham 300, chi Town04"
episode,ppo_v1,ppo_v1,PPO-A reward tho,31744,raw,,500,4862.330238079315,,,time_limit,,,,,,,,,,"reward tho, phat va cham 300, chi Town04"
episode,ppo_v1,ppo_v1,PPO-A reward tho,31744,raw,,84,364.13193300451775,,,off_lane,,,,,,,,,,"reward tho, phat va cham 300, chi Town04"
episode,ppo_v1,ppo_v1,PPO-A reward tho,31744,raw,,500,6341.754576755322,,,time_limit,,,,,,,,,,"reward tho, phat va cham 300, chi Town04"
episode,ppo_v1,ppo_v1,PPO-A reward tho,32768,raw,,232,598.8490604908361,,,collision,,,,,,,,,,"reward tho, phat va cham 300, chi Town04"
episode,ppo_v1,ppo_v1,PPO-A reward tho,32768,raw,,380,2157.103542517195,,,collision,,,,,,,,,,"reward tho, phat va cham 300, chi Town04"
episode,ppo_v1,ppo_v1,PPO-A reward tho,32768,raw,,500,5764.718920226166,,,time_limit,,,,,,,,,,"reward tho, phat va cham 300, chi Town04"
episode,ppo_v1,ppo_v1,PPO-A reward tho,32768,raw,,95,253.06042219816794,,,collision,,,,,,,,,,"reward tho, phat va cham 300, chi Town04"
episode,ppo_v1,ppo_v1,PPO-A reward tho,33792,raw,,117,362.59490867113624,,,collision,,,,,,,,,,"reward tho, phat va cham 300, chi Town04"
episode,ppo_v1,ppo_v1,PPO-A reward tho,33792,raw,,194,1066.0877789206234,,,collision,,,,,,,,,,"reward tho, phat va cham 300, chi Town04"
episode,ppo_v1,ppo_v1,PPO-A reward tho,33792,raw,,500,5225.860738406463,,,time_limit,,,,,,,,,,"reward tho, phat va cham 300, chi Town04"
episode,ppo_v1,ppo_v1,PPO-A reward tho,34816,raw,,500,5080.827349820733,,,time_limit,,,,,,,,,,"reward tho, phat va cham 300, chi Town04"
episode,ppo_v1,ppo_v1,PPO-A reward tho,34816,raw,,500,4790.872566546189,,,time_limit,,,,,,,,,,"reward tho, phat va cham 300, chi Town04"
episode,ppo_v1,ppo_v1,PPO-A reward tho,35840,raw,,500,6293.072769453871,,,time_limit,,,,,,,,,,"reward tho, phat va cham 300, chi Town04"
episode,ppo_v1,ppo_v1,PPO-A reward tho,35840,raw,,500,6375.3437491691675,,,time_limit,,,,,,,,,,"reward tho, phat va cham 300, chi Town04"
episode,ppo_v1,ppo_v1,PPO-A reward tho,36864,raw,,339,3855.502362678778,,,collision,,,,,,,,,,"reward tho, phat va cham 300, chi Town04"
episode,ppo_v1,ppo_v1,PPO-A reward tho,36864,raw,,500,6101.395061742731,,,time_limit,,,,,,,,,,"reward tho, phat va cham 300, chi Town04"
episode,ppo_v1,ppo_v1,PPO-A reward tho,36864,raw,,112,524.7793460206851,,,collision,,,,,,,,,,"reward tho, phat va cham 300, chi Town04"
episode,ppo_v1,ppo_v1,PPO-A reward tho,37888,raw,,500,5728.394995587742,,,time_limit,,,,,,,,,,"reward tho, phat va cham 300, chi Town04"
episode,ppo_v1,ppo_v1,PPO-A reward tho,37888,raw,,199,601.1704845861917,,,collision,,,,,,,,,,"reward tho, phat va cham 300, chi Town04"
episode,ppo_v1,ppo_v1,PPO-A reward tho,37888,raw,,500,5287.675083650302,,,time_limit,,,,,,,,,,"reward tho, phat va cham 300, chi Town04"
episode,ppo_v1,ppo_v1,PPO-A reward tho,38912,raw,,500,3316.813261778388,,,time_limit,,,,,,,,,,"reward tho, phat va cham 300, chi Town04"
episode,ppo_v1,ppo_v1,PPO-A reward tho,38912,raw,,500,5056.786936471388,,,time_limit,,,,,,,,,,"reward tho, phat va cham 300, chi Town04"
episode,ppo_v1,ppo_v1,PPO-A reward tho,39936,raw,,500,6557.450463705781,,,time_limit,,,,,,,,,,"reward tho, phat va cham 300, chi Town04"
episode,ppo_v1,ppo_v1,PPO-A reward tho,39936,raw,,180,883.6631409013546,,,collision,,,,,,,,,,"reward tho, phat va cham 300, chi Town04"
episode,ppo_v1,ppo_v1,PPO-A reward tho,39936,raw,,443,864.4263931203571,,,collision,,,,,,,,,,"reward tho, phat va cham 300, chi Town04"
episode,ppo_v1,ppo_v1,PPO-A reward tho,39936,raw,,37,-157.74751586127314,,,collision,,,,,,,,,,"reward tho, phat va cham 300, chi Town04"
episode,ppo_v1,ppo_v1,PPO-A reward tho,40960,raw,,500,5881.801821605458,,,time_limit,,,,,,,,,,"reward tho, phat va cham 300, chi Town04"
episode,ppo_v1,ppo_v1,PPO-A reward tho,40960,raw,,97,288.5264872724123,,,collision,,,,,,,,,,"reward tho, phat va cham 300, chi Town04"
episode,ppo_v1,ppo_v1,PPO-A reward tho,41984,raw,,500,4910.063824167307,,,time_limit,,,,,,,,,,"reward tho, phat va cham 300, chi Town04"
episode,ppo_v1,ppo_v1,PPO-A reward tho,41984,raw,,149,566.6992306941496,,,collision,,,,,,,,,,"reward tho, phat va cham 300, chi Town04"
episode,ppo_v1,ppo_v1,PPO-A reward tho,41984,raw,,500,5500.055876330179,,,time_limit,,,,,,,,,,"reward tho, phat va cham 300, chi Town04"
episode,ppo_v1,ppo_v1,PPO-A reward tho,43008,raw,,500,5538.819623136767,,,time_limit,,,,,,,,,,"reward tho, phat va cham 300, chi Town04"
episode,ppo_v1,ppo_v1,PPO-A reward tho,43008,raw,,500,5677.197201766548,,,time_limit,,,,,,,,,,"reward tho, phat va cham 300, chi Town04"
episode,ppo_v1,ppo_v1,PPO-A reward tho,43008,raw,,49,-82.69790935470726,,,collision,,,,,,,,,,"reward tho, phat va cham 300, chi Town04"
episode,ppo_v1,ppo_v1,PPO-A reward tho,44032,raw,,500,3208.0486478315293,,,time_limit,,,,,,,,,,"reward tho, phat va cham 300, chi Town04"
episode,ppo_v1,ppo_v1,PPO-A reward tho,44032,raw,,77,202.23594628628757,,,collision,,,,,,,,,,"reward tho, phat va cham 300, chi Town04"
episode,ppo_v1,ppo_v1,PPO-A reward tho,44032,raw,,500,6258.647097330569,,,time_limit,,,,,,,,,,"reward tho, phat va cham 300, chi Town04"
episode,ppo_v1,ppo_v1,PPO-A reward tho,45056,raw,,500,6764.093643330386,,,time_limit,,,,,,,,,,"reward tho, phat va cham 300, chi Town04"
episode,ppo_v1,ppo_v1,PPO-A reward tho,45056,raw,,47,-87.23627722886908,,,collision,,,,,,,,,,"reward tho, phat va cham 300, chi Town04"
episode,ppo_v1,ppo_v1,PPO-A reward tho,45056,raw,,173,146.40212999183728,,,collision,,,,,,,,,,"reward tho, phat va cham 300, chi Town04"
episode,ppo_v1,ppo_v1,PPO-A reward tho,45056,raw,,315,722.1173492024902,,,collision,,,,,,,,,,"reward tho, phat va cham 300, chi Town04"
episode,ppo_v1,ppo_v1,PPO-A reward tho,45056,raw,,99,133.7697603145649,,,collision,,,,,,,,,,"reward tho, phat va cham 300, chi Town04"
episode,ppo_v1,ppo_v1,PPO-A reward tho,46080,raw,,428,4157.261483217842,,,collision,,,,,,,,,,"reward tho, phat va cham 300, chi Town04"
episode,ppo_v1,ppo_v1,PPO-A reward tho,46080,raw,,500,5986.76683182197,,,time_limit,,,,,,,,,,"reward tho, phat va cham 300, chi Town04"
episode,ppo_v1,ppo_v1,PPO-A reward tho,47104,raw,,500,5804.261507210946,,,time_limit,,,,,,,,,,"reward tho, phat va cham 300, chi Town04"
episode,ppo_v1,ppo_v1,PPO-A reward tho,47104,raw,,500,5402.136772595934,,,time_limit,,,,,,,,,,"reward tho, phat va cham 300, chi Town04"
episode,ppo_v1,ppo_v1,PPO-A reward tho,48128,raw,,500,5862.981967928101,,,time_limit,,,,,,,,,,"reward tho, phat va cham 300, chi Town04"
episode,ppo_v1,ppo_v1,PPO-A reward tho,48128,raw,,238,1486.0899036938767,,,collision,,,,,,,,,,"reward tho, phat va cham 300, chi Town04"
episode,ppo_v1,ppo_v1,PPO-A reward tho,48128,raw,,500,6082.218807423294,,,time_limit,,,,,,,,,,"reward tho, phat va cham 300, chi Town04"
episode,ppo_v1,ppo_v1,PPO-A reward tho,49152,raw,,500,5108.635535144594,,,time_limit,,,,,,,,,,"reward tho, phat va cham 300, chi Town04"
episode,ppo_v1,ppo_v1,PPO-A reward tho,49152,raw,,500,5328.685316175613,,,time_limit,,,,,,,,,,"reward tho, phat va cham 300, chi Town04"
episode,ppo_v1,ppo_v1,PPO-A reward tho,50176,raw,,500,3280.8137633669244,,,time_limit,,,,,,,,,,"reward tho, phat va cham 300, chi Town04"
episode,ppo_v1,ppo_v1,PPO-A reward tho,50176,raw,,98,68.33720399543586,,,collision,,,,,,,,,,"reward tho, phat va cham 300, chi Town04"
episode,ppo_v1,ppo_v1,PPO-A reward tho,50176,raw,,482,4928.428262867703,,,collision,,,,,,,,,,"reward tho, phat va cham 300, chi Town04"
episode,ppo_v1,ppo_v1,PPO-A reward tho,51200,raw,,500,5420.50357749127,,,time_limit,,,,,,,,,,"reward tho, phat va cham 300, chi Town04"
episode,ppo_v1,ppo_v1,PPO-A reward tho,51200,raw,,49,-86.55025590093683,,,collision,,,,,,,,,,"reward tho, phat va cham 300, chi Town04"
episode,ppo_v1,ppo_v1,PPO-A reward tho,51200,raw,,500,5796.849872993324,,,time_limit,,,,,,,,,,"reward tho, phat va cham 300, chi Town04"
episode,ppo_v1,ppo_v1,PPO-A reward tho,52224,raw,,252,1168.8706179269288,,,collision,,,,,,,,,,"reward tho, phat va cham 300, chi Town04"
episode,ppo_v1,ppo_v1,PPO-A reward tho,52224,raw,,500,6058.487028812344,,,time_limit,,,,,,,,,,"reward tho, phat va cham 300, chi Town04"
episode,ppo_v1,ppo_v1,PPO-A reward tho,52224,raw,,102,-154.53183801623783,,,collision,,,,,,,,,,"reward tho, phat va cham 300, chi Town04"
episode,ppo_v1,ppo_v1,PPO-A reward tho,53248,raw,,500,3395.7745416668813,,,time_limit,,,,,,,,,,"reward tho, phat va cham 300, chi Town04"
episode,ppo_v1,ppo_v1,PPO-A reward tho,53248,raw,,484,5066.824613985125,,,collision,,,,,,,,,,"reward tho, phat va cham 300, chi Town04"
episode,ppo_v1,ppo_v1,PPO-A reward tho,53248,raw,,202,825.6091094666805,,,collision,,,,,,,,,,"reward tho, phat va cham 300, chi Town04"
episode,ppo_v1,ppo_v1,PPO-A reward tho,54272,raw,,500,3682.2072475227583,,,time_limit,,,,,,,,,,"reward tho, phat va cham 300, chi Town04"
episode,ppo_v1,ppo_v1,PPO-A reward tho,54272,raw,,45,-103.02002842603494,,,collision,,,,,,,,,,"reward tho, phat va cham 300, chi Town04"
episode,ppo_v1,ppo_v1,PPO-A reward tho,54272,raw,,500,6182.024159749458,,,time_limit,,,,,,,,,,"reward tho, phat va cham 300, chi Town04"
episode,ppo_v1,ppo_v1,PPO-A reward tho,55296,raw,,500,5495.255835094266,,,time_limit,,,,,,,,,,"reward tho, phat va cham 300, chi Town04"
episode,ppo_v1,ppo_v1,PPO-A reward tho,55296,raw,,500,5957.663763174722,,,time_limit,,,,,,,,,,"reward tho, phat va cham 300, chi Town04"
episode,ppo_v1,ppo_v1,PPO-A reward tho,56320,raw,,500,3791.5025565911014,,,time_limit,,,,,,,,,,"reward tho, phat va cham 300, chi Town04"
episode,ppo_v1,ppo_v1,PPO-A reward tho,56320,raw,,500,7051.859208817694,,,time_limit,,,,,,,,,,"reward tho, phat va cham 300, chi Town04"
episode,ppo_v1,ppo_v1,PPO-A reward tho,56320,raw,,52,-117.61617402714913,,,collision,,,,,,,,,,"reward tho, phat va cham 300, chi Town04"
episode,ppo_v1,ppo_v1,PPO-A reward tho,57344,raw,,365,2992.515565230826,,,collision,,,,,,,,,,"reward tho, phat va cham 300, chi Town04"
episode,ppo_v1,ppo_v1,PPO-A reward tho,57344,raw,,170,652.5099540840915,,,collision,,,,,,,,,,"reward tho, phat va cham 300, chi Town04"
episode,ppo_v1,ppo_v1,PPO-A reward tho,57344,raw,,272,680.1779764967577,,,collision,,,,,,,,,,"reward tho, phat va cham 300, chi Town04"
episode,ppo_v1,ppo_v1,PPO-A reward tho,58368,raw,,500,6212.561380682246,,,time_limit,,,,,,,,,,"reward tho, phat va cham 300, chi Town04"
episode,ppo_v1,ppo_v1,PPO-A reward tho,58368,raw,,500,5809.305687358339,,,time_limit,,,,,,,,,,"reward tho, phat va cham 300, chi Town04"
episode,ppo_v1,ppo_v1,PPO-A reward tho,59392,raw,,500,6335.816186225204,,,time_limit,,,,,,,,,,"reward tho, phat va cham 300, chi Town04"
episode,ppo_v1,ppo_v1,PPO-A reward tho,59392,raw,,500,6725.238042477703,,,time_limit,,,,,,,,,,"reward tho, phat va cham 300, chi Town04"
episode,ppo_v1,ppo_v1,PPO-A reward tho,59392,raw,,53,-40.133998487929375,,,collision,,,,,,,,,,"reward tho, phat va cham 300, chi Town04"
episode,ppo_v1,ppo_v1,PPO-A reward tho,59392,raw,,46,-87.0744986754346,,,collision,,,,,,,,,,"reward tho, phat va cham 300, chi Town04"
episode,ppo_v1,ppo_v1,PPO-A reward tho,60416,raw,,500,5571.912102582563,,,time_limit,,,,,,,,,,"reward tho, phat va cham 300, chi Town04"
episode,ppo_v1,ppo_v1,PPO-A reward tho,60416,raw,,500,6692.087600793865,,,time_limit,,,,,,,,,,"reward tho, phat va cham 300, chi Town04"
episode,ppo_v1,ppo_v1,PPO-A reward tho,61440,raw,,500,6386.127371768487,,,time_limit,,,,,,,,,,"reward tho, phat va cham 300, chi Town04"
episode,ppo_v1,ppo_v1,PPO-A reward tho,61440,raw,,40,-131.9506995294957,,,collision,,,,,,,,,,"reward tho, phat va cham 300, chi Town04"
episode,ppo_v1,ppo_v1,PPO-A reward tho,61440,raw,,500,3866.8120672618065,,,time_limit,,,,,,,,,,"reward tho, phat va cham 300, chi Town04"
episode,ppo_v1,ppo_v1,PPO-A reward tho,62464,raw,,261,2511.2889406282216,,,collision,,,,,,,,,,"reward tho, phat va cham 300, chi Town04"
episode,ppo_v1,ppo_v1,PPO-A reward tho,62464,raw,,500,6712.358858421525,,,time_limit,,,,,,,,,,"reward tho, phat va cham 300, chi Town04"
episode,ppo_v1,ppo_v1,PPO-A reward tho,63488,raw,,500,3382.5075086226043,,,time_limit,,,,,,,,,,"reward tho, phat va cham 300, chi Town04"
episode,ppo_v1,ppo_v1,PPO-A reward tho,63488,raw,,323,3433.0799159929134,,,collision,,,,,,,,,,"reward tho, phat va cham 300, chi Town04"
episode,ppo_v1,ppo_v1,PPO-A reward tho,63488,raw,,80,131.68676696508783,,,collision,,,,,,,,,,"reward tho, phat va cham 300, chi Town04"
episode,ppo_v1,ppo_v1,PPO-A reward tho,63488,raw,,500,6372.18878684032,,,time_limit,,,,,,,,,,"reward tho, phat va cham 300, chi Town04"
episode,ppo_v1,ppo_v1,PPO-A reward tho,64512,raw,,495,5337.477763891827,,,collision,,,,,,,,,,"reward tho, phat va cham 300, chi Town04"
episode,ppo_v1,ppo_v1,PPO-A reward tho,64512,raw,,500,6271.3993228297195,,,time_limit,,,,,,,,,,"reward tho, phat va cham 300, chi Town04"
episode,ppo_v1,ppo_v1,PPO-A reward tho,65536,raw,,500,6082.033401227393,,,time_limit,,,,,,,,,,"reward tho, phat va cham 300, chi Town04"
episode,ppo_v1,ppo_v1,PPO-A reward tho,65536,raw,,77,278.84938787188185,,,off_lane,,,,,,,,,,"reward tho, phat va cham 300, chi Town04"
episode,ppo_v1,ppo_v1,PPO-A reward tho,65536,raw,,500,6335.71542500709,,,time_limit,,,,,,,,,,"reward tho, phat va cham 300, chi Town04"
episode,ppo_v1,ppo_v1,PPO-A reward tho,66560,raw,,160,846.1454311082757,,,collision,,,,,,,,,,"reward tho, phat va cham 300, chi Town04"
episode,ppo_v1,ppo_v1,PPO-A reward tho,66560,raw,,500,6332.084444577164,,,time_limit,,,,,,,,,,"reward tho, phat va cham 300, chi Town04"
episode,ppo_v1,ppo_v1,PPO-A reward tho,66560,raw,,229,805.3295236767248,,,collision,,,,,,,,,,"reward tho, phat va cham 300, chi Town04"
episode,ppo_v1,ppo_v1,PPO-A reward tho,67584,raw,,500,5591.023109210149,,,time_limit,,,,,,,,,,"reward tho, phat va cham 300, chi Town04"
episode,ppo_v1,ppo_v1,PPO-A reward tho,67584,raw,,500,6414.585439444955,,,time_limit,,,,,,,,,,"reward tho, phat va cham 300, chi Town04"
episode,ppo_v1,ppo_v1,PPO-A reward tho,68608,raw,,378,4663.158971005311,,,collision,,,,,,,,,,"reward tho, phat va cham 300, chi Town04"
episode,ppo_v1,ppo_v1,PPO-A reward tho,68608,raw,,500,6173.139906762195,,,time_limit,,,,,,,,,,"reward tho, phat va cham 300, chi Town04"
episode,ppo_v1,ppo_v1,PPO-A reward tho,68608,raw,,60,51.932990733216286,,,collision,,,,,,,,,,"reward tho, phat va cham 300, chi Town04"
episode,ppo_v1,ppo_v1,PPO-A reward tho,69632,raw,,292,973.7615415809082,,,collision,,,,,,,,,,"reward tho, phat va cham 300, chi Town04"
episode,ppo_v1,ppo_v1,PPO-A reward tho,69632,raw,,344,2612.489237755174,,,collision,,,,,,,,,,"reward tho, phat va cham 300, chi Town04"
episode,ppo_v1,ppo_v1,PPO-A reward tho,69632,raw,,432,4678.213829504732,,,collision,,,,,,,,,,"reward tho, phat va cham 300, chi Town04"
episode,ppo_v1,ppo_v1,PPO-A reward tho,69632,raw,,68,19.467804213915713,,,collision,,,,,,,,,,"reward tho, phat va cham 300, chi Town04"
episode,ppo_v1,ppo_v1,PPO-A reward tho,70656,raw,,175,1051.3561002867116,,,collision,,,,,,,,,,"reward tho, phat va cham 300, chi Town04"
episode,ppo_v1,ppo_v1,PPO-A reward tho,70656,raw,,79,166.9709323583241,,,collision,,,,,,,,,,"reward tho, phat va cham 300, chi Town04"
episode,ppo_v1,ppo_v1,PPO-A reward tho,70656,raw,,500,5783.314090575198,,,time_limit,,,,,,,,,,"reward tho, phat va cham 300, chi Town04"
episode,ppo_v1,ppo_v1,PPO-A reward tho,70656,raw,,337,3304.247421809343,,,collision,,,,,,,,,,"reward tho, phat va cham 300, chi Town04"
episode,ppo_v1,ppo_v1,PPO-A reward tho,71680,raw,,500,3512.619552677716,,,time_limit,,,,,,,,,,"reward tho, phat va cham 300, chi Town04"
episode,ppo_v1,ppo_v1,PPO-A reward tho,71680,raw,,500,4981.3374223337905,,,time_limit,,,,,,,,,,"reward tho, phat va cham 300, chi Town04"
episode,ppo_v1,ppo_v1,PPO-A reward tho,71680,raw,,90,425.7363177692132,,,off_lane,,,,,,,,,,"reward tho, phat va cham 300, chi Town04"
episode,ppo_v1,ppo_v1,PPO-A reward tho,72704,raw,,180,1036.4374604377304,,,off_lane,,,,,,,,,,"reward tho, phat va cham 300, chi Town04"
episode,ppo_v1,ppo_v1,PPO-A reward tho,72704,raw,,311,2244.2603103047486,,,off_lane,,,,,,,,,,"reward tho, phat va cham 300, chi Town04"
episode,ppo_v1,ppo_v1,PPO-A reward tho,72704,raw,,500,6820.345418909603,,,time_limit,,,,,,,,,,"reward tho, phat va cham 300, chi Town04"
episode,ppo_v1,ppo_v1,PPO-A reward tho,72704,raw,,67,113.22969915733796,,,collision,,,,,,,,,,"reward tho, phat va cham 300, chi Town04"
episode,ppo_v1,ppo_v1,PPO-A reward tho,73728,raw,,500,6592.862698125821,,,time_limit,,,,,,,,,,"reward tho, phat va cham 300, chi Town04"
episode,ppo_v1,ppo_v1,PPO-A reward tho,73728,raw,,286,2201.0114282969416,,,collision,,,,,,,,,,"reward tho, phat va cham 300, chi Town04"
episode,ppo_v1,ppo_v1,PPO-A reward tho,74752,raw,,500,5099.506383941982,,,time_limit,,,,,,,,,,"reward tho, phat va cham 300, chi Town04"
episode,ppo_v1,ppo_v1,PPO-A reward tho,74752,raw,,32,-201.80369442749344,,,collision,,,,,,,,,,"reward tho, phat va cham 300, chi Town04"
episode,ppo_v1,ppo_v1,PPO-A reward tho,74752,raw,,500,7031.319129386044,,,time_limit,,,,,,,,,,"reward tho, phat va cham 300, chi Town04"
episode,ppo_v1,ppo_v1,PPO-A reward tho,75776,raw,,322,2443.3103628379263,,,collision,,,,,,,,,,"reward tho, phat va cham 300, chi Town04"
episode,ppo_v1,ppo_v1,PPO-A reward tho,75776,raw,,500,6415.56450579599,,,time_limit,,,,,,,,,,"reward tho, phat va cham 300, chi Town04"
episode,ppo_v1,ppo_v1,PPO-A reward tho,76800,raw,,500,6373.2086607322335,,,time_limit,,,,,,,,,,"reward tho, phat va cham 300, chi Town04"
episode,ppo_v1,ppo_v1,PPO-A reward tho,76800,raw,,190,1787.1642849174834,,,off_lane,,,,,,,,,,"reward tho, phat va cham 300, chi Town04"
episode,ppo_v1,ppo_v1,PPO-A reward tho,76800,raw,,490,5790.1268095256655,,,collision,,,,,,,,,,"reward tho, phat va cham 300, chi Town04"
episode,ppo_v1,ppo_v1,PPO-A reward tho,77824,raw,,500,7329.25700520083,,,time_limit,,,,,,,,,,"reward tho, phat va cham 300, chi Town04"
episode,ppo_v1,ppo_v1,PPO-A reward tho,77824,raw,,322,3588.056955595571,,,collision,,,,,,,,,,"reward tho, phat va cham 300, chi Town04"
episode,ppo_v1,ppo_v1,PPO-A reward tho,77824,raw,,50,-56.63494420910223,,,collision,,,,,,,,,,"reward tho, phat va cham 300, chi Town04"
episode,ppo_v1,ppo_v1,PPO-A reward tho,77824,raw,,45,-88.07297366464235,,,collision,,,,,,,,,,"reward tho, phat va cham 300, chi Town04"
episode,ppo_v1,ppo_v1,PPO-A reward tho,78848,raw,,500,7131.9557034056215,,,time_limit,,,,,,,,,,"reward tho, phat va cham 300, chi Town04"
episode,ppo_v1,ppo_v1,PPO-A reward tho,78848,raw,,500,6752.902509683712,,,time_limit,,,,,,,,,,"reward tho, phat va cham 300, chi Town04"
episode,ppo_v1,ppo_v1,PPO-A reward tho,79872,raw,,500,7189.850382552171,,,time_limit,,,,,,,,,,"reward tho, phat va cham 300, chi Town04"
episode,ppo_v1,ppo_v1,PPO-A reward tho,79872,raw,,500,6633.617813108463,,,time_limit,,,,,,,,,,"reward tho, phat va cham 300, chi Town04"
episode,ppo_v1,ppo_v1,PPO-A reward tho,80896,raw,,500,7014.594517298558,,,time_limit,,,,,,,,,,"reward tho, phat va cham 300, chi Town04"
episode,ppo_v1,ppo_v1,PPO-A reward tho,80896,raw,,203,922.8343469496288,,,collision,,,,,,,,,,"reward tho, phat va cham 300, chi Town04"
episode,ppo_v1,ppo_v1,PPO-A reward tho,80896,raw,,500,6884.513652776188,,,time_limit,,,,,,,,,,"reward tho, phat va cham 300, chi Town04"
episode,ppo_v1,ppo_v1,PPO-A reward tho,80896,raw,,155,378.2379408279203,,,collision,,,,,,,,,,"reward tho, phat va cham 300, chi Town04"
episode,ppo_v1,ppo_v1,PPO-A reward tho,81920,raw,,270,2215.6361118893174,,,collision,,,,,,,,,,"reward tho, phat va cham 300, chi Town04"
episode,ppo_v1,ppo_v1,PPO-A reward tho,81920,raw,,500,6786.270961024318,,,time_limit,,,,,,,,,,"reward tho, phat va cham 300, chi Town04"
episode,ppo_v1,ppo_v1,PPO-A reward tho,81920,raw,,76,150.69426681486146,,,collision,,,,,,,,,,"reward tho, phat va cham 300, chi Town04"
episode,ppo_v1,ppo_v1,PPO-A reward tho,81920,raw,,88,233.66279321775653,,,collision,,,,,,,,,,"reward tho, phat va cham 300, chi Town04"
episode,ppo_v1,ppo_v1,PPO-A reward tho,82944,raw,,500,6675.655879185511,,,time_limit,,,,,,,,,,"reward tho, phat va cham 300, chi Town04"
episode,ppo_v1,ppo_v1,PPO-A reward tho,82944,raw,,265,2186.8432673401257,,,collision,,,,,,,,,,"reward tho, phat va cham 300, chi Town04"
episode,ppo_v1,ppo_v1,PPO-A reward tho,82944,raw,,34,-200.84742220178725,,,collision,,,,,,,,,,"reward tho, phat va cham 300, chi Town04"
episode,ppo_v1,ppo_v1,PPO-A reward tho,82944,raw,,89,140.07234924064664,,,collision,,,,,,,,,,"reward tho, phat va cham 300, chi Town04"
episode,ppo_v1,ppo_v1,PPO-A reward tho,83968,raw,,500,7488.306611649097,,,time_limit,,,,,,,,,,"reward tho, phat va cham 300, chi Town04"
episode,ppo_v1,ppo_v1,PPO-A reward tho,83968,raw,,500,6957.957742884491,,,time_limit,,,,,,,,,,"reward tho, phat va cham 300, chi Town04"
episode,ppo_v1,ppo_v1,PPO-A reward tho,84992,raw,,474,6183.270851633091,,,collision,,,,,,,,,,"reward tho, phat va cham 300, chi Town04"
episode,ppo_v1,ppo_v1,PPO-A reward tho,84992,raw,,500,5167.838430896527,,,time_limit,,,,,,,,,,"reward tho, phat va cham 300, chi Town04"
episode,ppo_v1,ppo_v1,PPO-A reward tho,84992,raw,,328,3905.548868953278,,,off_lane,,,,,,,,,,"reward tho, phat va cham 300, chi Town04"
episode,ppo_v1,ppo_v1,PPO-A reward tho,86016,raw,,500,6935.691682192754,,,time_limit,,,,,,,,,,"reward tho, phat va cham 300, chi Town04"
episode,ppo_v1,ppo_v1,PPO-A reward tho,86016,raw,,87,337.5009406210216,,,collision,,,,,,,,,,"reward tho, phat va cham 300, chi Town04"
episode,ppo_v1,ppo_v1,PPO-A reward tho,86016,raw,,500,7110.295401742655,,,time_limit,,,,,,,,,,"reward tho, phat va cham 300, chi Town04"
episode,ppo_v1,ppo_v1,PPO-A reward tho,87040,raw,,69,83.89429472231649,,,collision,,,,,,,,,,"reward tho, phat va cham 300, chi Town04"
episode,ppo_v1,ppo_v1,PPO-A reward tho,87040,raw,,500,6252.901900954338,,,time_limit,,,,,,,,,,"reward tho, phat va cham 300, chi Town04"
episode,ppo_v1,ppo_v1,PPO-A reward tho,87040,raw,,160,646.0712830975692,,,collision,,,,,,,,,,"reward tho, phat va cham 300, chi Town04"
episode,ppo_v1,ppo_v1,PPO-A reward tho,88064,raw,,500,7012.235856006526,,,time_limit,,,,,,,,,,"reward tho, phat va cham 300, chi Town04"
episode,ppo_v1,ppo_v1,PPO-A reward tho,88064,raw,,500,7732.315433549848,,,time_limit,,,,,,,,,,"reward tho, phat va cham 300, chi Town04"
episode,ppo_v1,ppo_v1,PPO-A reward tho,88064,raw,,207,1394.827641913263,,,collision,,,,,,,,,,"reward tho, phat va cham 300, chi Town04"
episode,ppo_v1,ppo_v1,PPO-A reward tho,89088,raw,,472,6087.3025925801885,,,collision,,,,,,,,,,"reward tho, phat va cham 300, chi Town04"
episode,ppo_v1,ppo_v1,PPO-A reward tho,89088,raw,,369,4370.292993000814,,,collision,,,,,,,,,,"reward tho, phat va cham 300, chi Town04"
episode,ppo_v1,ppo_v1,PPO-A reward tho,89088,raw,,261,3007.5135328934116,,,collision,,,,,,,,,,"reward tho, phat va cham 300, chi Town04"
episode,ppo_v1,ppo_v1,PPO-A reward tho,90112,raw,,127,-21.830862731341767,,,collision,,,,,,,,,,"reward tho, phat va cham 300, chi Town04"
episode,ppo_v1,ppo_v1,PPO-A reward tho,90112,raw,,93,125.26120031450859,,,collision,,,,,,,,,,"reward tho, phat va cham 300, chi Town04"
episode,ppo_v1,ppo_v1,PPO-A reward tho,90112,raw,,500,6866.535531329561,,,time_limit,,,,,,,,,,"reward tho, phat va cham 300, chi Town04"
episode,ppo_v1,ppo_v1,PPO-A reward tho,91136,raw,,365,3145.7918039976444,,,collision,,,,,,,,,,"reward tho, phat va cham 300, chi Town04"
episode,ppo_v1,ppo_v1,PPO-A reward tho,91136,raw,,438,5743.406492060585,,,collision,,,,,,,,,,"reward tho, phat va cham 300, chi Town04"
episode,ppo_v1,ppo_v1,PPO-A reward tho,91136,raw,,125,1523.8368966957391,,,off_lane,,,,,,,,,,"reward tho, phat va cham 300, chi Town04"
episode,ppo_v1,ppo_v1,PPO-A reward tho,91136,raw,,91,136.23000221348246,,,collision,,,,,,,,,,"reward tho, phat va cham 300, chi Town04"
episode,ppo_v1,ppo_v1,PPO-A reward tho,92160,raw,,500,6552.005198932619,,,time_limit,,,,,,,,,,"reward tho, phat va cham 300, chi Town04"
episode,ppo_v1,ppo_v1,PPO-A reward tho,92160,raw,,94,457.8461352725812,,,off_lane,,,,,,,,,,"reward tho, phat va cham 300, chi Town04"
episode,ppo_v1,ppo_v1,PPO-A reward tho,92160,raw,,453,5883.10999337626,,,collision,,,,,,,,,,"reward tho, phat va cham 300, chi Town04"
episode,ppo_v1,ppo_v1,PPO-A reward tho,92160,raw,,36,-183.64888918718395,,,collision,,,,,,,,,,"reward tho, phat va cham 300, chi Town04"
episode,ppo_v1,ppo_v1,PPO-A reward tho,93184,raw,,500,7563.447940541909,,,time_limit,,,,,,,,,,"reward tho, phat va cham 300, chi Town04"
episode,ppo_v1,ppo_v1,PPO-A reward tho,93184,raw,,500,6113.983174350388,,,time_limit,,,,,,,,,,"reward tho, phat va cham 300, chi Town04"
episode,ppo_v1,ppo_v1,PPO-A reward tho,94208,raw,,396,4316.3464692549205,,,collision,,,,,,,,,,"reward tho, phat va cham 300, chi Town04"
episode,ppo_v1,ppo_v1,PPO-A reward tho,94208,raw,,500,5735.028099883415,,,time_limit,,,,,,,,,,"reward tho, phat va cham 300, chi Town04"
episode,ppo_v1,ppo_v1,PPO-A reward tho,94208,raw,,375,3330.361153505082,,,collision,,,,,,,,,,"reward tho, phat va cham 300, chi Town04"
episode,ppo_v1,ppo_v1,PPO-A reward tho,95232,raw,,388,4268.030719535829,,,collision,,,,,,,,,,"reward tho, phat va cham 300, chi Town04"
episode,ppo_v1,ppo_v1,PPO-A reward tho,95232,raw,,37,-183.28958972557655,,,collision,,,,,,,,,,"reward tho, phat va cham 300, chi Town04"
episode,ppo_v1,ppo_v1,PPO-A reward tho,95232,raw,,383,4717.5143564406235,,,off_lane,,,,,,,,,,"reward tho, phat va cham 300, chi Town04"
episode,ppo_v1,ppo_v1,PPO-A reward tho,95232,raw,,44,-84.4650114938716,,,collision,,,,,,,,,,"reward tho, phat va cham 300, chi Town04"
episode,ppo_v1,ppo_v1,PPO-A reward tho,96256,raw,,500,7104.2881713470715,,,time_limit,,,,,,,,,,"reward tho, phat va cham 300, chi Town04"
episode,ppo_v1,ppo_v1,PPO-A reward tho,96256,raw,,206,837.8247857879027,,,collision,,,,,,,,,,"reward tho, phat va cham 300, chi Town04"
episode,ppo_v1,ppo_v1,PPO-A reward tho,96256,raw,,500,7411.895106492299,,,time_limit,,,,,,,,,,"reward tho, phat va cham 300, chi Town04"
episode,ppo_v1,ppo_v1,PPO-A reward tho,96256,raw,,53,-16.092070576393724,,,collision,,,,,,,,,,"reward tho, phat va cham 300, chi Town04"
episode,ppo_v1,ppo_v1,PPO-A reward tho,97280,raw,,500,6453.185188196358,,,time_limit,,,,,,,,,,"reward tho, phat va cham 300, chi Town04"
episode,ppo_v1,ppo_v1,PPO-A reward tho,97280,raw,,500,7265.088073130216,,,time_limit,,,,,,,,,,"reward tho, phat va cham 300, chi Town04"
episode,ppo_v1,ppo_v1,PPO-A reward tho,98304,raw,,83,193.53933985094739,,,collision,,,,,,,,,,"reward tho, phat va cham 300, chi Town04"
episode,ppo_v1,ppo_v1,PPO-A reward tho,98304,raw,,500,6905.353730349539,,,time_limit,,,,,,,,,,"reward tho, phat va cham 300, chi Town04"
episode,ppo_v1,ppo_v1,PPO-A reward tho,98304,raw,,135,1356.0206291721045,,,off_lane,,,,,,,,,,"reward tho, phat va cham 300, chi Town04"
episode,ppo_v1,ppo_v1,PPO-A reward tho,99328,raw,,500,4635.852633775657,,,time_limit,,,,,,,,,,"reward tho, phat va cham 300, chi Town04"
episode,ppo_v1,ppo_v1,PPO-A reward tho,99328,raw,,500,6529.915776788271,,,time_limit,,,,,,,,,,"reward tho, phat va cham 300, chi Town04"
episode,ppo_v1,ppo_v1,PPO-A reward tho,99328,raw,,100,336.8568705465715,,,collision,,,,,,,,,,"reward tho, phat va cham 300, chi Town04"
episode,ppo_v1,ppo_v1,PPO-A reward tho,100352,raw,,500,6707.671193381937,,,time_limit,,,,,,,,,,"reward tho, phat va cham 300, chi Town04"
episode,ppo_v1,ppo_v1,PPO-A reward tho,100352,raw,,500,6394.694237926175,,,time_limit,,,,,,,,,,"reward tho, phat va cham 300, chi Town04"
episode,ppo_v1,ppo_v1,PPO-A reward tho,101376,raw,,500,6744.914836400068,,,time_limit,,,,,,,,,,"reward tho, phat va cham 300, chi Town04"
episode,ppo_v1,ppo_v1,PPO-A reward tho,101376,raw,,175,376.6736815518449,,,collision,,,,,,,,,,"reward tho, phat va cham 300, chi Town04"
episode,ppo_v1,ppo_v1,PPO-A reward tho,101376,raw,,500,5178.397518131309,,,time_limit,,,,,,,,,,"reward tho, phat va cham 300, chi Town04"
episode,ppo_v1,ppo_v1,PPO-A reward tho,102400,raw,,500,7786.761526191965,,,time_limit,,,,,,,,,,"reward tho, phat va cham 300, chi Town04"
episode,ppo_v1,ppo_v1,PPO-A reward tho,102400,raw,,212,904.1824541591247,,,collision,,,,,,,,,,"reward tho, phat va cham 300, chi Town04"
episode,ppo_v1,ppo_v1,PPO-A reward tho,103424,raw,,500,6735.7126933667105,,,time_limit,,,,,,,,,,"reward tho, phat va cham 300, chi Town04"
episode,ppo_v1,ppo_v1,PPO-A reward tho,103424,raw,,180,920.6537755120839,,,collision,,,,,,,,,,"reward tho, phat va cham 300, chi Town04"
episode,ppo_v1,ppo_v1,PPO-A reward tho,103424,raw,,500,6806.325523712497,,,time_limit,,,,,,,,,,"reward tho, phat va cham 300, chi Town04"
episode,ppo_v1,ppo_v1,PPO-A reward tho,103424,raw,,76,505.7475838529465,,,off_lane,,,,,,,,,,"reward tho, phat va cham 300, chi Town04"
episode,ppo_v1,ppo_v1,PPO-A reward tho,103424,raw,,128,585.1411843808868,,,collision,,,,,,,,,,"reward tho, phat va cham 300, chi Town04"
episode,ppo_v2,ppo_v2,PPO-A reward tho,102400,raw,,353,2448.6947614378005,,,collision,,,,,,,,,,"reward tho, phat va cham 1000"
episode,ppo_v2,ppo_v2,PPO-A reward tho,102400,raw,,110,-336.3957938252388,,,collision,,,,,,,,,,"reward tho, phat va cham 1000"
episode,ppo_v2,ppo_v2,PPO-A reward tho,102400,raw,,62,-660.1598716682527,,,collision,,,,,,,,,,"reward tho, phat va cham 1000"
episode,ppo_v2,ppo_v2,PPO-A reward tho,102400,raw,,352,3661.8532315059797,,,collision,,,,,,,,,,"reward tho, phat va cham 1000"
episode,ppo_v2,ppo_v2,PPO-A reward tho,103424,raw,,500,6773.786380628484,,,time_limit,,,,,,,,,,"reward tho, phat va cham 1000"
episode,ppo_v2,ppo_v2,PPO-A reward tho,103424,raw,,500,7927.732334037083,,,time_limit,,,,,,,,,,"reward tho, phat va cham 1000"
episode,ppo_v2,ppo_v2,PPO-A reward tho,104448,raw,,500,6990.994406274299,,,time_limit,,,,,,,,,,"reward tho, phat va cham 1000"
episode,ppo_v2,ppo_v2,PPO-A reward tho,104448,raw,,500,4275.765005766402,,,time_limit,,,,,,,,,,"reward tho, phat va cham 1000"
episode,ppo_v2,ppo_v2,PPO-A reward tho,105472,raw,,500,6734.222212299022,,,time_limit,,,,,,,,,,"reward tho, phat va cham 1000"
episode,ppo_v2,ppo_v2,PPO-A reward tho,105472,raw,,144,171.97947213290684,,,collision,,,,,,,,,,"reward tho, phat va cham 1000"
episode,ppo_v2,ppo_v2,PPO-A reward tho,105472,raw,,500,6589.617831484367,,,time_limit,,,,,,,,,,"reward tho, phat va cham 1000"
episode,ppo_v2,ppo_v2,PPO-A reward tho,106496,raw,,446,2014.9573583221527,,,collision,,,,,,,,,,"reward tho, phat va cham 1000"
episode,ppo_v2,ppo_v2,PPO-A reward tho,106496,raw,,500,7768.883447352711,,,time_limit,,,,,,,,,,"reward tho, phat va cham 1000"
episode,ppo_v2,ppo_v2,PPO-A reward tho,107520,raw,,269,975.9148534697059,,,collision,,,,,,,,,,"reward tho, phat va cham 1000"
episode,ppo_v2,ppo_v2,PPO-A reward tho,107520,raw,,500,5796.904172094952,,,time_limit,,,,,,,,,,"reward tho, phat va cham 1000"
episode,ppo_v2,ppo_v2,PPO-A reward tho,107520,raw,,112,-323.2199816665344,,,collision,,,,,,,,,,"reward tho, phat va cham 1000"
episode,ppo_v2,ppo_v2,PPO-A reward tho,107520,raw,,158,977.4831044737392,,,off_lane,,,,,,,,,,"reward tho, phat va cham 1000"
episode,ppo_v2,ppo_v2,PPO-A reward tho,108544,raw,,184,253.25923857704709,,,collision,,,,,,,,,,"reward tho, phat va cham 1000"
episode,ppo_v2,ppo_v2,PPO-A reward tho,108544,raw,,408,5091.854459943932,,,off_lane,,,,,,,,,,"reward tho, phat va cham 1000"
episode,ppo_v2,ppo_v2,PPO-A reward tho,108544,raw,,413,4718.188342446552,,,collision,,,,,,,,,,"reward tho, phat va cham 1000"
episode,ppo_v2,ppo_v2,PPO-A reward tho,108544,raw,,38,-829.6943143435028,,,collision,,,,,,,,,,"reward tho, phat va cham 1000"
episode,ppo_v2,ppo_v2,PPO-A reward tho,109568,raw,,500,6936.495402422928,,,time_limit,,,,,,,,,,"reward tho, phat va cham 1000"
episode,ppo_v2,ppo_v2,PPO-A reward tho,109568,raw,,500,7132.672499867042,,,time_limit,,,,,,,,,,"reward tho, phat va cham 1000"
episode,ppo_v2,ppo_v2,PPO-A reward tho,110592,raw,,158,-17.93160945228135,,,collision,,,,,,,,,,"reward tho, phat va cham 1000"
episode,ppo_v2,ppo_v2,PPO-A reward tho,110592,raw,,105,-304.1289720451389,,,collision,,,,,,,,,,"reward tho, phat va cham 1000"
episode,ppo_v2,ppo_v2,PPO-A reward tho,110592,raw,,44,-781.2284249843793,,,collision,,,,,,,,,,"reward tho, phat va cham 1000"
episode,ppo_v2,ppo_v2,PPO-A reward tho,110592,raw,,165,10.218450105570469,,,collision,,,,,,,,,,"reward tho, phat va cham 1000"
episode,ppo_v2,ppo_v2,PPO-A reward tho,110592,raw,,56,-717.2050247079176,,,collision,,,,,,,,,,"reward tho, phat va cham 1000"
episode,ppo_v2,ppo_v2,PPO-A reward tho,110592,raw,,165,1576.3353928307522,,,off_lane,,,,,,,,,,"reward tho, phat va cham 1000"
episode,ppo_v2,ppo_v2,PPO-A reward tho,111616,raw,,500,6892.712017163043,,,time_limit,,,,,,,,,,"reward tho, phat va cham 1000"
episode,ppo_v2,ppo_v2,PPO-A reward tho,111616,raw,,60,-678.1713068811848,,,collision,,,,,,,,,,"reward tho, phat va cham 1000"
episode,ppo_v2,ppo_v2,PPO-A reward tho,111616,raw,,500,6559.541868826881,,,time_limit,,,,,,,,,,"reward tho, phat va cham 1000"
episode,ppo_v2,ppo_v2,PPO-A reward tho,112640,raw,,500,6833.512180093714,,,time_limit,,,,,,,,,,"reward tho, phat va cham 1000"
episode,ppo_v2,ppo_v2,PPO-A reward tho,112640,raw,,500,6577.78534746913,,,time_limit,,,,,,,,,,"reward tho, phat va cham 1000"
episode,ppo_v2,ppo_v2,PPO-A reward tho,112640,raw,,69,-581.6013331855604,,,collision,,,,,,,,,,"reward tho, phat va cham 1000"
episode,ppo_v2,ppo_v2,PPO-A reward tho,113664,raw,,500,7295.140414264817,,,time_limit,,,,,,,,,,"reward tho, phat va cham 1000"
episode,ppo_v2,ppo_v2,PPO-A reward tho,113664,raw,,500,6332.356446939862,,,time_limit,,,,,,,,,,"reward tho, phat va cham 1000"
episode,ppo_v2,ppo_v2,PPO-A reward tho,114688,raw,,500,6885.156164217611,,,time_limit,,,,,,,,,,"reward tho, phat va cham 1000"
episode,ppo_v2,ppo_v2,PPO-A reward tho,114688,raw,,500,7008.112463813891,,,time_limit,,,,,,,,,,"reward tho, phat va cham 1000"
episode,ppo_v2,ppo_v2,PPO-A reward tho,115712,raw,,500,4875.063168934089,,,time_limit,,,,,,,,,,"reward tho, phat va cham 1000"
episode,ppo_v2,ppo_v2,PPO-A reward tho,115712,raw,,500,7902.497506276234,,,time_limit,,,,,,,,,,"reward tho, phat va cham 1000"
episode,ppo_v2,ppo_v2,PPO-A reward tho,115712,raw,,124,-133.2920828125615,,,collision,,,,,,,,,,"reward tho, phat va cham 1000"
episode,ppo_v2,ppo_v2,PPO-A reward tho,115712,raw,,186,81.07680292193811,,,collision,,,,,,,,,,"reward tho, phat va cham 1000"
episode,ppo_v2,ppo_v2,PPO-A reward tho,116736,raw,,500,5748.741058437436,,,time_limit,,,,,,,,,,"reward tho, phat va cham 1000"
episode,ppo_v2,ppo_v2,PPO-A reward tho,116736,raw,,500,6704.331734019739,,,time_limit,,,,,,,,,,"reward tho, phat va cham 1000"
episode,ppo_v2,ppo_v2,PPO-A reward tho,117760,raw,,500,4971.232556790736,,,time_limit,,,,,,,,,,"reward tho, phat va cham 1000"
episode,ppo_v2,ppo_v2,PPO-A reward tho,117760,raw,,500,4810.451652455953,,,time_limit,,,,,,,,,,"reward tho, phat va cham 1000"
episode,ppo_v2,ppo_v2,PPO-A reward tho,117760,raw,,152,735.9260409651969,,,collision,,,,,,,,,,"reward tho, phat va cham 1000"
episode,ppo_v2,ppo_v2,PPO-A reward tho,118784,raw,,353,1401.6170684787983,,,collision,,,,,,,,,,"reward tho, phat va cham 1000"
episode,ppo_v2,ppo_v2,PPO-A reward tho,118784,raw,,500,7289.123716044409,,,time_limit,,,,,,,,,,"reward tho, phat va cham 1000"
episode,ppo_v2,ppo_v2,PPO-A reward tho,119808,raw,,500,6286.8955071682385,,,time_limit,,,,,,,,,,"reward tho, phat va cham 1000"
episode,ppo_v2,ppo_v2,PPO-A reward tho,119808,raw,,500,6942.768772509519,,,time_limit,,,,,,,,,,"reward tho, phat va cham 1000"
episode,ppo_v2,ppo_v2,PPO-A reward tho,119808,raw,,93,-488.53762122955186,,,collision,,,,,,,,,,"reward tho, phat va cham 1000"
episode,ppo_v2,ppo_v2,PPO-A reward tho,120832,raw,,500,7123.052570620325,,,time_limit,,,,,,,,,,"reward tho, phat va cham 1000"
episode,ppo_v2,ppo_v2,PPO-A reward tho,120832,raw,,500,4610.455268791335,,,time_limit,,,,,,,,,,"reward tho, phat va cham 1000"
episode,ppo_v2,ppo_v2,PPO-A reward tho,121856,raw,,325,3127.874326834432,,,collision,,,,,,,,,,"reward tho, phat va cham 1000"
episode,ppo_v2,ppo_v2,PPO-A reward tho,121856,raw,,500,7837.117711554689,,,time_limit,,,,,,,,,,"reward tho, phat va cham 1000"
episode,ppo_v2,ppo_v2,PPO-A reward tho,122880,raw,,500,6874.244910911226,,,time_limit,,,,,,,,,,"reward tho, phat va cham 1000"
episode,ppo_v2,ppo_v2,PPO-A reward tho,122880,raw,,180,192.70481516202312,,,collision,,,,,,,,,,"reward tho, phat va cham 1000"
episode,ppo_v2,ppo_v2,PPO-A reward tho,122880,raw,,500,7330.024656705237,,,time_limit,,,,,,,,,,"reward tho, phat va cham 1000"
episode,ppo_v2,ppo_v2,PPO-A reward tho,123904,raw,,500,6924.329328030336,,,time_limit,,,,,,,,,,"reward tho, phat va cham 1000"
episode,ppo_v2,ppo_v2,PPO-A reward tho,123904,raw,,500,5030.328183703104,,,time_limit,,,,,,,,,,"reward tho, phat va cham 1000"
episode,ppo_v2,ppo_v2,PPO-A reward tho,124928,raw,,500,7376.266160024555,,,time_limit,,,,,,,,,,"reward tho, phat va cham 1000"
episode,ppo_v2,ppo_v2,PPO-A reward tho,124928,raw,,86,-471.89024897457796,,,collision,,,,,,,,,,"reward tho, phat va cham 1000"
episode,ppo_v2,ppo_v2,PPO-A reward tho,124928,raw,,500,6385.532051799779,,,time_limit,,,,,,,,,,"reward tho, phat va cham 1000"
episode,ppo_v2,ppo_v2,PPO-A reward tho,125952,raw,,500,6874.417477123983,,,time_limit,,,,,,,,,,"reward tho, phat va cham 1000"
episode,ppo_v2,ppo_v2,PPO-A reward tho,125952,raw,,500,7733.019800342639,,,time_limit,,,,,,,,,,"reward tho, phat va cham 1000"
episode,ppo_v2,ppo_v2,PPO-A reward tho,126976,raw,,500,7128.389952438413,,,time_limit,,,,,,,,,,"reward tho, phat va cham 1000"
episode,ppo_v2,ppo_v2,PPO-A reward tho,126976,raw,,428,4392.384690306643,,,collision,,,,,,,,,,"reward tho, phat va cham 1000"
episode,ppo_v2,ppo_v2,PPO-A reward tho,128000,raw,,500,6719.870093624367,,,time_limit,,,,,,,,,,"reward tho, phat va cham 1000"
episode,ppo_v2,ppo_v2,PPO-A reward tho,128000,raw,,500,6750.721097678926,,,time_limit,,,,,,,,,,"reward tho, phat va cham 1000"
episode,ppo_v2,ppo_v2,PPO-A reward tho,128000,raw,,85,-521.7232384644103,,,collision,,,,,,,,,,"reward tho, phat va cham 1000"
episode,ppo_v2,ppo_v2,PPO-A reward tho,129024,raw,,500,7219.381547851691,,,time_limit,,,,,,,,,,"reward tho, phat va cham 1000"
episode,ppo_v2,ppo_v2,PPO-A reward tho,129024,raw,,500,6754.807467616726,,,time_limit,,,,,,,,,,"reward tho, phat va cham 1000"
episode,ppo_v2,ppo_v2,PPO-A reward tho,130048,raw,,500,6502.792194040092,,,time_limit,,,,,,,,,,"reward tho, phat va cham 1000"
episode,ppo_v2,ppo_v2,PPO-A reward tho,130048,raw,,500,7021.8575103570365,,,time_limit,,,,,,,,,,"reward tho, phat va cham 1000"
episode,ppo_v2,ppo_v2,PPO-A reward tho,131072,raw,,500,7133.4081766482705,,,time_limit,,,,,,,,,,"reward tho, phat va cham 1000"
episode,ppo_v2,ppo_v2,PPO-A reward tho,131072,raw,,92,-325.68753288305015,,,collision,,,,,,,,,,"reward tho, phat va cham 1000"
episode,ppo_v2,ppo_v2,PPO-A reward tho,131072,raw,,500,6929.047129061763,,,time_limit,,,,,,,,,,"reward tho, phat va cham 1000"
episode,ppo_v2,ppo_v2,PPO-A reward tho,132096,raw,,500,7290.9231927433875,,,time_limit,,,,,,,,,,"reward tho, phat va cham 1000"
episode,ppo_v2,ppo_v2,PPO-A reward tho,132096,raw,,500,6027.965010366504,,,time_limit,,,,,,,,,,"reward tho, phat va cham 1000"
episode,ppo_v2,ppo_v2,PPO-A reward tho,133120,raw,,500,6852.879261399423,,,time_limit,,,,,,,,,,"reward tho, phat va cham 1000"
episode,ppo_v2,ppo_v2,PPO-A reward tho,133120,raw,,500,7150.450756622966,,,time_limit,,,,,,,,,,"reward tho, phat va cham 1000"
episode,ppo_v2,ppo_v2,PPO-A reward tho,134144,raw,,500,7543.009631459724,,,time_limit,,,,,,,,,,"reward tho, phat va cham 1000"
episode,ppo_v2,ppo_v2,PPO-A reward tho,134144,raw,,500,7113.241430830958,,,time_limit,,,,,,,,,,"reward tho, phat va cham 1000"
episode,ppo_v2,ppo_v2,PPO-A reward tho,135168,raw,,500,7020.378489341918,,,time_limit,,,,,,,,,,"reward tho, phat va cham 1000"
episode,ppo_v2,ppo_v2,PPO-A reward tho,135168,raw,,163,-16.46851993931557,,,collision,,,,,,,,,,"reward tho, phat va cham 1000"
episode,ppo_v2,ppo_v2,PPO-A reward tho,135168,raw,,361,3321.5384671563343,,,collision,,,,,,,,,,"reward tho, phat va cham 1000"
episode,ppo_v2,ppo_v2,PPO-A reward tho,135168,raw,,85,-349.687233571884,,,collision,,,,,,,,,,"reward tho, phat va cham 1000"
episode,ppo_v2,ppo_v2,PPO-A reward tho,136192,raw,,500,7270.804400959268,,,time_limit,,,,,,,,,,"reward tho, phat va cham 1000"
episode,ppo_v2,ppo_v2,PPO-A reward tho,136192,raw,,500,7116.246324055951,,,time_limit,,,,,,,,,,"reward tho, phat va cham 1000"
episode,ppo_v2,ppo_v2,PPO-A reward tho,137216,raw,,500,4656.934183955512,,,time_limit,,,,,,,,,,"reward tho, phat va cham 1000"
episode,ppo_v2,ppo_v2,PPO-A reward tho,137216,raw,,74,-542.1380460441192,,,collision,,,,,,,,,,"reward tho, phat va cham 1000"
episode,ppo_v2,ppo_v2,PPO-A reward tho,137216,raw,,96,-458.3742527624122,,,collision,,,,,,,,,,"reward tho, phat va cham 1000"
episode,ppo_v2,ppo_v2,PPO-A reward tho,137216,raw,,481,4970.893707745857,,,collision,,,,,,,,,,"reward tho, phat va cham 1000"
episode,ppo_v2,ppo_v2,PPO-A reward tho,138240,raw,,497,6693.849360510416,,,collision,,,,,,,,,,"reward tho, phat va cham 1000"
episode,ppo_v2,ppo_v2,PPO-A reward tho,138240,raw,,500,6653.601697615507,,,time_limit,,,,,,,,,,"reward tho, phat va cham 1000"
episode,ppo_v2,ppo_v2,PPO-A reward tho,139264,raw,,137,-143.84632386487965,,,collision,,,,,,,,,,"reward tho, phat va cham 1000"
episode,ppo_v2,ppo_v2,PPO-A reward tho,139264,raw,,500,7412.110629462329,,,time_limit,,,,,,,,,,"reward tho, phat va cham 1000"
episode,ppo_v2,ppo_v2,PPO-A reward tho,139264,raw,,41,-815.7776513830333,,,collision,,,,,,,,,,"reward tho, phat va cham 1000"
episode,ppo_v2,ppo_v2,PPO-A reward tho,139264,raw,,284,1205.6751212017566,,,collision,,,,,,,,,,"reward tho, phat va cham 1000"
episode,ppo_v2,ppo_v2,PPO-A reward tho,140288,raw,,500,7086.229861695986,,,time_limit,,,,,,,,,,"reward tho, phat va cham 1000"
episode,ppo_v2,ppo_v2,PPO-A reward tho,140288,raw,,154,-72.92698041824315,,,collision,,,,,,,,,,"reward tho, phat va cham 1000"
episode,ppo_v2,ppo_v2,PPO-A reward tho,140288,raw,,216,519.6960744595922,,,collision,,,,,,,,,,"reward tho, phat va cham 1000"
episode,ppo_v2,ppo_v2,PPO-A reward tho,141312,raw,,500,7359.95734830884,,,time_limit,,,,,,,,,,"reward tho, phat va cham 1000"
episode,ppo_v2,ppo_v2,PPO-A reward tho,141312,raw,,500,6042.3225054430695,,,time_limit,,,,,,,,,,"reward tho, phat va cham 1000"
episode,ppo_v2,ppo_v2,PPO-A reward tho,142336,raw,,500,6965.494331387727,,,time_limit,,,,,,,,,,"reward tho, phat va cham 1000"
episode,ppo_v2,ppo_v2,PPO-A reward tho,142336,raw,,500,6412.057522685892,,,time_limit,,,,,,,,,,"reward tho, phat va cham 1000"
episode,ppo_v2,ppo_v2,PPO-A reward tho,143360,raw,,500,7526.753127990903,,,time_limit,,,,,,,,,,"reward tho, phat va cham 1000"
episode,ppo_v2,ppo_v2,PPO-A reward tho,143360,raw,,500,8070.929764591702,,,time_limit,,,,,,,,,,"reward tho, phat va cham 1000"
episode,ppo_v2,ppo_v2,PPO-A reward tho,144384,raw,,497,6322.632692694237,,,collision,,,,,,,,,,"reward tho, phat va cham 1000"
episode,ppo_v2,ppo_v2,PPO-A reward tho,144384,raw,,500,7700.061062097444,,,time_limit,,,,,,,,,,"reward tho, phat va cham 1000"
episode,ppo_v2,ppo_v2,PPO-A reward tho,144384,raw,,335,3374.4567840203636,,,collision,,,,,,,,,,"reward tho, phat va cham 1000"
episode,ppo_v2,ppo_v2,PPO-A reward tho,145408,raw,,500,7163.799846052745,,,time_limit,,,,,,,,,,"reward tho, phat va cham 1000"
episode,ppo_v2,ppo_v2,PPO-A reward tho,145408,raw,,47,-749.1118231725773,,,collision,,,,,,,,,,"reward tho, phat va cham 1000"
episode,ppo_v2,ppo_v2,PPO-A reward tho,145408,raw,,500,6694.132058680892,,,time_limit,,,,,,,,,,"reward tho, phat va cham 1000"
episode,ppo_v2,ppo_v2,PPO-A reward tho,146432,raw,,500,5763.301814355519,,,time_limit,,,,,,,,,,"reward tho, phat va cham 1000"
episode,ppo_v2,ppo_v2,PPO-A reward tho,146432,raw,,500,6991.635335287715,,,time_limit,,,,,,,,,,"reward tho, phat va cham 1000"
episode,ppo_v2,ppo_v2,PPO-A reward tho,147456,raw,,500,8152.5724386531565,,,time_limit,,,,,,,,,,"reward tho, phat va cham 1000"
episode,ppo_v2,ppo_v2,PPO-A reward tho,147456,raw,,500,7551.017573252468,,,time_limit,,,,,,,,,,"reward tho, phat va cham 1000"
episode,ppo_v2,ppo_v2,PPO-A reward tho,147456,raw,,113,-283.2393019118249,,,collision,,,,,,,,,,"reward tho, phat va cham 1000"
episode,ppo_v2,ppo_v2,PPO-A reward tho,148480,raw,,141,-63.125476252201224,,,collision,,,,,,,,,,"reward tho, phat va cham 1000"
episode,ppo_v2,ppo_v2,PPO-A reward tho,148480,raw,,500,7316.361795889473,,,time_limit,,,,,,,,,,"reward tho, phat va cham 1000"
episode,ppo_v2,ppo_v2,PPO-A reward tho,148480,raw,,179,233.69429926910993,,,collision,,,,,,,,,,"reward tho, phat va cham 1000"
episode,ppo_v2,ppo_v2,PPO-A reward tho,149504,raw,,500,6882.796893391093,,,time_limit,,,,,,,,,,"reward tho, phat va cham 1000"
episode,ppo_v2,ppo_v2,PPO-A reward tho,149504,raw,,500,6716.453915542117,,,time_limit,,,,,,,,,,"reward tho, phat va cham 1000"
episode,ppo_v2,ppo_v2,PPO-A reward tho,149504,raw,,107,-327.3473230998612,,,collision,,,,,,,,,,"reward tho, phat va cham 1000"
episode,ppo_v2,ppo_v2,PPO-A reward tho,150528,raw,,500,7125.338774587639,,,time_limit,,,,,,,,,,"reward tho, phat va cham 1000"
episode,ppo_v2,ppo_v2,PPO-A reward tho,150528,raw,,500,7053.672476573121,,,time_limit,,,,,,,,,,"reward tho, phat va cham 1000"
episode,ppo_v2,ppo_v2,PPO-A reward tho,150528,raw,,42,-787.5131019523681,,,collision,,,,,,,,,,"reward tho, phat va cham 1000"
episode,ppo_v2,ppo_v2,PPO-A reward tho,151552,raw,,500,5457.217558145412,,,time_limit,,,,,,,,,,"reward tho, phat va cham 1000"
episode,ppo_v2,ppo_v2,PPO-A reward tho,151552,raw,,48,-718.7481689575011,,,collision,,,,,,,,,,"reward tho, phat va cham 1000"
episode,ppo_v2,ppo_v2,PPO-A reward tho,151552,raw,,500,7341.745401205087,,,time_limit,,,,,,,,,,"reward tho, phat va cham 1000"
episode,ppo_v2,ppo_v2,PPO-A reward tho,152576,raw,,500,7337.829917569553,,,time_limit,,,,,,,,,,"reward tho, phat va cham 1000"
episode,ppo_v2,ppo_v2,PPO-A reward tho,152576,raw,,41,-785.4874982681521,,,collision,,,,,,,,,,"reward tho, phat va cham 1000"
episode,ppo_v2,ppo_v2,PPO-A reward tho,152576,raw,,160,-525.1983065246162,,,collision,,,,,,,,,,"reward tho, phat va cham 1000"
episode,ppo_v2,ppo_v2,PPO-A reward tho,152576,raw,,122,-240.7859560215212,,,collision,,,,,,,,,,"reward tho, phat va cham 1000"
episode,ppo_v2,ppo_v2,PPO-A reward tho,152576,raw,,64,-702.8832212282534,,,collision,,,,,,,,,,"reward tho, phat va cham 1000"
episode,ppo_v2,ppo_v2,PPO-A reward tho,152576,raw,,115,-80.8344869370352,,,collision,,,,,,,,,,"reward tho, phat va cham 1000"
episode,ppo_v2,ppo_v2,PPO-A reward tho,153600,raw,,500,7328.607478953109,,,time_limit,,,,,,,,,,"reward tho, phat va cham 1000"
episode,ppo_v2,ppo_v2,PPO-A reward tho,153600,raw,,500,6948.7294467607035,,,time_limit,,,,,,,,,,"reward tho, phat va cham 1000"
episode,ppo_v2,ppo_v2,PPO-A reward tho,154624,raw,,500,6995.076886008434,,,time_limit,,,,,,,,,,"reward tho, phat va cham 1000"
episode,ppo_v2,ppo_v2,PPO-A reward tho,154624,raw,,500,7194.692057043077,,,time_limit,,,,,,,,,,"reward tho, phat va cham 1000"
episode,ppo_v2,ppo_v2,PPO-A reward tho,155648,raw,,500,6844.7787236389095,,,time_limit,,,,,,,,,,"reward tho, phat va cham 1000"
episode,ppo_v2,ppo_v2,PPO-A reward tho,155648,raw,,53,-556.2870333115802,,,collision,,,,,,,,,,"reward tho, phat va cham 1000"
episode,ppo_v2,ppo_v2,PPO-A reward tho,155648,raw,,500,6864.376391430428,,,time_limit,,,,,,,,,,"reward tho, phat va cham 1000"
episode,ppo_v2,ppo_v2,PPO-A reward tho,156672,raw,,500,7046.521431492161,,,time_limit,,,,,,,,,,"reward tho, phat va cham 1000"
episode,ppo_v2,ppo_v2,PPO-A reward tho,156672,raw,,500,5280.961117809598,,,time_limit,,,,,,,,,,"reward tho, phat va cham 1000"
episode,ppo_v2,ppo_v2,PPO-A reward tho,157696,raw,,500,7358.737975863526,,,time_limit,,,,,,,,,,"reward tho, phat va cham 1000"
episode,ppo_v2,ppo_v2,PPO-A reward tho,157696,raw,,500,7002.277274841888,,,time_limit,,,,,,,,,,"reward tho, phat va cham 1000"
episode,ppo_v2,ppo_v2,PPO-A reward tho,158720,raw,,500,7342.077897473268,,,time_limit,,,,,,,,,,"reward tho, phat va cham 1000"
episode,ppo_v2,ppo_v2,PPO-A reward tho,158720,raw,,41,-784.3207160757668,,,collision,,,,,,,,,,"reward tho, phat va cham 1000"
episode,ppo_v2,ppo_v2,PPO-A reward tho,158720,raw,,397,4960.245935071032,,,off_lane,,,,,,,,,,"reward tho, phat va cham 1000"
episode,ppo_v2,ppo_v2,PPO-A reward tho,159744,raw,,500,6543.703131671036,,,time_limit,,,,,,,,,,"reward tho, phat va cham 1000"
episode,ppo_v2,ppo_v2,PPO-A reward tho,159744,raw,,500,7103.362644108118,,,time_limit,,,,,,,,,,"reward tho, phat va cham 1000"
episode,ppo_v2,ppo_v2,PPO-A reward tho,159744,raw,,37,-844.3338838206323,,,collision,,,,,,,,,,"reward tho, phat va cham 1000"
episode,ppo_v2,ppo_v2,PPO-A reward tho,160768,raw,,500,5252.501362951399,,,time_limit,,,,,,,,,,"reward tho, phat va cham 1000"
episode,ppo_v2,ppo_v2,PPO-A reward tho,160768,raw,,500,7237.639341407612,,,time_limit,,,,,,,,,,"reward tho, phat va cham 1000"
episode,ppo_v2,ppo_v2,PPO-A reward tho,160768,raw,,223,408.6132960487008,,,collision,,,,,,,,,,"reward tho, phat va cham 1000"
episode,ppo_v2,ppo_v2,PPO-A reward tho,161792,raw,,500,5724.390609153777,,,time_limit,,,,,,,,,,"reward tho, phat va cham 1000"
episode,ppo_v2,ppo_v2,PPO-A reward tho,161792,raw,,38,-817.0143568590413,,,collision,,,,,,,,,,"reward tho, phat va cham 1000"
episode,ppo_v2,ppo_v2,PPO-A reward tho,161792,raw,,500,7447.86910876763,,,time_limit,,,,,,,,,,"reward tho, phat va cham 1000"
episode,ppo_v2,ppo_v2,PPO-A reward tho,162816,raw,,500,6373.545063246585,,,time_limit,,,,,,,,,,"reward tho, phat va cham 1000"
episode,ppo_v2,ppo_v2,PPO-A reward tho,162816,raw,,500,7356.701468229989,,,time_limit,,,,,,,,,,"reward tho, phat va cham 1000"
episode,ppo_v2,ppo_v2,PPO-A reward tho,163840,raw,,500,5139.108848524833,,,time_limit,,,,,,,,,,"reward tho, phat va cham 1000"
episode,ppo_v2,ppo_v2,PPO-A reward tho,163840,raw,,500,8046.953258607515,,,time_limit,,,,,,,,,,"reward tho, phat va cham 1000"
episode,ppo_v2,ppo_v2,PPO-A reward tho,163840,raw,,46,-791.3929445201145,,,collision,,,,,,,,,,"reward tho, phat va cham 1000"
episode,ppo_v3,ppo_v3,PPO-A reward tho,164864,raw,,500,5513.627714447967,,,time_limit,,,,,,,,,,"reward tho, w_lane_offset 8"
episode,ppo_v3,ppo_v3,PPO-A reward tho,164864,raw,,64,-907.2985036780694,,,collision,,,,,,,,,,"reward tho, w_lane_offset 8"
episode,ppo_v3,ppo_v3,PPO-A reward tho,164864,raw,,120,-442.9412956168246,,,off_lane,,,,,,,,,,"reward tho, w_lane_offset 8"
episode,ppo_v3,ppo_v3,PPO-A reward tho,165888,raw,,500,5693.417051262407,,,time_limit,,,,,,,,,,"reward tho, w_lane_offset 8"
episode,ppo_v3,ppo_v3,PPO-A reward tho,165888,raw,,500,5693.541783584967,,,time_limit,,,,,,,,,,"reward tho, w_lane_offset 8"
episode,ppo_v3,ppo_v3,PPO-A reward tho,166912,raw,,500,6490.215093588679,,,time_limit,,,,,,,,,,"reward tho, w_lane_offset 8"
episode,ppo_v3,ppo_v3,PPO-A reward tho,166912,raw,,500,5521.068108742482,,,time_limit,,,,,,,,,,"reward tho, w_lane_offset 8"
episode,ppo_v3,ppo_v3,PPO-A reward tho,167936,raw,,500,3308.5183272123095,,,time_limit,,,,,,,,,,"reward tho, w_lane_offset 8"
episode,ppo_v3,ppo_v3,PPO-A reward tho,167936,raw,,500,5572.437898889379,,,time_limit,,,,,,,,,,"reward tho, w_lane_offset 8"
episode,ppo_v3,ppo_v3,PPO-A reward tho,168960,raw,,500,5883.893699847166,,,time_limit,,,,,,,,,,"reward tho, w_lane_offset 8"
episode,ppo_v3,ppo_v3,PPO-A reward tho,168960,raw,,500,5149.456760698367,,,time_limit,,,,,,,,,,"reward tho, w_lane_offset 8"
episode,ppo_v3,ppo_v3,PPO-A reward tho,169984,raw,,500,4863.982816990676,,,time_limit,,,,,,,,,,"reward tho, w_lane_offset 8"
episode,ppo_v3,ppo_v3,PPO-A reward tho,169984,raw,,500,6429.143272881735,,,time_limit,,,,,,,,,,"reward tho, w_lane_offset 8"
episode,ppo_v3,ppo_v3,PPO-A reward tho,169984,raw,,195,25.046177819302443,,,collision,,,,,,,,,,"reward tho, w_lane_offset 8"
episode,ppo_v3,ppo_v3,PPO-A reward tho,171008,raw,,451,2874.6130273543326,,,collision,,,,,,,,,,"reward tho, w_lane_offset 8"
episode,ppo_v3,ppo_v3,PPO-A reward tho,171008,raw,,165,-186.74337852325243,,,collision,,,,,,,,,,"reward tho, w_lane_offset 8"
episode,ppo_v3,ppo_v3,PPO-A reward tho,171008,raw,,59,-681.889541501675,,,collision,,,,,,,,,,"reward tho, w_lane_offset 8"
episode,ppo_v3,ppo_v3,PPO-A reward tho,171008,raw,,151,-224.32331220432513,,,collision,,,,,,,,,,"reward tho, w_lane_offset 8"
episode,ppo_v3,ppo_v3,PPO-A reward tho,171008,raw,,45,-793.1807300872867,,,collision,,,,,,,,,,"reward tho, w_lane_offset 8"
episode,ppo_v3,ppo_v3,PPO-A reward tho,172032,raw,,500,5257.871868854233,,,time_limit,,,,,,,,,,"reward tho, w_lane_offset 8"
episode,ppo_v3,ppo_v3,PPO-A reward tho,172032,raw,,34,-865.0854605977744,,,collision,,,,,,,,,,"reward tho, w_lane_offset 8"
episode,ppo_v3,ppo_v3,PPO-A reward tho,172032,raw,,500,5638.186672921461,,,time_limit,,,,,,,,,,"reward tho, w_lane_offset 8"
episode,ppo_v3,ppo_v3,PPO-A reward tho,173056,raw,,500,5618.353225746989,,,time_limit,,,,,,,,,,"reward tho, w_lane_offset 8"
episode,ppo_v3,ppo_v3,PPO-A reward tho,173056,raw,,127,-359.96177754055805,,,collision,,,,,,,,,,"reward tho, w_lane_offset 8"
episode,ppo_v3,ppo_v3,PPO-A reward tho,173056,raw,,45,-776.092859389801,,,collision,,,,,,,,,,"reward tho, w_lane_offset 8"
episode,ppo_v3,ppo_v3,PPO-A reward tho,173056,raw,,40,-840.3264120989854,,,collision,,,,,,,,,,"reward tho, w_lane_offset 8"
episode,ppo_v3,ppo_v3,PPO-A reward tho,173056,raw,,500,5551.10017953206,,,time_limit,,,,,,,,,,"reward tho, w_lane_offset 8"
episode,ppo_v3,ppo_v3,PPO-A reward tho,173056,raw,,53,-758.400314728404,,,collision,,,,,,,,,,"reward tho, w_lane_offset 8"
episode,ppo_v3,ppo_v3,PPO-A reward tho,174080,raw,,500,4978.34329473465,,,time_limit,,,,,,,,,,"reward tho, w_lane_offset 8"
episode,ppo_v3,ppo_v3,PPO-A reward tho,174080,raw,,500,5705.152626905844,,,time_limit,,,,,,,,,,"reward tho, w_lane_offset 8"
episode,ppo_v3,ppo_v3,PPO-A reward tho,174080,raw,,112,-538.4661475600185,,,collision,,,,,,,,,,"reward tho, w_lane_offset 8"
episode,ppo_v3,ppo_v3,PPO-A reward tho,175104,raw,,500,5552.3044507869745,,,time_limit,,,,,,,,,,"reward tho, w_lane_offset 8"
episode,ppo_v3,ppo_v3,PPO-A reward tho,175104,raw,,500,5309.298479350076,,,time_limit,,,,,,,,,,"reward tho, w_lane_offset 8"
episode,ppo_v3,ppo_v3,PPO-A reward tho,176128,raw,,500,5663.690144204003,,,time_limit,,,,,,,,,,"reward tho, w_lane_offset 8"
episode,ppo_v3,ppo_v3,PPO-A reward tho,176128,raw,,53,-747.0434021803967,,,collision,,,,,,,,,,"reward tho, w_lane_offset 8"
episode,ppo_v3,ppo_v3,PPO-A reward tho,176128,raw,,500,5637.245123385783,,,time_limit,,,,,,,,,,"reward tho, w_lane_offset 8"
episode,ppo_v3,ppo_v3,PPO-A reward tho,177152,raw,,500,5732.329539692412,,,time_limit,,,,,,,,,,"reward tho, w_lane_offset 8"
episode,ppo_v3,ppo_v3,PPO-A reward tho,177152,raw,,500,6029.551107351344,,,time_limit,,,,,,,,,,"reward tho, w_lane_offset 8"
episode,ppo_v3,ppo_v3,PPO-A reward tho,178176,raw,,500,5829.498654684031,,,time_limit,,,,,,,,,,"reward tho, w_lane_offset 8"
episode,ppo_v3,ppo_v3,PPO-A reward tho,178176,raw,,500,4796.898451321383,,,time_limit,,,,,,,,,,"reward tho, w_lane_offset 8"
episode,ppo_v3,ppo_v3,PPO-A reward tho,179200,raw,,500,6466.417453183539,,,time_limit,,,,,,,,,,"reward tho, w_lane_offset 8"
episode,ppo_v3,ppo_v3,PPO-A reward tho,179200,raw,,101,-569.8623310654999,,,collision,,,,,,,,,,"reward tho, w_lane_offset 8"
episode,ppo_v3,ppo_v3,PPO-A reward tho,179200,raw,,222,29.30969615621666,,,collision,,,,,,,,,,"reward tho, w_lane_offset 8"
episode,ppo_v3,ppo_v3,PPO-A reward tho,180224,raw,,500,5419.970662998728,,,time_limit,,,,,,,,,,"reward tho, w_lane_offset 8"
episode,ppo_v3,ppo_v3,PPO-A reward tho,180224,raw,,500,6116.993073547385,,,time_limit,,,,,,,,,,"reward tho, w_lane_offset 8"
episode,ppo_v3,ppo_v3,PPO-A reward tho,181248,raw,,500,5280.355792802692,,,time_limit,,,,,,,,,,"reward tho, w_lane_offset 8"
episode,ppo_v3,ppo_v3,PPO-A reward tho,181248,raw,,500,4927.243373244232,,,time_limit,,,,,,,,,,"reward tho, w_lane_offset 8"
episode,ppo_v3,ppo_v3,PPO-A reward tho,182272,raw,,500,6541.324024127401,,,time_limit,,,,,,,,,,"reward tho, w_lane_offset 8"
episode,ppo_v3,ppo_v3,PPO-A reward tho,182272,raw,,174,128.38828834854303,,,collision,,,,,,,,,,"reward tho, w_lane_offset 8"
episode,ppo_v3,ppo_v3,PPO-A reward tho,182272,raw,,500,6675.185900252094,,,time_limit,,,,,,,,,,"reward tho, w_lane_offset 8"
episode,ppo_v3,ppo_v3,PPO-A reward tho,183296,raw,,500,6095.764336848359,,,time_limit,,,,,,,,,,"reward tho, w_lane_offset 8"
episode,ppo_v3,ppo_v3,PPO-A reward tho,183296,raw,,500,6798.311906887385,,,time_limit,,,,,,,,,,"reward tho, w_lane_offset 8"
episode,ppo_v3,ppo_v3,PPO-A reward tho,183296,raw,,130,-449.3765272266786,,,collision,,,,,,,,,,"reward tho, w_lane_offset 8"
episode,ppo_v3,ppo_v3,PPO-A reward tho,184320,raw,,500,6349.869584261544,,,time_limit,,,,,,,,,,"reward tho, w_lane_offset 8"
episode,ppo_v3,ppo_v3,PPO-A reward tho,184320,raw,,500,3468.137225558932,,,time_limit,,,,,,,,,,"reward tho, w_lane_offset 8"
episode,ppo_v3,ppo_v3,PPO-A reward tho,185344,raw,,500,6587.545761224809,,,time_limit,,,,,,,,,,"reward tho, w_lane_offset 8"
episode,ppo_v3,ppo_v3,PPO-A reward tho,185344,raw,,500,7269.694812290061,,,time_limit,,,,,,,,,,"reward tho, w_lane_offset 8"
episode,ppo_v3,ppo_v3,PPO-A reward tho,186368,raw,,500,6149.914578716621,,,time_limit,,,,,,,,,,"reward tho, w_lane_offset 8"
episode,ppo_v3,ppo_v3,PPO-A reward tho,186368,raw,,49,-684.48548671341,,,collision,,,,,,,,,,"reward tho, w_lane_offset 8"
episode,ppo_v3,ppo_v3,PPO-A reward tho,186368,raw,,500,6853.021255221431,,,time_limit,,,,,,,,,,"reward tho, w_lane_offset 8"
episode,ppo_v3,ppo_v3,PPO-A reward tho,187392,raw,,500,6121.5145199973595,,,time_limit,,,,,,,,,,"reward tho, w_lane_offset 8"
episode,ppo_v3,ppo_v3,PPO-A reward tho,187392,raw,,500,5108.406448842459,,,time_limit,,,,,,,,,,"reward tho, w_lane_offset 8"
episode,ppo_v3,ppo_v3,PPO-A reward tho,188416,raw,,500,6678.24357939103,,,time_limit,,,,,,,,,,"reward tho, w_lane_offset 8"
episode,ppo_v3,ppo_v3,PPO-A reward tho,188416,raw,,120,-356.13202249859444,,,collision,,,,,,,,,,"reward tho, w_lane_offset 8"
episode,ppo_v3,ppo_v3,PPO-A reward tho,188416,raw,,500,5497.045386522305,,,time_limit,,,,,,,,,,"reward tho, w_lane_offset 8"
episode,ppo_v3,ppo_v3,PPO-A reward tho,189440,raw,,362,3181.7698647561047,,,collision,,,,,,,,,,"reward tho, w_lane_offset 8"
episode,ppo_v3,ppo_v3,PPO-A reward tho,189440,raw,,500,6958.624836427691,,,time_limit,,,,,,,,,,"reward tho, w_lane_offset 8"
episode,ppo_v3,ppo_v3,PPO-A reward tho,190464,raw,,500,6674.731762247111,,,time_limit,,,,,,,,,,"reward tho, w_lane_offset 8"
episode,ppo_v3,ppo_v3,PPO-A reward tho,190464,raw,,70,-739.5204279987194,,,collision,,,,,,,,,,"reward tho, w_lane_offset 8"
episode,ppo_v3,ppo_v3,PPO-A reward tho,190464,raw,,500,6381.918185802683,,,time_limit,,,,,,,,,,"reward tho, w_lane_offset 8"
episode,ppo_v3,ppo_v3,PPO-A reward tho,191488,raw,,500,5552.070925550873,,,time_limit,,,,,,,,,,"reward tho, w_lane_offset 8"
episode,ppo_v3,ppo_v3,PPO-A reward tho,191488,raw,,214,-285.97334581137,,,collision,,,,,,,,,,"reward tho, w_lane_offset 8"
episode,ppo_v3,ppo_v3,PPO-A reward tho,192512,raw,,500,5828.298766365497,,,time_limit,,,,,,,,,,"reward tho, w_lane_offset 8"
episode,ppo_v3,ppo_v3,PPO-A reward tho,192512,raw,,500,6000.218669403285,,,time_limit,,,,,,,,,,"reward tho, w_lane_offset 8"
episode,ppo_v3,ppo_v3,PPO-A reward tho,192512,raw,,500,6031.851997700008,,,time_limit,,,,,,,,,,"reward tho, w_lane_offset 8"
episode,ppo_v3,ppo_v3,PPO-A reward tho,193536,raw,,43,-818.9571969109622,,,collision,,,,,,,,,,"reward tho, w_lane_offset 8"
episode,ppo_v3,ppo_v3,PPO-A reward tho,193536,raw,,500,5585.37473138315,,,time_limit,,,,,,,,,,"reward tho, w_lane_offset 8"
episode,ppo_v3,ppo_v3,PPO-A reward tho,193536,raw,,350,3292.354916284856,,,off_lane,,,,,,,,,,"reward tho, w_lane_offset 8"
episode,ppo_v3,ppo_v3,PPO-A reward tho,194560,raw,,500,6087.282828614613,,,time_limit,,,,,,,,,,"reward tho, w_lane_offset 8"
episode,ppo_v3,ppo_v3,PPO-A reward tho,194560,raw,,500,6495.96245215757,,,time_limit,,,,,,,,,,"reward tho, w_lane_offset 8"
episode,ppo_v3,ppo_v3,PPO-A reward tho,195584,raw,,500,5334.815046179725,,,time_limit,,,,,,,,,,"reward tho, w_lane_offset 8"
episode,ppo_v3,ppo_v3,PPO-A reward tho,195584,raw,,500,6583.355572232806,,,time_limit,,,,,,,,,,"reward tho, w_lane_offset 8"
episode,ppo_v3,ppo_v3,PPO-A reward tho,196608,raw,,500,6583.296927518052,,,time_limit,,,,,,,,,,"reward tho, w_lane_offset 8"
episode,ppo_v3,ppo_v3,PPO-A reward tho,196608,raw,,500,6546.680519668326,,,time_limit,,,,,,,,,,"reward tho, w_lane_offset 8"
episode,ppo_v3,ppo_v3,PPO-A reward tho,197632,raw,,500,6616.975243667604,,,time_limit,,,,,,,,,,"reward tho, w_lane_offset 8"
episode,ppo_v3,ppo_v3,PPO-A reward tho,197632,raw,,500,6094.024101037362,,,time_limit,,,,,,,,,,"reward tho, w_lane_offset 8"
episode,ppo_v3,ppo_v3,PPO-A reward tho,198656,raw,,299,96.11106947328199,,,collision,,,,,,,,,,"reward tho, w_lane_offset 8"
episode,ppo_v3,ppo_v3,PPO-A reward tho,198656,raw,,500,6275.667984210957,,,time_limit,,,,,,,,,,"reward tho, w_lane_offset 8"
episode,ppo_v3,ppo_v3,PPO-A reward tho,199680,raw,,326,1427.7213907960247,,,collision,,,,,,,,,,"reward tho, w_lane_offset 8"
episode,ppo_v3,ppo_v3,PPO-A reward tho,199680,raw,,199,696.4713608256092,,,off_lane,,,,,,,,,,"reward tho, w_lane_offset 8"
episode,ppo_v3,ppo_v3,PPO-A reward tho,199680,raw,,126,-327.53186016992686,,,collision,,,,,,,,,,"reward tho, w_lane_offset 8"
episode,ppo_v3,ppo_v3,PPO-A reward tho,200704,raw,,500,6566.416303581168,,,time_limit,,,,,,,,,,"reward tho, w_lane_offset 8"
episode,ppo_v3,ppo_v3,PPO-A reward tho,200704,raw,,500,6326.99420967042,,,time_limit,,,,,,,,,,"reward tho, w_lane_offset 8"
episode,ppo_v3,ppo_v3,PPO-A reward tho,201728,raw,,500,7296.608452657899,,,time_limit,,,,,,,,,,"reward tho, w_lane_offset 8"
episode,ppo_v3,ppo_v3,PPO-A reward tho,201728,raw,,500,6495.778286942588,,,time_limit,,,,,,,,,,"reward tho, w_lane_offset 8"
episode,ppo_v3,ppo_v3,PPO-A reward tho,202752,raw,,500,4164.490424374655,,,time_limit,,,,,,,,,,"reward tho, w_lane_offset 8"
episode,ppo_v3,ppo_v3,PPO-A reward tho,202752,raw,,500,6742.675310675034,,,time_limit,,,,,,,,,,"reward tho, w_lane_offset 8"
episode,ppo_v3,ppo_v3,PPO-A reward tho,203776,raw,,500,6612.441158193128,,,time_limit,,,,,,,,,,"reward tho, w_lane_offset 8"
episode,ppo_v3,ppo_v3,PPO-A reward tho,203776,raw,,500,6047.359569489752,,,time_limit,,,,,,,,,,"reward tho, w_lane_offset 8"
episode,ppo_v3,ppo_v3,PPO-A reward tho,203776,raw,,230,939.6225790023491,,,collision,,,,,,,,,,"reward tho, w_lane_offset 8"
episode,ppo_v3,ppo_v3,PPO-A reward tho,204800,raw,,500,7334.57570949485,,,time_limit,,,,,,,,,,"reward tho, w_lane_offset 8"
episode,ppo_v3,ppo_v3,PPO-A reward tho,204800,raw,,197,158.5611934280978,,,collision,,,,,,,,,,"reward tho, w_lane_offset 8"
episode,ppo_v3,ppo_v3,PPO-A reward tho,204800,raw,,500,4901.885799260769,,,time_limit,,,,,,,,,,"reward tho, w_lane_offset 8"
episode,ppo_v3,ppo_v3,PPO-A reward tho,205824,raw,,172,-171.2077539465073,,,collision,,,,,,,,,,"reward tho, w_lane_offset 8"
episode,ppo_v3,ppo_v3,PPO-A reward tho,205824,raw,,57,-699.8941749955621,,,collision,,,,,,,,,,"reward tho, w_lane_offset 8"
episode,ppo_v3,ppo_v3,PPO-A reward tho,205824,raw,,500,6521.749846579205,,,time_limit,,,,,,,,,,"reward tho, w_lane_offset 8"
episode,ppo_v3,ppo_v3,PPO-A reward tho,205824,raw,,119,-355.12549105673315,,,collision,,,,,,,,,,"reward tho, w_lane_offset 8"
episode,ppo_v3,ppo_v3,PPO-A reward tho,206848,raw,,500,6465.356206458557,,,time_limit,,,,,,,,,,"reward tho, w_lane_offset 8"
episode,ppo_v3,ppo_v3,PPO-A reward tho,206848,raw,,34,-873.0249065928774,,,collision,,,,,,,,,,"reward tho, w_lane_offset 8"
episode,ppo_v3,ppo_v3,PPO-A reward tho,206848,raw,,500,6671.518686896039,,,time_limit,,,,,,,,,,"reward tho, w_lane_offset 8"
episode,ppo_v3,ppo_v3,PPO-A reward tho,207872,raw,,500,7030.908036147739,,,time_limit,,,,,,,,,,"reward tho, w_lane_offset 8"
episode,ppo_v3,ppo_v3,PPO-A reward tho,207872,raw,,75,-621.2466018674488,,,collision,,,,,,,,,,"reward tho, w_lane_offset 8"
episode,ppo_v3,ppo_v3,PPO-A reward tho,207872,raw,,46,-802.1535867403138,,,collision,,,,,,,,,,"reward tho, w_lane_offset 8"
episode,ppo_v3,ppo_v3,PPO-A reward tho,207872,raw,,39,-853.0310082000362,,,collision,,,,,,,,,,"reward tho, w_lane_offset 8"
episode,ppo_v3,ppo_v3,PPO-A reward tho,207872,raw,,57,-24.328480827395254,,,off_lane,,,,,,,,,,"reward tho, w_lane_offset 8"
episode,ppo_v3,ppo_v3,PPO-A reward tho,207872,raw,,102,-643.6291629806176,,,collision,,,,,,,,,,"reward tho, w_lane_offset 8"
episode,ppo_v3,ppo_v3,PPO-A reward tho,208896,raw,,500,6100.182356555504,,,time_limit,,,,,,,,,,"reward tho, w_lane_offset 8"
episode,ppo_v3,ppo_v3,PPO-A reward tho,208896,raw,,500,6946.316053071373,,,time_limit,,,,,,,,,,"reward tho, w_lane_offset 8"
episode,ppo_v3,ppo_v3,PPO-A reward tho,208896,raw,,55,-807.6355653986908,,,collision,,,,,,,,,,"reward tho, w_lane_offset 8"
episode,ppo_v3,ppo_v3,PPO-A reward tho,209920,raw,,500,6592.049603938941,,,time_limit,,,,,,,,,,"reward tho, w_lane_offset 8"
episode,ppo_v3,ppo_v3,PPO-A reward tho,209920,raw,,500,6675.186909884084,,,time_limit,,,,,,,,,,"reward tho, w_lane_offset 8"
episode,ppo_v3,ppo_v3,PPO-A reward tho,210944,raw,,500,6647.20882279401,,,time_limit,,,,,,,,,,"reward tho, w_lane_offset 8"
episode,ppo_v3,ppo_v3,PPO-A reward tho,210944,raw,,58,-818.0247731753268,,,collision,,,,,,,,,,"reward tho, w_lane_offset 8"
episode,ppo_v3,ppo_v3,PPO-A reward tho,210944,raw,,500,6514.627928809038,,,time_limit,,,,,,,,,,"reward tho, w_lane_offset 8"
episode,ppo_v3,ppo_v3,PPO-A reward tho,211968,raw,,500,6287.744099375416,,,time_limit,,,,,,,,,,"reward tho, w_lane_offset 8"
episode,ppo_v3,ppo_v3,PPO-A reward tho,211968,raw,,500,6352.332057728066,,,time_limit,,,,,,,,,,"reward tho, w_lane_offset 8"
episode,ppo_v3,ppo_v3,PPO-A reward tho,212992,raw,,500,6305.098193895013,,,time_limit,,,,,,,,,,"reward tho, w_lane_offset 8"
episode,ppo_v3,ppo_v3,PPO-A reward tho,212992,raw,,500,5369.752522958888,,,time_limit,,,,,,,,,,"reward tho, w_lane_offset 8"
episode,ppo_v3,ppo_v3,PPO-A reward tho,214016,raw,,500,7002.01742864145,,,time_limit,,,,,,,,,,"reward tho, w_lane_offset 8"
episode,ppo_v3,ppo_v3,PPO-A reward tho,214016,raw,,74,-675.763193184794,,,collision,,,,,,,,,,"reward tho, w_lane_offset 8"
episode,ppo_v3,ppo_v3,PPO-A reward tho,214016,raw,,500,3956.0995166647476,,,time_limit,,,,,,,,,,"reward tho, w_lane_offset 8"
episode,ppo_v3,ppo_v3,PPO-A reward tho,215040,raw,,500,4852.38030184069,,,time_limit,,,,,,,,,,"reward tho, w_lane_offset 8"
episode,ppo_v3,ppo_v3,PPO-A reward tho,215040,raw,,500,6128.882371709814,,,time_limit,,,,,,,,,,"reward tho, w_lane_offset 8"
episode,ppo_v3,ppo_v3,PPO-A reward tho,216064,raw,,500,5614.6856088615705,,,time_limit,,,,,,,,,,"reward tho, w_lane_offset 8"
episode,ppo_v3,ppo_v3,PPO-A reward tho,216064,raw,,500,5181.582671325627,,,time_limit,,,,,,,,,,"reward tho, w_lane_offset 8"
episode,ppo_v3,ppo_v3,PPO-A reward tho,217088,raw,,499,5445.095785102781,,,collision,,,,,,,,,,"reward tho, w_lane_offset 8"
episode,ppo_v3,ppo_v3,PPO-A reward tho,217088,raw,,343,651.3125945982197,,,collision,,,,,,,,,,"reward tho, w_lane_offset 8"
episode,ppo_v3,ppo_v3,PPO-A reward tho,217088,raw,,500,6502.942893673449,,,time_limit,,,,,,,,,,"reward tho, w_lane_offset 8"
episode,ppo_v3,ppo_v3,PPO-A reward tho,218112,raw,,500,6182.301718245045,,,time_limit,,,,,,,,,,"reward tho, w_lane_offset 8"
episode,ppo_v3,ppo_v3,PPO-A reward tho,218112,raw,,500,6687.645972194847,,,time_limit,,,,,,,,,,"reward tho, w_lane_offset 8"
episode,ppo_v3,ppo_v3,PPO-A reward tho,218112,raw,,38,-173.1913053436591,,,off_lane,,,,,,,,,,"reward tho, w_lane_offset 8"
episode,ppo_v3,ppo_v3,PPO-A reward tho,219136,raw,,500,6568.562921508655,,,time_limit,,,,,,,,,,"reward tho, w_lane_offset 8"
episode,ppo_v3,ppo_v3,PPO-A reward tho,219136,raw,,500,2913.350047304709,,,time_limit,,,,,,,,,,"reward tho, w_lane_offset 8"
episode,ppo_v3,ppo_v3,PPO-A reward tho,220160,raw,,340,2334.0762376122348,,,collision,,,,,,,,,,"reward tho, w_lane_offset 8"
episode,ppo_v3,ppo_v3,PPO-A reward tho,220160,raw,,500,7340.537817565688,,,time_limit,,,,,,,,,,"reward tho, w_lane_offset 8"
episode,ppo_v3,ppo_v3,PPO-A reward tho,221184,raw,,500,6619.80095060627,,,time_limit,,,,,,,,,,"reward tho, w_lane_offset 8"
episode,ppo_v3,ppo_v3,PPO-A reward tho,221184,raw,,500,6856.938451311191,,,time_limit,,,,,,,,,,"reward tho, w_lane_offset 8"
episode,ppo_v3,ppo_v3,PPO-A reward tho,222208,raw,,500,7055.959484353816,,,time_limit,,,,,,,,,,"reward tho, w_lane_offset 8"
episode,ppo_v3,ppo_v3,PPO-A reward tho,222208,raw,,500,6663.353984895052,,,time_limit,,,,,,,,,,"reward tho, w_lane_offset 8"
episode,ppo_v3,ppo_v3,PPO-A reward tho,223232,raw,,500,5581.460777208566,,,time_limit,,,,,,,,,,"reward tho, w_lane_offset 8"
episode,ppo_v3,ppo_v3,PPO-A reward tho,223232,raw,,500,6428.4243020806825,,,time_limit,,,,,,,,,,"reward tho, w_lane_offset 8"
episode,ppo_v3,ppo_v3,PPO-A reward tho,223232,raw,,117,-433.291232066847,,,collision,,,,,,,,,,"reward tho, w_lane_offset 8"
episode,ppo_v3,ppo_v3,PPO-A reward tho,224256,raw,,500,6523.06576156549,,,time_limit,,,,,,,,,,"reward tho, w_lane_offset 8"
episode,ppo_v3,ppo_v3,PPO-A reward tho,224256,raw,,500,6687.699872364805,,,time_limit,,,,,,,,,,"reward tho, w_lane_offset 8"
episode,ppo_v3,ppo_v3,PPO-A reward tho,225280,raw,,500,7279.296251639205,,,time_limit,,,,,,,,,,"reward tho, w_lane_offset 8"
episode,ppo_v3,ppo_v3,PPO-A reward tho,225280,raw,,500,7022.181125474722,,,time_limit,,,,,,,,,,"reward tho, w_lane_offset 8"
episode,ppo_v3,ppo_v3,PPO-A reward tho,225280,raw,,44,-787.6651629318421,,,collision,,,,,,,,,,"reward tho, w_lane_offset 8"
episode,ppo_v3,ppo_v3,PPO-A reward tho,226304,raw,,500,6343.322392657129,,,time_limit,,,,,,,,,,"reward tho, w_lane_offset 8"
episode,ppo_v3,ppo_v3,PPO-A reward tho,226304,raw,,345,2840.756230333728,,,collision,,,,,,,,,,"reward tho, w_lane_offset 8"
episode,ppo_v3,ppo_v3,PPO-A reward tho,226304,raw,,205,-262.5823318995084,,,collision,,,,,,,,,,"reward tho, w_lane_offset 8"
episode,ppo_v3,ppo_v3,PPO-A reward tho,227328,raw,,500,6512.997323836046,,,time_limit,,,,,,,,,,"reward tho, w_lane_offset 8"
episode,ppo_v3,ppo_v3,PPO-A reward tho,227328,raw,,500,6341.1537857848925,,,time_limit,,,,,,,,,,"reward tho, w_lane_offset 8"
episode,ppo_v3,ppo_v3,PPO-A reward tho,228352,raw,,500,6003.56413785407,,,time_limit,,,,,,,,,,"reward tho, w_lane_offset 8"
episode,ppo_v3,ppo_v3,PPO-A reward tho,228352,raw,,47,-754.2796465557416,,,collision,,,,,,,,,,"reward tho, w_lane_offset 8"
episode,ppo_v3,ppo_v3,PPO-A reward tho,228352,raw,,500,6434.451798220503,,,time_limit,,,,,,,,,,"reward tho, w_lane_offset 8"
episode,ppo_v3,ppo_v3,PPO-A reward tho,229376,raw,,500,6166.879123295112,,,time_limit,,,,,,,,,,"reward tho, w_lane_offset 8"
episode,ppo_v3,ppo_v3,PPO-A reward tho,229376,raw,,500,6531.355058866277,,,time_limit,,,,,,,,,,"reward tho, w_lane_offset 8"
episode,ppo_v3,ppo_v3,PPO-A reward tho,230400,raw,,500,6708.137785577177,,,time_limit,,,,,,,,,,"reward tho, w_lane_offset 8"
episode,ppo_v3,ppo_v3,PPO-A reward tho,230400,raw,,500,4635.437961176096,,,time_limit,,,,,,,,,,"reward tho, w_lane_offset 8"
episode,ppo_v3,ppo_v3,PPO-A reward tho,231424,raw,,500,6761.885489318437,,,time_limit,,,,,,,,,,"reward tho, w_lane_offset 8"
episode,ppo_v3,ppo_v3,PPO-A reward tho,231424,raw,,500,6477.314747220931,,,time_limit,,,,,,,,,,"reward tho, w_lane_offset 8"
episode,ppo_v3,ppo_v3,PPO-A reward tho,232448,raw,,500,6993.315476294181,,,time_limit,,,,,,,,,,"reward tho, w_lane_offset 8"
episode,ppo_v3,ppo_v3,PPO-A reward tho,232448,raw,,500,6836.8278531437645,,,time_limit,,,,,,,,,,"reward tho, w_lane_offset 8"
episode,ppo_v3,ppo_v3,PPO-A reward tho,233472,raw,,500,6274.180724732367,,,time_limit,,,,,,,,,,"reward tho, w_lane_offset 8"
episode,ppo_v3,ppo_v3,PPO-A reward tho,233472,raw,,168,-12.08581393864722,,,collision,,,,,,,,,,"reward tho, w_lane_offset 8"
episode,ppo_v3,ppo_v3,PPO-A reward tho,233472,raw,,500,6296.218591548587,,,time_limit,,,,,,,,,,"reward tho, w_lane_offset 8"
episode,ppo_v3,ppo_v3,PPO-A reward tho,233472,raw,,78,174.20087933287707,,,off_lane,,,,,,,,,,"reward tho, w_lane_offset 8"
episode,ppo_v3,ppo_v3,PPO-A reward tho,234496,raw,,329,2830.492543185652,,,collision,,,,,,,,,,"reward tho, w_lane_offset 8"
episode,ppo_v3,ppo_v3,PPO-A reward tho,234496,raw,,500,6750.141324913503,,,time_limit,,,,,,,,,,"reward tho, w_lane_offset 8"
episode,ppo_v3,ppo_v3,PPO-A reward tho,235520,raw,,500,3332.846148027966,,,time_limit,,,,,,,,,,"reward tho, w_lane_offset 8"
episode,ppo_v3,ppo_v3,PPO-A reward tho,235520,raw,,169,-197.05025786563033,,,collision,,,,,,,,,,"reward tho, w_lane_offset 8"
episode,ppo_v3,ppo_v3,PPO-A reward tho,235520,raw,,190,-333.2504401556969,,,collision,,,,,,,,,,"reward tho, w_lane_offset 8"
episode,ppo_v3,ppo_v3,PPO-A reward tho,236544,raw,,500,5238.068000435458,,,time_limit,,,,,,,,,,"reward tho, w_lane_offset 8"
episode,ppo_v3,ppo_v3,PPO-A reward tho,236544,raw,,500,7434.061120819762,,,time_limit,,,,,,,,,,"reward tho, w_lane_offset 8"
episode,ppo_v3,ppo_v3,PPO-A reward tho,236544,raw,,378,4063.955475992632,,,off_lane,,,,,,,,,,"reward tho, w_lane_offset 8"
episode,ppo_v3,ppo_v3,PPO-A reward tho,237568,raw,,136,-360.89426877145524,,,collision,,,,,,,,,,"reward tho, w_lane_offset 8"
episode,ppo_v3,ppo_v3,PPO-A reward tho,237568,raw,,500,6763.047116269086,,,time_limit,,,,,,,,,,"reward tho, w_lane_offset 8"
episode,ppo_v3,ppo_v3,PPO-A reward tho,237568,raw,,174,38.62746241226739,,,collision,,,,,,,,,,"reward tho, w_lane_offset 8"
episode,ppo_v3,ppo_v3,PPO-A reward tho,237568,raw,,248,528.855004074354,,,collision,,,,,,,,,,"reward tho, w_lane_offset 8"
episode,ppo_v3,ppo_v3,PPO-A reward tho,238592,raw,,500,6901.464160551019,,,time_limit,,,,,,,,,,"reward tho, w_lane_offset 8"
episode,ppo_v3,ppo_v3,PPO-A reward tho,238592,raw,,127,-299.4450249314971,,,collision,,,,,,,,,,"reward tho, w_lane_offset 8"
episode,ppo_v3,ppo_v3,PPO-A reward tho,238592,raw,,183,-137.00944916404626,,,collision,,,,,,,,,,"reward tho, w_lane_offset 8"
episode,ppo_v3,ppo_v3,PPO-A reward tho,239616,raw,,500,6790.116362633813,,,time_limit,,,,,,,,,,"reward tho, w_lane_offset 8"
episode,ppo_v3,ppo_v3,PPO-A reward tho,239616,raw,,500,5950.696968034368,,,time_limit,,,,,,,,,,"reward tho, w_lane_offset 8"
episode,ppo_v3,ppo_v3,PPO-A reward tho,240640,raw,,500,6696.91861662012,,,time_limit,,,,,,,,,,"reward tho, w_lane_offset 8"
episode,ppo_v3,ppo_v3,PPO-A reward tho,240640,raw,,363,3026.9070986175634,,,collision,,,,,,,,,,"reward tho, w_lane_offset 8"
episode,ppo_v3,ppo_v3,PPO-A reward tho,241664,raw,,500,6772.625170616909,,,time_limit,,,,,,,,,,"reward tho, w_lane_offset 8"
episode,ppo_v3,ppo_v3,PPO-A reward tho,241664,raw,,500,7536.143082695374,,,time_limit,,,,,,,,,,"reward tho, w_lane_offset 8"
episode,ppo_v3,ppo_v3,PPO-A reward tho,241664,raw,,500,6955.454783714732,,,time_limit,,,,,,,,,,"reward tho, w_lane_offset 8"
episode,ppo_v3,ppo_v3,PPO-A reward tho,242688,raw,,500,7074.149365466891,,,time_limit,,,,,,,,,,"reward tho, w_lane_offset 8"
episode,ppo_v3,ppo_v3,PPO-A reward tho,242688,raw,,500,7007.552618435075,,,time_limit,,,,,,,,,,"reward tho, w_lane_offset 8"
episode,ppo_v3,ppo_v3,PPO-A reward tho,243712,raw,,500,6905.010467113898,,,time_limit,,,,,,,,,,"reward tho, w_lane_offset 8"
episode,ppo_v3,ppo_v3,PPO-A reward tho,243712,raw,,66,-645.3801159593875,,,collision,,,,,,,,,,"reward tho, w_lane_offset 8"
episode,ppo_v3,ppo_v3,PPO-A reward tho,243712,raw,,386,3026.5033554654437,,,collision,,,,,,,,,,"reward tho, w_lane_offset 8"
episode,ppo_v3,ppo_v3,PPO-A reward tho,244736,raw,,500,5315.38246276425,,,time_limit,,,,,,,,,,"reward tho, w_lane_offset 8"
episode,ppo_v3,ppo_v3,PPO-A reward tho,244736,raw,,500,6603.75321049568,,,time_limit,,,,,,,,,,"reward tho, w_lane_offset 8"
episode,ppo_v3,ppo_v3,PPO-A reward tho,245760,raw,,500,7398.865978498849,,,time_limit,,,,,,,,,,"reward tho, w_lane_offset 8"
episode,ppo_v3,ppo_v3,PPO-A reward tho,245760,raw,,500,6641.970734665669,,,time_limit,,,,,,,,,,"reward tho, w_lane_offset 8"
episode,ppo_v3,ppo_v3,PPO-A reward tho,245760,raw,,154,-219.40036776270108,,,collision,,,,,,,,,,"reward tho, w_lane_offset 8"
episode,ppo_v3,ppo_v3,PPO-A reward tho,246784,raw,,195,-147.89436581167467,,,collision,,,,,,,,,,"reward tho, w_lane_offset 8"
episode,ppo_v3,ppo_v3,PPO-A reward tho,246784,raw,,327,2501.3591713577625,,,collision,,,,,,,,,,"reward tho, w_lane_offset 8"
episode,ppo_v3,ppo_v3,PPO-A reward tho,246784,raw,,500,6278.481324237877,,,time_limit,,,,,,,,,,"reward tho, w_lane_offset 8"
episode,ppo_v3,ppo_v3,PPO-A reward tho,247808,raw,,500,6380.613607213615,,,time_limit,,,,,,,,,,"reward tho, w_lane_offset 8"
episode,ppo_v3,ppo_v3,PPO-A reward tho,247808,raw,,101,-396.56154527194974,,,collision,,,,,,,,,,"reward tho, w_lane_offset 8"
episode,ppo_v3,ppo_v3,PPO-A reward tho,248832,raw,,500,6728.932307003432,,,time_limit,,,,,,,,,,"reward tho, w_lane_offset 8"
episode,ppo_v3,ppo_v3,PPO-A reward tho,248832,raw,,500,6555.108445141372,,,time_limit,,,,,,,,,,"reward tho, w_lane_offset 8"
episode,ppo_v3,ppo_v3,PPO-A reward tho,248832,raw,,328,2143.597430764658,,,collision,,,,,,,,,,"reward tho, w_lane_offset 8"
episode,ppo_v3,ppo_v3,PPO-A reward tho,248832,raw,,55,-27.404537503891145,,,off_lane,,,,,,,,,,"reward tho, w_lane_offset 8"
episode,ppo_v3,ppo_v3,PPO-A reward tho,249856,raw,,500,4981.16107993173,,,time_limit,,,,,,,,,,"reward tho, w_lane_offset 8"
episode,ppo_v3,ppo_v3,PPO-A reward tho,249856,raw,,45,-711.9577607494895,,,collision,,,,,,,,,,"reward tho, w_lane_offset 8"
episode,ppo_v3,ppo_v3,PPO-A reward tho,249856,raw,,500,6818.009764012834,,,time_limit,,,,,,,,,,"reward tho, w_lane_offset 8"
episode,ppo_v3,ppo_v3,PPO-A reward tho,250880,raw,,500,6767.306123320057,,,time_limit,,,,,,,,,,"reward tho, w_lane_offset 8"
episode,ppo_v3,ppo_v3,PPO-A reward tho,250880,raw,,48,-742.1366460544972,,,collision,,,,,,,,,,"reward tho, w_lane_offset 8"
episode,ppo_v3,ppo_v3,PPO-A reward tho,250880,raw,,81,-541.7764334257174,,,collision,,,,,,,,,,"reward tho, w_lane_offset 8"
episode,ppo_v3,ppo_v3,PPO-A reward tho,250880,raw,,111,-564.3825369775216,,,collision,,,,,,,,,,"reward tho, w_lane_offset 8"
episode,ppo_v3,ppo_v3,PPO-A reward tho,250880,raw,,103,-544.3541532825743,,,collision,,,,,,,,,,"reward tho, w_lane_offset 8"
episode,ppo_v3,ppo_v3,PPO-A reward tho,251904,raw,,343,2687.47356496585,,,collision,,,,,,,,,,"reward tho, w_lane_offset 8"
episode,ppo_v3,ppo_v3,PPO-A reward tho,251904,raw,,500,6604.47330329688,,,time_limit,,,,,,,,,,"reward tho, w_lane_offset 8"
episode,ppo_v3,ppo_v3,PPO-A reward tho,252928,raw,,500,6558.838768786982,,,time_limit,,,,,,,,,,"reward tho, w_lane_offset 8"
episode,ppo_v3,ppo_v3,PPO-A reward tho,252928,raw,,500,6573.1435519851275,,,time_limit,,,,,,,,,,"reward tho, w_lane_offset 8"
episode,ppo_v3,ppo_v3,PPO-A reward tho,253952,raw,,500,7177.016166140854,,,time_limit,,,,,,,,,,"reward tho, w_lane_offset 8"
episode,ppo_v3,ppo_v3,PPO-A reward tho,253952,raw,,43,-805.6415784873998,,,collision,,,,,,,,,,"reward tho, w_lane_offset 8"
episode,ppo_v3,ppo_v3,PPO-A reward tho,253952,raw,,314,2701.8462238510538,,,collision,,,,,,,,,,"reward tho, w_lane_offset 8"
episode,ppo_v3,ppo_v3,PPO-A reward tho,253952,raw,,500,6358.330959524766,,,time_limit,,,,,,,,,,"reward tho, w_lane_offset 8"
episode,ppo_v3,ppo_v3,PPO-A reward tho,254976,raw,,500,6542.720881685767,,,time_limit,,,,,,,,,,"reward tho, w_lane_offset 8"
episode,ppo_v3,ppo_v3,PPO-A reward tho,254976,raw,,500,4557.261328135955,,,time_limit,,,,,,,,,,"reward tho, w_lane_offset 8"
episode,ppo_v4,ppo_v4,PPO-B reward chuan hoa,0,normalized,Town01,69,-79.18502670789927,0.6495614378302321,12,collision,,,,,,,,,,"reward chuan hoa, xoay 4 ban do - MO HINH DUOC CHON"
episode,ppo_v4,ppo_v4,PPO-B reward chuan hoa,0,normalized,Town01,104,-35.51856008437881,0.8893442394299054,15,collision,,,,,,,,,,"reward chuan hoa, xoay 4 ban do - MO HINH DUOC CHON"
episode,ppo_v4,ppo_v4,PPO-B reward chuan hoa,0,normalized,Town01,86,-29.29865166662517,0.4322446604532495,26,collision,,,,,,,,,,"reward chuan hoa, xoay 4 ban do - MO HINH DUOC CHON"
episode,ppo_v4,ppo_v4,PPO-B reward chuan hoa,0,normalized,Town01,40,-59.57683286318049,0.15108544626097356,12,collision,,,,,,,,,,"reward chuan hoa, xoay 4 ban do - MO HINH DUOC CHON"
episode,ppo_v4,ppo_v4,PPO-B reward chuan hoa,0,normalized,Town01,68,-51.123886516455485,0.3156146975949228,1,collision,,,,,,,,,,"reward chuan hoa, xoay 4 ban do - MO HINH DUOC CHON"
episode,ppo_v4,ppo_v4,PPO-B reward chuan hoa,0,normalized,Town01,175,28.835571400564007,0.27854843728726636,14,collision,,,,,,,,,,"reward chuan hoa, xoay 4 ban do - MO HINH DUOC CHON"
episode,ppo_v4,ppo_v4,PPO-B reward chuan hoa,0,normalized,Town01,372,-110.15608073359454,0.5806321044073692,38,collision,,,,,,,,,,"reward chuan hoa, xoay 4 ban do - MO HINH DUOC CHON"
episode,ppo_v4,ppo_v4,PPO-B reward chuan hoa,1024,normalized,Town01,235,70.68943130111212,0.6868234472048859,30,off_lane,,,,,,,,,,"reward chuan hoa, xoay 4 ban do - MO HINH DUOC CHON"
episode,ppo_v4,ppo_v4,PPO-B reward chuan hoa,1024,normalized,Town01,273,-20.962787893504427,0.5705534150386211,19,collision,,,,,,,,,,"reward chuan hoa, xoay 4 ban do - MO HINH DUOC CHON"
episode,ppo_v4,ppo_v4,PPO-B reward chuan hoa,1024,normalized,Town01,155,-67.63066248609594,0.10337826194319752,13,collision,,,,,,,,,,"reward chuan hoa, xoay 4 ban do - MO HINH DUOC CHON"
episode,ppo_v4,ppo_v4,PPO-B reward chuan hoa,2048,normalized,Town01,482,122.97009451023703,0.509709773291108,35,collision,,,,,,,,,,"reward chuan hoa, xoay 4 ban do - MO HINH DUOC CHON"
episode,ppo_v4,ppo_v4,PPO-B reward chuan hoa,2048,normalized,Town01,90,-47.832789973519766,0.5190517871737648,0,collision,,,,,,,,,,"reward chuan hoa, xoay 4 ban do - MO HINH DUOC CHON"
episode,ppo_v4,ppo_v4,PPO-B reward chuan hoa,2048,normalized,Town01,172,-19.52974488705454,0.48589643876583377,14,collision,,,,,,,,,,"reward chuan hoa, xoay 4 ban do - MO HINH DUOC CHON"
episode,ppo_v4,ppo_v4,PPO-B reward chuan hoa,2048,normalized,Town01,138,-94.27499385792949,0.2964187843212183,0,collision,,,,,,,,,,"reward chuan hoa, xoay 4 ban do - MO HINH DUOC CHON"
episode,ppo_v4,ppo_v4,PPO-B reward chuan hoa,2048,normalized,Town01,127,-23.72723922792634,0.45073817977684943,0,collision,,,,,,,,,,"reward chuan hoa, xoay 4 ban do - MO HINH DUOC CHON"
episode,ppo_v4,ppo_v4,PPO-B reward chuan hoa,2048,normalized,Town01,249,15.004154823644697,0.262199462682763,3,collision,,,,,,,,,,"reward chuan hoa, xoay 4 ban do - MO HINH DUOC CHON"
episode,ppo_v4,ppo_v4,PPO-B reward chuan hoa,2048,normalized,Town01,171,-8.166785744234915,0.5638472177436471,13,collision,,,,,,,,,,"reward chuan hoa, xoay 4 ban do - MO HINH DUOC CHON"
episode,ppo_v4,ppo_v4,PPO-B reward chuan hoa,3072,normalized,Town01,91,-38.922951695584025,0.35925973325859256,0,collision,,,,,,,,,,"reward chuan hoa, xoay 4 ban do - MO HINH DUOC CHON"
episode,ppo_v4,ppo_v4,PPO-B reward chuan hoa,3072,normalized,Town01,53,-49.944312579057126,0.15086290320645118,12,collision,,,,,,,,,,"reward chuan hoa, xoay 4 ban do - MO HINH DUOC CHON"
episode,ppo_v4,ppo_v4,PPO-B reward chuan hoa,3072,normalized,Town01,261,12.968031887476414,0.5684021368550701,60,collision,,,,,,,,,,"reward chuan hoa, xoay 4 ban do - MO HINH DUOC CHON"
episode,ppo_v4,ppo_v4,PPO-B reward chuan hoa,3072,normalized,Town01,89,-30.000147453673065,0.32557891528641897,8,collision,,,,,,,,,,"reward chuan hoa, xoay 4 ban do - MO HINH DUOC CHON"
episode,ppo_v4,ppo_v4,PPO-B reward chuan hoa,3072,normalized,Town01,188,18.76650948148975,0.3370694196684373,15,collision,,,,,,,,,,"reward chuan hoa, xoay 4 ban do - MO HINH DUOC CHON"
episode,ppo_v4,ppo_v4,PPO-B reward chuan hoa,3072,normalized,Town01,324,50.39199957547085,0.22226244113857743,19,collision,,,,,,,,,,"reward chuan hoa, xoay 4 ban do - MO HINH DUOC CHON"
episode,ppo_v4,ppo_v4,PPO-B reward chuan hoa,4096,normalized,Town01,337,-238.59314727687493,1.0804632294989671,30,collision,,,,,,,,,,"reward chuan hoa, xoay 4 ban do - MO HINH DUOC CHON"
episode,ppo_v4,ppo_v4,PPO-B reward chuan hoa,4096,normalized,Town01,231,-125.10031537890316,0.7052519808864303,15,collision,,,,,,,,,,"reward chuan hoa, xoay 4 ban do - MO HINH DUOC CHON"
episode,ppo_v4,ppo_v4,PPO-B reward chuan hoa,4096,normalized,Town02,97,-79.14226297376764,0.3596898945516742,9,collision,,,,,,,,,,"reward chuan hoa, xoay 4 ban do - MO HINH DUOC CHON"
episode,ppo_v4,ppo_v4,PPO-B reward chuan hoa,4096,normalized,Town02,227,-59.42093392870288,0.432606195109947,23,collision,,,,,,,,,,"reward chuan hoa, xoay 4 ban do - MO HINH DUOC CHON"
episode,ppo_v4,ppo_v4,PPO-B reward chuan hoa,5120,normalized,Town02,239,-72.933567622705,0.47823416511990013,14,collision,,,,,,,,,,"reward chuan hoa, xoay 4 ban do - MO HINH DUOC CHON"
episode,ppo_v4,ppo_v4,PPO-B reward chuan hoa,5120,normalized,Town02,97,-47.54569685266643,0.4456429071853676,0,collision,,,,,,,,,,"reward chuan hoa, xoay 4 ban do - MO HINH DUOC CHON"
episode,ppo_v4,ppo_v4,PPO-B reward chuan hoa,5120,normalized,Town02,322,-160.52584821639255,0.9220943137998578,17,collision,,,,,,,,,,"reward chuan hoa, xoay 4 ban do - MO HINH DUOC CHON"
episode,ppo_v4,ppo_v4,PPO-B reward chuan hoa,5120,normalized,Town02,211,17.96268912416781,0.37832932713547707,28,collision,,,,,,,,,,"reward chuan hoa, xoay 4 ban do - MO HINH DUOC CHON"
episode,ppo_v4,ppo_v4,PPO-B reward chuan hoa,5120,normalized,Town02,86,-53.11901184667542,0.6237090205881,20,collision,,,,,,,,,,"reward chuan hoa, xoay 4 ban do - MO HINH DUOC CHON"
episode,ppo_v4,ppo_v4,PPO-B reward chuan hoa,5120,normalized,Town02,60,-70.9803014295578,0.5819087845447257,0,collision,,,,,,,,,,"reward chuan hoa, xoay 4 ban do - MO HINH DUOC CHON"
episode,ppo_v4,ppo_v4,PPO-B reward chuan hoa,5120,normalized,Town02,49,-68.64316827952406,0.430699573656181,0,collision,,,,,,,,,,"reward chuan hoa, xoay 4 ban do - MO HINH DUOC CHON"
episode,ppo_v4,ppo_v4,PPO-B reward chuan hoa,5120,normalized,Town02,80,-56.613640682436646,0.4052787810385645,0,collision,,,,,,,,,,"reward chuan hoa, xoay 4 ban do - MO HINH DUOC CHON"
episode,ppo_v4,ppo_v4,PPO-B reward chuan hoa,6144,normalized,Town02,171,-64.70977228741391,0.462910897441883,24,collision,,,,,,,,,,"reward chuan hoa, xoay 4 ban do - MO HINH DUOC CHON"
episode,ppo_v4,ppo_v4,PPO-B reward chuan hoa,6144,normalized,Town02,136,-37.24043661198824,0.3594681205380069,14,collision,,,,,,,,,,"reward chuan hoa, xoay 4 ban do - MO HINH DUOC CHON"
episode,ppo_v4,ppo_v4,PPO-B reward chuan hoa,6144,normalized,Town02,60,-53.38153368946669,0.27706573173653243,0,collision,,,,,,,,,,"reward chuan hoa, xoay 4 ban do - MO HINH DUOC CHON"
episode,ppo_v4,ppo_v4,PPO-B reward chuan hoa,6144,normalized,Town02,41,-62.15699336210899,0.22287951746516801,0,collision,,,,,,,,,,"reward chuan hoa, xoay 4 ban do - MO HINH DUOC CHON"
episode,ppo_v4,ppo_v4,PPO-B reward chuan hoa,6144,normalized,Town02,180,-94.37348488781657,0.657839612372429,26,collision,,,,,,,,,,"reward chuan hoa, xoay 4 ban do - MO HINH DUOC CHON"
episode,ppo_v4,ppo_v4,PPO-B reward chuan hoa,6144,normalized,Town02,222,-83.77991599370749,0.4564255562065174,13,collision,,,,,,,,,,"reward chuan hoa, xoay 4 ban do - MO HINH DUOC CHON"
episode,ppo_v4,ppo_v4,PPO-B reward chuan hoa,6144,normalized,Town02,186,-7.011211500715021,0.5359358546451974,19,collision,,,,,,,,,,"reward chuan hoa, xoay 4 ban do - MO HINH DUOC CHON"
episode,ppo_v4,ppo_v4,PPO-B reward chuan hoa,6144,normalized,Town02,113,-15.285080660913287,0.16208631829322728,31,collision,,,,,,,,,,"reward chuan hoa, xoay 4 ban do - MO HINH DUOC CHON"
episode,ppo_v4,ppo_v4,PPO-B reward chuan hoa,7168,normalized,Town02,218,-25.93352815810431,0.562518852621462,14,collision,,,,,,,,,,"reward chuan hoa, xoay 4 ban do - MO HINH DUOC CHON"
episode,ppo_v4,ppo_v4,PPO-B reward chuan hoa,7168,normalized,Town02,218,-51.842490309463315,0.31576675211427474,15,collision,,,,,,,,,,"reward chuan hoa, xoay 4 ban do - MO HINH DUOC CHON"
episode,ppo_v4,ppo_v4,PPO-B reward chuan hoa,7168,normalized,Town02,183,-48.63474779182931,0.45055404016135814,123,collision,,,,,,,,,,"reward chuan hoa, xoay 4 ban do - MO HINH DUOC CHON"
episode,ppo_v4,ppo_v4,PPO-B reward chuan hoa,7168,normalized,Town02,207,-75.5328871994967,0.16826385043236472,15,collision,,,,,,,,,,"reward chuan hoa, xoay 4 ban do - MO HINH DUOC CHON"
episode,ppo_v4,ppo_v4,PPO-B reward chuan hoa,8192,normalized,Town02,247,101.59601053828757,0.5828059581766899,14,off_lane,,,,,,,,,,"reward chuan hoa, xoay 4 ban do - MO HINH DUOC CHON"
episode,ppo_v4,ppo_v4,PPO-B reward chuan hoa,8192,normalized,Town02,76,-39.664696536102085,0.3880288976692833,13,collision,,,,,,,,,,"reward chuan hoa, xoay 4 ban do - MO HINH DUOC CHON"
episode,ppo_v4,ppo_v4,PPO-B reward chuan hoa,8192,normalized,Town02,141,-8.268341147677788,0.2681417094638753,54,collision,,,,,,,,,,"reward chuan hoa, xoay 4 ban do - MO HINH DUOC CHON"
episode,ppo_v4,ppo_v4,PPO-B reward chuan hoa,8192,normalized,Town03,64,-38.85791234437691,0.2391532314445854,30,collision,,,,,,,,,,"reward chuan hoa, xoay 4 ban do - MO HINH DUOC CHON"
episode,ppo_v4,ppo_v4,PPO-B reward chuan hoa,8192,normalized,Town03,103,-30.132682813937024,0.30347657587436133,24,collision,,,,,,,,,,"reward chuan hoa, xoay 4 ban do - MO HINH DUOC CHON"
episode,ppo_v4,ppo_v4,PPO-B reward chuan hoa,8192,normalized,Town03,79,-46.36989725395965,1.448922517771492,56,collision,,,,,,,,,,"reward chuan hoa, xoay 4 ban do - MO HINH DUOC CHON"
episode,ppo_v4,ppo_v4,PPO-B reward chuan hoa,8192,normalized,Town03,500,289.2176846366404,0.41225623144609413,192,time_limit,,,,,,,,,,"reward chuan hoa, xoay 4 ban do - MO HINH DUOC CHON"
episode,ppo_v4,ppo_v4,PPO-B reward chuan hoa,9216,normalized,Town03,189,4.597674977720821,1.5439380426435618,162,off_lane,,,,,,,,,,"reward chuan hoa, xoay 4 ban do - MO HINH DUOC CHON"
episode,ppo_v4,ppo_v4,PPO-B reward chuan hoa,9216,normalized,Town03,442,-22.238425107800317,0.5725498729483076,76,off_lane,,,,,,,,,,"reward chuan hoa, xoay 4 ban do - MO HINH DUOC CHON"
episode,ppo_v4,ppo_v4,PPO-B reward chuan hoa,9216,normalized,Town03,193,14.390876217243353,0.9911355718572571,141,off_lane,,,,,,,,,,"reward chuan hoa, xoay 4 ban do - MO HINH DUOC CHON"
episode,ppo_v4,ppo_v4,PPO-B reward chuan hoa,10240,normalized,Town03,500,220.1344696357174,0.514017533262228,91,time_limit,,,,,,,,,,"reward chuan hoa, xoay 4 ban do - MO HINH DUOC CHON"
episode,ppo_v4,ppo_v4,PPO-B reward chuan hoa,10240,normalized,Town03,76,-34.11256181154264,0.3624387396357134,30,collision,,,,,,,,,,"reward chuan hoa, xoay 4 ban do - MO HINH DUOC CHON"
episode,ppo_v4,ppo_v4,PPO-B reward chuan hoa,10240,normalized,Town03,221,53.39125044786121,0.5699713857040499,51,off_lane,,,,,,,,,,"reward chuan hoa, xoay 4 ban do - MO HINH DUOC CHON"
episode,ppo_v4,ppo_v4,PPO-B reward chuan hoa,10240,normalized,Town03,152,3.609847926033468,0.8452066808806588,108,off_lane,,,,,,,,,,"reward chuan hoa, xoay 4 ban do - MO HINH DUOC CHON"
episode,ppo_v4,ppo_v4,PPO-B reward chuan hoa,11264,normalized,Town03,500,134.72808446592651,0.2959053179169689,356,time_limit,,,,,,,,,,"reward chuan hoa, xoay 4 ban do - MO HINH DUOC CHON"
episode,ppo_v4,ppo_v4,PPO-B reward chuan hoa,11264,normalized,Town03,500,-138.77321440571367,1.071917133792327,274,time_limit,,,,,,,,,,"reward chuan hoa, xoay 4 ban do - MO HINH DUOC CHON"
episode,ppo_v4,ppo_v4,PPO-B reward chuan hoa,12288,normalized,Town03,365,119.8818240580785,0.4574499134992755,104,off_lane,,,,,,,,,,"reward chuan hoa, xoay 4 ban do - MO HINH DUOC CHON"
episode,ppo_v4,ppo_v4,PPO-B reward chuan hoa,12288,normalized,Town03,400,57.91404520198785,0.7007531653722766,177,off_lane,,,,,,,,,,"reward chuan hoa, xoay 4 ban do - MO HINH DUOC CHON"
episode,ppo_v4,ppo_v4,PPO-B reward chuan hoa,12288,normalized,Town03,487,124.54566326958341,0.40657402158773376,218,collision,,,,,,,,,,"reward chuan hoa, xoay 4 ban do - MO HINH DUOC CHON"
episode,ppo_v4,ppo_v4,PPO-B reward chuan hoa,12288,normalized,Town03,55,-42.13692434519083,0.10240163900185999,27,collision,,,,,,,,,,"reward chuan hoa, xoay 4 ban do - MO HINH DUOC CHON"
episode,ppo_v4,ppo_v4,PPO-B reward chuan hoa,13312,normalized,Town03,500,194.4464388458107,0.4325359985837709,199,time_limit,,,,,,,,,,"reward chuan hoa, xoay 4 ban do - MO HINH DUOC CHON"
episode,ppo_v4,ppo_v4,PPO-B reward chuan hoa,13312,normalized,Town03,143,44.65766689760602,0.47087951724953037,30,off_lane,,,,,,,,,,"reward chuan hoa, xoay 4 ban do - MO HINH DUOC CHON"
episode,ppo_v4,ppo_v4,PPO-B reward chuan hoa,13312,normalized,Town03,184,64.48624567657706,0.7556326742403118,84,off_lane,,,,,,,,,,"reward chuan hoa, xoay 4 ban do - MO HINH DUOC CHON"
episode,ppo_v4,ppo_v4,PPO-B reward chuan hoa,14336,normalized,Town03,393,150.01385108019548,0.31942862909967956,129,collision,,,,,,,,,,"reward chuan hoa, xoay 4 ban do - MO HINH DUOC CHON"
episode,ppo_v4,ppo_v4,PPO-B reward chuan hoa,14336,normalized,Town03,79,7.634198982532804,0.725846371786426,12,off_lane,,,,,,,,,,"reward chuan hoa, xoay 4 ban do - MO HINH DUOC CHON"
episode,ppo_v4,ppo_v4,PPO-B reward chuan hoa,14336,normalized,Town03,153,48.55308804982291,0.46442367991159655,47,off_lane,,,,,,,,,,"reward chuan hoa, xoay 4 ban do - MO HINH DUOC CHON"
episode,ppo_v4,ppo_v4,PPO-B reward chuan hoa,14336,normalized,Town03,117,7.6956620528036055,0.8804317724689446,58,off_lane,,,,,,,,,,"reward chuan hoa, xoay 4 ban do - MO HINH DUOC CHON"
episode,ppo_v4,ppo_v4,PPO-B reward chuan hoa,14336,normalized,Town03,107,22.24435988429901,0.9008831879650118,36,off_lane,,,,,,,,,,"reward chuan hoa, xoay 4 ban do - MO HINH DUOC CHON"
episode,ppo_v4,ppo_v4,PPO-B reward chuan hoa,14336,normalized,Town04,90,-76.42071888295226,0.6068584998927635,0,collision,,,,,,,,,,"reward chuan hoa, xoay 4 ban do - MO HINH DUOC CHON"
episode,ppo_v4,ppo_v4,PPO-B reward chuan hoa,14336,normalized,Town04,172,49.202389587308,0.8103243690330452,46,off_lane,,,,,,,,,,"reward chuan hoa, xoay 4 ban do - MO HINH DUOC CHON"
episode,ppo_v4,ppo_v4,PPO-B reward chuan hoa,15360,normalized,Town04,323,94.62753350684828,0.5694798196850586,30,off_lane,,,,,,,,,,"reward chuan hoa, xoay 4 ban do - MO HINH DUOC CHON"
episode,ppo_v4,ppo_v4,PPO-B reward chuan hoa,15360,normalized,Town04,361,-37.83466374440106,0.10189093664281892,36,collision,,,,,,,,,,"reward chuan hoa, xoay 4 ban do - MO HINH DUOC CHON"
episode,ppo_v4,ppo_v4,PPO-B reward chuan hoa,15360,normalized,Town04,172,-35.28821182717436,0.5831011083344022,5,collision,,,,,,,,,,"reward chuan hoa, xoay 4 ban do - MO HINH DUOC CHON"
episode,ppo_v4,ppo_v4,PPO-B reward chuan hoa,15360,normalized,Town04,106,-26.559360650513568,0.2060612858128922,20,collision,,,,,,,,,,"reward chuan hoa, xoay 4 ban do - MO HINH DUOC CHON"
episode,ppo_v4,ppo_v4,PPO-B reward chuan hoa,15360,normalized,Town04,137,55.120171207855954,0.9343443971173866,75,off_lane,,,,,,,,,,"reward chuan hoa, xoay 4 ban do - MO HINH DUOC CHON"
episode,ppo_v4,ppo_v4,PPO-B reward chuan hoa,16384,normalized,Town04,500,-11.846836315110718,0.2386629821757214,77,time_limit,,,,,,,,,,"reward chuan hoa, xoay 4 ban do - MO HINH DUOC CHON"
episode,ppo_v4,ppo_v4,PPO-B reward chuan hoa,16384,normalized,Town04,266,85.60991104203185,0.6316687118246502,58,off_lane,,,,,,,,,,"reward chuan hoa, xoay 4 ban do - MO HINH DUOC CHON"
episode,ppo_v4,ppo_v4,PPO-B reward chuan hoa,17408,normalized,Town04,500,193.52683656955782,0.4867737798522092,0,time_limit,,,,,,,,,,"reward chuan hoa, xoay 4 ban do - MO HINH DUOC CHON"
episode,ppo_v4,ppo_v4,PPO-B reward chuan hoa,17408,normalized,Town04,209,-18.687321070853336,0.7112733546175412,24,collision,,,,,,,,,,"reward chuan hoa, xoay 4 ban do - MO HINH DUOC CHON"
episode,ppo_v4,ppo_v4,PPO-B reward chuan hoa,17408,normalized,Town04,409,117.20312203674678,0.8088386037194124,93,off_lane,,,,,,,,,,"reward chuan hoa, xoay 4 ban do - MO HINH DUOC CHON"
episode,ppo_v4,ppo_v4,PPO-B reward chuan hoa,18432,normalized,Town04,500,234.2541263296185,0.517946284486109,126,time_limit,,,,,,,,,,"reward chuan hoa, xoay 4 ban do - MO HINH DUOC CHON"
episode,ppo_v4,ppo_v4,PPO-B reward chuan hoa,18432,normalized,Town04,394,71.94993113526112,0.26937707308242353,113,collision,,,,,,,,,,"reward chuan hoa, xoay 4 ban do - MO HINH DUOC CHON"
episode,ppo_v4,ppo_v4,PPO-B reward chuan hoa,19456,normalized,Town04,500,226.57154644871318,0.492065287708868,83,time_limit,,,,,,,,,,"reward chuan hoa, xoay 4 ban do - MO HINH DUOC CHON"
episode,ppo_v4,ppo_v4,PPO-B reward chuan hoa,19456,normalized,Town04,324,57.87281067319324,0.5621841683002927,61,collision,,,,,,,,,,"reward chuan hoa, xoay 4 ban do - MO HINH DUOC CHON"
episode,ppo_v4,ppo_v4,PPO-B reward chuan hoa,19456,normalized,Town04,119,-39.88159352095473,0.5378211782358745,0,collision,,,,,,,,,,"reward chuan hoa, xoay 4 ban do - MO HINH DUOC CHON"
episode,ppo_v4,ppo_v4,PPO-B reward chuan hoa,19456,normalized,Town04,207,41.89332359079371,0.3957006484076041,68,collision,,,,,,,,,,"reward chuan hoa, xoay 4 ban do - MO HINH DUOC CHON"
episode,ppo_v4,ppo_v4,PPO-B reward chuan hoa,19456,normalized,Town04,137,-36.68386515856896,0.5912405339759659,23,collision,,,,,,,,,,"reward chuan hoa, xoay 4 ban do - MO HINH DUOC CHON"
episode,ppo_v4,ppo_v4,PPO-B reward chuan hoa,20480,normalized,Town04,424,95.59141999661126,0.6191233720751621,88,collision,,,,,,,,,,"reward chuan hoa, xoay 4 ban do - MO HINH DUOC CHON"
episode,ppo_v4,ppo_v4,PPO-B reward chuan hoa,20480,normalized,Town04,203,43.02873253252784,0.316431976819496,47,collision,,,,,,,,,,"reward chuan hoa, xoay 4 ban do - MO HINH DUOC CHON"
episode,ppo_v4,ppo_v4,PPO-B reward chuan hoa,20480,normalized,Town04,312,55.95785642482424,0.5819869952046056,61,collision,,,,,,,,,,"reward chuan hoa, xoay 4 ban do - MO HINH DUOC CHON"
episode,ppo_v4,ppo_v4,PPO-B reward chuan hoa,21504,normalized,Town04,500,182.2183873914503,0.26129040988487423,65,time_limit,,,,,,,,,,"reward chuan hoa, xoay 4 ban do - MO HINH DUOC CHON"
episode,ppo_v4,ppo_v4,PPO-B reward chuan hoa,21504,normalized,Town04,201,-8.398864523649294,0.260681171148712,126,collision,,,,,,,,,,"reward chuan hoa, xoay 4 ban do - MO HINH DUOC CHON"
episode,ppo_v4,ppo_v4,PPO-B reward chuan hoa,21504,normalized,Town04,488,202.77071895824133,0.41876970011924125,82,collision,,,,,,,,,,"reward chuan hoa, xoay 4 ban do - MO HINH DUOC CHON"
episode,ppo_v4,ppo_v4,PPO-B reward chuan hoa,22528,normalized,Town01,104,-34.24180361024946,0.21568779946316116,15,collision,,,,,,,,,,"reward chuan hoa, xoay 4 ban do - MO HINH DUOC CHON"
episode,ppo_v4,ppo_v4,PPO-B reward chuan hoa,22528,normalized,Town01,65,-72.42047619246543,1.7123905312590961,11,collision,,,,,,,,,,"reward chuan hoa, xoay 4 ban do - MO HINH DUOC CHON"
episode,ppo_v4,ppo_v4,PPO-B reward chuan hoa,22528,normalized,Town01,156,-27.39800453272715,0.18685113777984208,19,collision,,,,,,,,,,"reward chuan hoa, xoay 4 ban do - MO HINH DUOC CHON"
episode,ppo_v4,ppo_v4,PPO-B reward chuan hoa,22528,normalized,Town01,467,28.674428592126503,0.2896782286705543,41,collision,,,,,,,,,,"reward chuan hoa, xoay 4 ban do - MO HINH DUOC CHON"
episode,ppo_v4,ppo_v4,PPO-B reward chuan hoa,23552,normalized,Town01,500,188.3312540491969,0.3008485420232607,178,time_limit,,,,,,,,,,"reward chuan hoa, xoay 4 ban do - MO HINH DUOC CHON"
episode,ppo_v4,ppo_v4,PPO-B reward chuan hoa,23552,normalized,Town01,164,-56.148900867867425,0.19439222664174857,25,collision,,,,,,,,,,"reward chuan hoa, xoay 4 ban do - MO HINH DUOC CHON"
episode,ppo_v4,ppo_v4,PPO-B reward chuan hoa,23552,normalized,Town01,41,-58.86447383776099,0.27025762412211624,12,collision,,,,,,,,,,"reward chuan hoa, xoay 4 ban do - MO HINH DUOC CHON"
episode,ppo_v4,ppo_v4,PPO-B reward chuan hoa,23552,normalized,Town01,132,-14.310804499991022,0.5903047306484197,36,collision,,,,,,,,,,"reward chuan hoa, xoay 4 ban do - MO HINH DUOC CHON"
episode,ppo_v4,ppo_v4,PPO-B reward chuan hoa,23552,normalized,Town01,72,-38.14031654449659,0.20644747003610747,14,collision,,,,,,,,,,"reward chuan hoa, xoay 4 ban do - MO HINH DUOC CHON"
episode,ppo_v4,ppo_v4,PPO-B reward chuan hoa,23552,normalized,Town01,198,5.874050384908514,0.2194142554089412,14,collision,,,,,,,,,,"reward chuan hoa, xoay 4 ban do - MO HINH DUOC CHON"
episode,ppo_v4,ppo_v4,PPO-B reward chuan hoa,24576,normalized,Town01,313,-56.802135421397395,0.20934022604657085,59,collision,,,,,,,,,,"reward chuan hoa, xoay 4 ban do - MO HINH DUOC CHON"
episode,ppo_v4,ppo_v4,PPO-B reward chuan hoa,24576,normalized,Town01,126,-21.69221453025353,0.396387901276802,16,collision,,,,,,,,,,"reward chuan hoa, xoay 4 ban do - MO HINH DUOC CHON"
episode,ppo_v4,ppo_v4,PPO-B reward chuan hoa,24576,normalized,Town01,225,-22.527263093061975,0.18701966816872678,144,collision,,,,,,,,,,"reward chuan hoa, xoay 4 ban do - MO HINH DUOC CHON"
episode,ppo_v4,ppo_v4,PPO-B reward chuan hoa,24576,normalized,Town01,500,326.29584054617965,0.3142431855243879,50,time_limit,,,,,,,,,,"reward chuan hoa, xoay 4 ban do - MO HINH DUOC CHON"
episode,ppo_v4,ppo_v4,PPO-B reward chuan hoa,25600,normalized,Town01,192,-1.760536186185746,0.220094860469569,31,collision,,,,,,,,,,"reward chuan hoa, xoay 4 ban do - MO HINH DUOC CHON"
episode,ppo_v4,ppo_v4,PPO-B reward chuan hoa,25600,normalized,Town01,138,1.1644753324645913,0.9131781076444965,19,off_lane,,,,,,,,,,"reward chuan hoa, xoay 4 ban do - MO HINH DUOC CHON"
episode,ppo_v4,ppo_v4,PPO-B reward chuan hoa,25600,normalized,Town01,139,10.611776286381883,0.30070837194746597,12,collision,,,,,,,,,,"reward chuan hoa, xoay 4 ban do - MO HINH DUOC CHON"
episode,ppo_v4,ppo_v4,PPO-B reward chuan hoa,25600,normalized,Town01,423,61.471350756866954,0.25001254874233925,74,collision,,,,,,,,,,"reward chuan hoa, xoay 4 ban do - MO HINH DUOC CHON"
episode,ppo_v4,ppo_v4,PPO-B reward chuan hoa,26624,normalized,Town01,500,199.91919394677345,0.277849459247935,18,time_limit,,,,,,,,,,"reward chuan hoa, xoay 4 ban do - MO HINH DUOC CHON"
episode,ppo_v4,ppo_v4,PPO-B reward chuan hoa,26624,normalized,Town01,153,-7.956431565156166,0.21857212020118508,15,collision,,,,,,,,,,"reward chuan hoa, xoay 4 ban do - MO HINH DUOC CHON"
episode,ppo_v4,ppo_v4,PPO-B reward chuan hoa,26624,normalized,Town01,226,-72.76511100054677,0.5841668753529797,14,collision,,,,,,,,,,"reward chuan hoa, xoay 4 ban do - MO HINH DUOC CHON"
episode,ppo_v4,ppo_v4,PPO-B reward chuan hoa,27648,normalized,Town01,374,-28.08491021327854,0.3906326037952314,34,collision,,,,,,,,,,"reward chuan hoa, xoay 4 ban do - MO HINH DUOC CHON"
episode,ppo_v4,ppo_v4,PPO-B reward chuan hoa,27648,normalized,Town01,500,45.15041320489239,0.1368882976227776,189,time_limit,,,,,,,,,,"reward chuan hoa, xoay 4 ban do - MO HINH DUOC CHON"
episode,ppo_v4,ppo_v4,PPO-B reward chuan hoa,27648,normalized,Town01,90,-31.590614297240947,0.2661113960076592,0,collision,,,,,,,,,,"reward chuan hoa, xoay 4 ban do - MO HINH DUOC CHON"
episode,ppo_v4,ppo_v4,PPO-B reward chuan hoa,28672,normalized,Town01,500,193.8279817789756,0.2829807503917477,33,time_limit,,,,,,,,,,"reward chuan hoa, xoay 4 ban do - MO HINH DUOC CHON"
episode,ppo_v4,ppo_v4,PPO-B reward chuan hoa,28672,normalized,Town02,500,123.7043884034632,0.32489826513868864,42,time_limit,,,,,,,,,,"reward chuan hoa, xoay 4 ban do - MO HINH DUOC CHON"
episode,ppo_v4,ppo_v4,PPO-B reward chuan hoa,28672,normalized,Town02,73,-36.70406240381438,0.287483388956541,10,collision,,,,,,,,,,"reward chuan hoa, xoay 4 ban do - MO HINH DUOC CHON"
episode,ppo_v4,ppo_v4,PPO-B reward chuan hoa,28672,normalized,Town02,207,-56.94673666699384,0.41546529416717765,27,collision,,,,,,,,,,"reward chuan hoa, xoay 4 ban do - MO HINH DUOC CHON"
episode,ppo_v4,ppo_v4,PPO-B reward chuan hoa,29696,normalized,Town02,177,-15.830392045674138,0.32143224844809354,13,collision,,,,,,,,,,"reward chuan hoa, xoay 4 ban do - MO HINH DUOC CHON"
episode,ppo_v4,ppo_v4,PPO-B reward chuan hoa,29696,normalized,Town02,134,-56.90231653744276,0.4786589223443128,0,collision,,,,,,,,,,"reward chuan hoa, xoay 4 ban do - MO HINH DUOC CHON"
episode,ppo_v4,ppo_v4,PPO-B reward chuan hoa,29696,normalized,Town02,76,-32.23660644126482,0.35965243375041006,21,collision,,,,,,,,,,"reward chuan hoa, xoay 4 ban do - MO HINH DUOC CHON"
episode,ppo_v4,ppo_v4,PPO-B reward chuan hoa,29696,normalized,Town02,500,288.671600170431,0.2233716933319805,116,time_limit,,,,,,,,,,"reward chuan hoa, xoay 4 ban do - MO HINH DUOC CHON"
episode,ppo_v4,ppo_v4,PPO-B reward chuan hoa,29696,normalized,Town02,244,-19.611104437556037,0.14340028852910855,35,collision,,,,,,,,,,"reward chuan hoa, xoay 4 ban do - MO HINH DUOC CHON"
episode,ppo_v4,ppo_v4,PPO-B reward chuan hoa,30720,normalized,Town02,45,-74.77313112346283,0.532358696801747,0,collision,,,,,,,,,,"reward chuan hoa, xoay 4 ban do - MO HINH DUOC CHON"
episode,ppo_v4,ppo_v4,PPO-B reward chuan hoa,30720,normalized,Town02,500,307.1592782469589,0.1881278113291979,50,time_limit,,,,,,,,,,"reward chuan hoa, xoay 4 ban do - MO HINH DUOC CHON"
episode,ppo_v4,ppo_v4,PPO-B reward chuan hoa,30720,normalized,Town02,78,-39.17916290344785,0.3216819198669989,12,collision,,,,,,,,,,"reward chuan hoa, xoay 4 ban do - MO HINH DUOC CHON"
episode,ppo_v4,ppo_v4,PPO-B reward chuan hoa,30720,normalized,Town02,59,-63.07236263567504,0.38790572911118043,0,collision,,,,,,,,,,"reward chuan hoa, xoay 4 ban do - MO HINH DUOC CHON"
episode,ppo_v4,ppo_v4,PPO-B reward chuan hoa,31744,normalized,Town02,500,228.20866888864467,0.15673321751131633,31,time_limit,,,,,,,,,,"reward chuan hoa, xoay 4 ban do - MO HINH DUOC CHON"
episode,ppo_v4,ppo_v4,PPO-B reward chuan hoa,31744,normalized,Town02,500,143.23547481254178,0.2532450644305469,46,time_limit,,,,,,,,,,"reward chuan hoa, xoay 4 ban do - MO HINH DUOC CHON"
episode,ppo_v4,ppo_v4,PPO-B reward chuan hoa,31744,normalized,Town02,145,12.164908990379516,0.24887042624698824,13,collision,,,,,,,,,,"reward chuan hoa, xoay 4 ban do - MO HINH DUOC CHON"
episode,ppo_v4,ppo_v4,PPO-B reward chuan hoa,32768,normalized,Town02,375,53.65610117187411,0.3307396640427046,19,collision,,,,,,,,,,"reward chuan hoa, xoay 4 ban do - MO HINH DUOC CHON"
episode,ppo_v4,ppo_v4,PPO-B reward chuan hoa,32768,normalized,Town02,500,189.85570483512083,0.1487524525536857,15,time_limit,,,,,,,,,,"reward chuan hoa, xoay 4 ban do - MO HINH DUOC CHON"
episode,ppo_v4,ppo_v4,PPO-B reward chuan hoa,33792,normalized,Town02,500,206.44192681732426,0.2178982376045544,29,time_limit,,,,,,,,,,"reward chuan hoa, xoay 4 ban do - MO HINH DUOC CHON"
episode,ppo_v4,ppo_v4,PPO-B reward chuan hoa,33792,normalized,Town02,500,82.6605889649134,0.2506235570490277,60,time_limit,,,,,,,,,,"reward chuan hoa, xoay 4 ban do - MO HINH DUOC CHON"
episode,ppo_v4,ppo_v4,PPO-B reward chuan hoa,33792,normalized,Town02,177,-17.502119540257524,0.3070511119685429,0,collision,,,,,,,,,,"reward chuan hoa, xoay 4 ban do - MO HINH DUOC CHON"
episode,ppo_v4,ppo_v4,PPO-B reward chuan hoa,33792,normalized,Town02,180,-82.28715396767574,0.23660049251839715,10,collision,,,,,,,,,,"reward chuan hoa, xoay 4 ban do - MO HINH DUOC CHON"
episode,ppo_v4,ppo_v4,PPO-B reward chuan hoa,34816,normalized,Town02,500,218.00368442391633,0.2357947249398499,29,time_limit,,,,,,,,,,"reward chuan hoa, xoay 4 ban do - MO HINH DUOC CHON"
episode,ppo_v4,ppo_v4,PPO-B reward chuan hoa,34816,normalized,Town02,392,-21.908476472961084,0.33022566024427374,26,collision,,,,,,,,,,"reward chuan hoa, xoay 4 ban do - MO HINH DUOC CHON"
episode,ppo_v4,ppo_v4,PPO-B reward chuan hoa,35840,normalized,Town02,500,220.00946722012202,0.2197302612014093,27,time_limit,,,,,,,,,,"reward chuan hoa, xoay 4 ban do - MO HINH DUOC CHON"
episode,ppo_v4,ppo_v4,PPO-B reward chuan hoa,35840,normalized,Town02,166,34.780563255856904,0.22042838507246287,18,collision,,,,,,,,,,"reward chuan hoa, xoay 4 ban do - MO HINH DUOC CHON"
episode,ppo_v4,ppo_v4,PPO-B reward chuan hoa,35840,normalized,Town03,313,143.2670216476821,0.3725000423899826,69,off_lane,,,,,,,,,,"reward chuan hoa, xoay 4 ban do - MO HINH DUOC CHON"
episode,ppo_v4,ppo_v4,PPO-B reward chuan hoa,36864,normalized,Town03,500,196.32464629589214,0.21654442891085754,311,time_limit,,,,,,,,,,"reward chuan hoa, xoay 4 ban do - MO HINH DUOC CHON"
episode,ppo_v4,ppo_v4,PPO-B reward chuan hoa,36864,normalized,Town03,126,-33.66912386118926,0.48828952699241934,37,collision,,,,,,,,,,"reward chuan hoa, xoay 4 ban do - MO HINH DUOC CHON"
episode,ppo_v4,ppo_v4,PPO-B reward chuan hoa,36864,normalized,Town03,132,48.87819779917373,0.6376185131482586,51,off_lane,,,,,,,,,,"reward chuan hoa, xoay 4 ban do - MO HINH DUOC CHON"
episode,ppo_v4,ppo_v4,PPO-B reward chuan hoa,36864,normalized,Town03,414,186.45902379726152,0.2749162377113807,127,off_lane,,,,,,,,,,"reward chuan hoa, xoay 4 ban do - MO HINH DUOC CHON"
episode,ppo_v4,ppo_v4,PPO-B reward chuan hoa,37888,normalized,Town03,140,-7.084925302264897,0.48907923505227924,33,off_lane,,,,,,,,,,"reward chuan hoa, xoay 4 ban do - MO HINH DUOC CHON"
episode,ppo_v4,ppo_v4,PPO-B reward chuan hoa,37888,normalized,Town03,61,1.892268957206054,1.0958819716894648,33,off_lane,,,,,,,,,,"reward chuan hoa, xoay 4 ban do - MO HINH DUOC CHON"
episode,ppo_v4,ppo_v4,PPO-B reward chuan hoa,37888,normalized,Town03,345,50.71277794275881,0.18420387203998453,43,off_lane,,,,,,,,,,"reward chuan hoa, xoay 4 ban do - MO HINH DUOC CHON"
episode,ppo_v4,ppo_v4,PPO-B reward chuan hoa,37888,normalized,Town03,73,-30.783340307983835,0.09221006585909136,57,collision,,,,,,,,,,"reward chuan hoa, xoay 4 ban do - MO HINH DUOC CHON"
episode,ppo_v4,ppo_v4,PPO-B reward chuan hoa,37888,normalized,Town03,132,-13.722456424180876,2.2798506266476926,63,collision,,,,,,,,,,"reward chuan hoa, xoay 4 ban do - MO HINH DUOC CHON"
episode,ppo_v4,ppo_v4,PPO-B reward chuan hoa,37888,normalized,Town03,175,87.50222898167414,0.44016981480595835,57,off_lane,,,,,,,,,,"reward chuan hoa, xoay 4 ban do - MO HINH DUOC CHON"
episode,ppo_v4,ppo_v4,PPO-B reward chuan hoa,37888,normalized,Town03,103,17.51144269110874,0.6273746367510069,15,off_lane,,,,,,,,,,"reward chuan hoa, xoay 4 ban do - MO HINH DUOC CHON"
episode,ppo_v4,ppo_v4,PPO-B reward chuan hoa,38912,normalized,Town03,500,272.133402899728,0.18503087024056064,154,time_limit,,,,,,,,,,"reward chuan hoa, xoay 4 ban do - MO HINH DUOC CHON"
episode,ppo_v4,ppo_v4,PPO-B reward chuan hoa,38912,normalized,Town03,415,179.23415615758006,0.32487077301364264,93,off_lane,,,,,,,,,,"reward chuan hoa, xoay 4 ban do - MO HINH DUOC CHON"
episode,ppo_v4,ppo_v4,PPO-B reward chuan hoa,39936,normalized,Town03,245,122.3771961117215,0.3686963541773615,37,off_lane,,,,,,,,,,"reward chuan hoa, xoay 4 ban do - MO HINH DUOC CHON"
episode,ppo_v4,ppo_v4,PPO-B reward chuan hoa,39936,normalized,Town03,430,136.31515677849347,0.3840635896123791,245,off_lane,,,,,,,,,,"reward chuan hoa, xoay 4 ban do - MO HINH DUOC CHON"
episode,ppo_v4,ppo_v4,PPO-B reward chuan hoa,39936,normalized,Town03,80,5.994615223130864,0.7555666258562276,26,off_lane,,,,,,,,,,"reward chuan hoa, xoay 4 ban do - MO HINH DUOC CHON"
episode,ppo_v4,ppo_v4,PPO-B reward chuan hoa,39936,normalized,Town03,81,13.919337762419644,0.7264029070060617,31,off_lane,,,,,,,,,,"reward chuan hoa, xoay 4 ban do - MO HINH DUOC CHON"
episode,ppo_v4,ppo_v4,PPO-B reward chuan hoa,39936,normalized,Town03,349,52.08067705340843,0.28127415986225196,50,off_lane,,,,,,,,,,"reward chuan hoa, xoay 4 ban do - MO HINH DUOC CHON"
episode,ppo_v4,ppo_v4,PPO-B reward chuan hoa,40960,normalized,Town03,464,116.87317775575956,0.20546016113499213,101,off_lane,,,,,,,,,,"reward chuan hoa, xoay 4 ban do - MO HINH DUOC CHON"
episode,ppo_v4,ppo_v4,PPO-B reward chuan hoa,40960,normalized,Town03,342,80.88151144600016,0.18971159043312705,82,collision,,,,,,,,,,"reward chuan hoa, xoay 4 ban do - MO HINH DUOC CHON"
episode,ppo_v4,ppo_v4,PPO-B reward chuan hoa,41984,normalized,Town03,500,-134.5590247973516,0.5793385431082927,64,time_limit,,,,,,,,,,"reward chuan hoa, xoay 4 ban do - MO HINH DUOC CHON"
episode,ppo_v4,ppo_v4,PPO-B reward chuan hoa,41984,normalized,Town03,135,5.605931222165659,0.8499776020266214,92,off_lane,,,,,,,,,,"reward chuan hoa, xoay 4 ban do - MO HINH DUOC CHON"
episode,ppo_v4,ppo_v4,PPO-B reward chuan hoa,41984,normalized,Town03,386,160.25959320830052,0.27069845980196683,104,off_lane,,,,,,,,,,"reward chuan hoa, xoay 4 ban do - MO HINH DUOC CHON"
episode,ppo_v4,ppo_v4,PPO-B reward chuan hoa,41984,normalized,Town03,132,46.504077792721816,0.5170924463668081,43,off_lane,,,,,,,,,,"reward chuan hoa, xoay 4 ban do - MO HINH DUOC CHON"
episode,ppo_v4,ppo_v4,PPO-B reward chuan hoa,43008,normalized,Town04,128,45.14347180962022,0.5687139452451899,35,off_lane,,,,,,,,,,"reward chuan hoa, xoay 4 ban do - MO HINH DUOC CHON"
episode,ppo_v4,ppo_v4,PPO-B reward chuan hoa,43008,normalized,Town04,500,338.65025815561455,0.27526388831787585,143,time_limit,,,,,,,,,,"reward chuan hoa, xoay 4 ban do - MO HINH DUOC CHON"
episode,ppo_v4,ppo_v4,PPO-B reward chuan hoa,43008,normalized,Town04,500,228.34259930660644,0.432696678505593,64,time_limit,,,,,,,,,,"reward chuan hoa, xoay 4 ban do - MO HINH DUOC CHON"
episode,ppo_v4,ppo_v4,PPO-B reward chuan hoa,44032,normalized,Town04,500,342.0332237749319,0.11791940722305724,0,time_limit,,,,,,,,,,"reward chuan hoa, xoay 4 ban do - MO HINH DUOC CHON"
episode,ppo_v4,ppo_v4,PPO-B reward chuan hoa,44032,normalized,Town04,149,-14.281338161679834,0.3868383081431524,0,collision,,,,,,,,,,"reward chuan hoa, xoay 4 ban do - MO HINH DUOC CHON"
episode,ppo_v4,ppo_v4,PPO-B reward chuan hoa,44032,normalized,Town04,119,-21.692910295674835,0.15826143144745553,54,collision,,,,,,,,,,"reward chuan hoa, xoay 4 ban do - MO HINH DUOC CHON"
episode,ppo_v4,ppo_v4,PPO-B reward chuan hoa,45056,normalized,Town04,500,258.1531704310364,0.41545744490708675,63,time_limit,,,,,,,,,,"reward chuan hoa, xoay 4 ban do - MO HINH DUOC CHON"
episode,ppo_v4,ppo_v4,PPO-B reward chuan hoa,45056,normalized,Town04,427,67.05879558842791,0.1882407618951751,205,collision,,,,,,,,,,"reward chuan hoa, xoay 4 ban do - MO HINH DUOC CHON"
episode,ppo_v4,ppo_v4,PPO-B reward chuan hoa,45056,normalized,Town04,263,67.72027221667726,0.3222838865630563,25,collision,,,,,,,,,,"reward chuan hoa, xoay 4 ban do - MO HINH DUOC CHON"
episode,ppo_v4,ppo_v4,PPO-B reward chuan hoa,46080,normalized,Town04,378,-32.28387893946251,0.8049285676224849,120,collision,,,,,,,,,,"reward chuan hoa, xoay 4 ban do - MO HINH DUOC CHON"
episode,ppo_v4,ppo_v4,PPO-B reward chuan hoa,46080,normalized,Town04,316,138.71840118338952,0.1917792873576513,116,collision,,,,,,,,,,"reward chuan hoa, xoay 4 ban do - MO HINH DUOC CHON"
episode,ppo_v4,ppo_v4,PPO-B reward chuan hoa,47104,normalized,Town04,473,-50.69495239784572,0.10691647086856923,74,collision,,,,,,,,,,"reward chuan hoa, xoay 4 ban do - MO HINH DUOC CHON"
episode,ppo_v4,ppo_v4,PPO-B reward chuan hoa,47104,normalized,Town04,178,-2.466607206750936,0.48295365720997724,50,collision,,,,,,,,,,"reward chuan hoa, xoay 4 ban do - MO HINH DUOC CHON"
episode,ppo_v4,ppo_v4,PPO-B reward chuan hoa,47104,normalized,Town04,499,246.4843283688896,0.18499526760901422,77,collision,,,,,,,,,,"reward chuan hoa, xoay 4 ban do - MO HINH DUOC CHON"
episode,ppo_v4,ppo_v4,PPO-B reward chuan hoa,47104,normalized,Town04,264,91.179112138155,0.31311674069810086,92,collision,,,,,,,,,,"reward chuan hoa, xoay 4 ban do - MO HINH DUOC CHON"
episode,ppo_v4,ppo_v4,PPO-B reward chuan hoa,48128,normalized,Town04,500,331.68369413356874,0.2914091374498781,143,time_limit,,,,,,,,,,"reward chuan hoa, xoay 4 ban do - MO HINH DUOC CHON"
episode,ppo_v4,ppo_v4,PPO-B reward chuan hoa,48128,normalized,Town04,138,-1.647272138653932,0.3449309853017448,63,collision,,,,,,,,,,"reward chuan hoa, xoay 4 ban do - MO HINH DUOC CHON"
episode,ppo_v4,ppo_v4,PPO-B reward chuan hoa,48128,normalized,Town04,178,48.41323276376525,0.20809909977292895,74,collision,,,,,,,,,,"reward chuan hoa, xoay 4 ban do - MO HINH DUOC CHON"
episode,ppo_v4,ppo_v4,PPO-B reward chuan hoa,49152,normalized,Town04,403,66.48476856829438,0.1403952775917461,105,collision,,,,,,,,,,"reward chuan hoa, xoay 4 ban do - MO HINH DUOC CHON"
episode,ppo_v4,ppo_v4,PPO-B reward chuan hoa,49152,normalized,Town04,500,314.9872710145081,0.2791219173640371,139,time_limit,,,,,,,,,,"reward chuan hoa, xoay 4 ban do - MO HINH DUOC CHON"
episode,ppo_v4,ppo_v4,PPO-B reward chuan hoa,50176,normalized,Town04,500,309.7189405995826,0.2802589568629676,65,time_limit,,,,,,,,,,"reward chuan hoa, xoay 4 ban do - MO HINH DUOC CHON"
episode,ppo_v4,ppo_v4,PPO-B reward chuan hoa,50176,normalized,Town04,500,317.79973516609107,0.3374407949623176,149,time_limit,,,,,,,,,,"reward chuan hoa, xoay 4 ban do - MO HINH DUOC CHON"
episode,ppo_v4,ppo_v4,PPO-B reward chuan hoa,51200,normalized,Town04,500,299.59637841012704,0.32471052066000045,65,time_limit,,,,,,,,,,"reward chuan hoa, xoay 4 ban do - MO HINH DUOC CHON"
episode,ppo_v4,ppo_v4,PPO-B reward chuan hoa,51200,normalized,Town04,500,-43.21426524657733,0.18861593000531204,42,time_limit,,,,,,,,,,"reward chuan hoa, xoay 4 ban do - MO HINH DUOC CHON"
episode,ppo_v4,ppo_v4,PPO-B reward chuan hoa,52224,normalized,Town01,500,185.7220157264611,0.2566263535993299,55,time_limit,,,,,,,,,,"reward chuan hoa, xoay 4 ban do - MO HINH DUOC CHON"
episode,ppo_v4,ppo_v4,PPO-B reward chuan hoa,52224,normalized,Town01,229,61.54222651015215,0.4040134164238715,25,collision,,,,,,,,,,"reward chuan hoa, xoay 4 ban do - MO HINH DUOC CHON"
episode,ppo_v4,ppo_v4,PPO-B reward chuan hoa,52224,normalized,Town04,500,80.37182656190852,0.22189813242186796,195,time_limit,,,,,,,,,,"reward chuan hoa, xoay 4 ban do - MO HINH DUOC CHON"
episode,ppo_v4,ppo_v4,PPO-B reward chuan hoa,53248,normalized,Town01,500,341.5260531495702,0.29013021194363087,28,time_limit,,,,,,,,,,"reward chuan hoa, xoay 4 ban do - MO HINH DUOC CHON"
episode,ppo_v4,ppo_v4,PPO-B reward chuan hoa,53248,normalized,Town01,176,38.86010280734931,0.26296452259735426,0,collision,,,,,,,,,,"reward chuan hoa, xoay 4 ban do - MO HINH DUOC CHON"
episode,ppo_v4,ppo_v4,PPO-B reward chuan hoa,53248,normalized,Town01,500,208.46554525425157,0.2751916001753003,149,time_limit,,,,,,,,,,"reward chuan hoa, xoay 4 ban do - MO HINH DUOC CHON"
episode,ppo_v4,ppo_v4,PPO-B reward chuan hoa,54272,normalized,Town01,500,348.95851544099924,0.22089306478429857,27,time_limit,,,,,,,,,,"reward chuan hoa, xoay 4 ban do - MO HINH DUOC CHON"
episode,ppo_v4,ppo_v4,PPO-B reward chuan hoa,54272,normalized,Town01,401,119.01111001364852,0.22602214579116417,92,collision,,,,,,,,,,"reward chuan hoa, xoay 4 ban do - MO HINH DUOC CHON"
episode,ppo_v4,ppo_v4,PPO-B reward chuan hoa,55296,normalized,Town01,204,43.76795883471608,0.22322237736148332,0,collision,,,,,,,,,,"reward chuan hoa, xoay 4 ban do - MO HINH DUOC CHON"
episode,ppo_v4,ppo_v4,PPO-B reward chuan hoa,55296,normalized,Town01,500,246.29748566098348,0.16161127544496864,17,time_limit,,,,,,,,,,"reward chuan hoa, xoay 4 ban do - MO HINH DUOC CHON"
episode,ppo_v4,ppo_v4,PPO-B reward chuan hoa,55296,normalized,Town01,199,-33.38388195420332,0.2914552773275863,12,collision,,,,,,,,,,"reward chuan hoa, xoay 4 ban do - MO HINH DUOC CHON"
episode,ppo_v4,ppo_v4,PPO-B reward chuan hoa,55296,normalized,Town01,108,-12.193378116271646,0.19930096307349923,10,collision,,,,,,,,,,"reward chuan hoa, xoay 4 ban do - MO HINH DUOC CHON"
episode,ppo_v4,ppo_v4,PPO-B reward chuan hoa,56320,normalized,Town01,196,46.880068884084366,0.23335898397546442,12,collision,,,,,,,,,,"reward chuan hoa, xoay 4 ban do - MO HINH DUOC CHON"
episode,ppo_v4,ppo_v4,PPO-B reward chuan hoa,56320,normalized,Town01,202,57.61665456825983,0.14716932199564872,15,collision,,,,,,,,,,"reward chuan hoa, xoay 4 ban do - MO HINH DUOC CHON"
episode,ppo_v4,ppo_v4,PPO-B reward chuan hoa,56320,normalized,Town01,316,49.72420565924554,0.26837965601738256,20,collision,,,,,,,,,,"reward chuan hoa, xoay 4 ban do - MO HINH DUOC CHON"
episode,ppo_v4,ppo_v4,PPO-B reward chuan hoa,56320,normalized,Town01,304,21.3688063091449,0.12543178542987182,14,collision,,,,,,,,,,"reward chuan hoa, xoay 4 ban do - MO HINH DUOC CHON"
episode,ppo_v4,ppo_v4,PPO-B reward chuan hoa,56320,normalized,Town01,38,-60.13673169185817,0.2643612766115301,10,collision,,,,,,,,,,"reward chuan hoa, xoay 4 ban do - MO HINH DUOC CHON"
episode,ppo_v4,ppo_v4,PPO-B reward chuan hoa,57344,normalized,Town01,310,108.84229323048955,0.14936882067300875,43,collision,,,,,,,,,,"reward chuan hoa, xoay 4 ban do - MO HINH DUOC CHON"
episode,ppo_v4,ppo_v4,PPO-B reward chuan hoa,57344,normalized,Town01,500,101.50289471807116,0.2019644674612323,49,time_limit,,,,,,,,,,"reward chuan hoa, xoay 4 ban do - MO HINH DUOC CHON"
episode,ppo_v4,ppo_v4,PPO-B reward chuan hoa,58368,normalized,Town01,500,183.3170503753374,0.3000934748506741,68,time_limit,,,,,,,,,,"reward chuan hoa, xoay 4 ban do - MO HINH DUOC CHON"
episode,ppo_v4,ppo_v4,PPO-B reward chuan hoa,58368,normalized,Town01,500,165.18555637068243,0.18105887713386387,34,time_limit,,,,,,,,,,"reward chuan hoa, xoay 4 ban do - MO HINH DUOC CHON"
episode,ppo_v4,ppo_v4,PPO-B reward chuan hoa,58368,normalized,Town01,187,-29.07489824200372,0.12152934370228596,11,collision,,,,,,,,,,"reward chuan hoa, xoay 4 ban do - MO HINH DUOC CHON"
episode,ppo_v4,ppo_v4,PPO-B reward chuan hoa,59392,normalized,Town01,235,-37.782513966841975,0.15751111838478968,13,collision,,,,,,,,,,"reward chuan hoa, xoay 4 ban do - MO HINH DUOC CHON"
episode,ppo_v4,ppo_v4,PPO-B reward chuan hoa,59392,normalized,Town01,228,0.8794186877336614,0.10652701860226735,16,collision,,,,,,,,,,"reward chuan hoa, xoay 4 ban do - MO HINH DUOC CHON"
episode,ppo_v4,ppo_v4,PPO-B reward chuan hoa,59392,normalized,Town01,138,-41.48006919619342,0.23788010134182705,20,collision,,,,,,,,,,"reward chuan hoa, xoay 4 ban do - MO HINH DUOC CHON"
episode,ppo_v4,ppo_v4,PPO-B reward chuan hoa,59392,normalized,Town01,500,303.4784123475298,0.23271625727851988,117,time_limit,,,,,,,,,,"reward chuan hoa, xoay 4 ban do - MO HINH DUOC CHON"
episode,ppo_v4,ppo_v4,PPO-B reward chuan hoa,60416,normalized,Town02,481,35.89632679045312,0.24135383978557137,37,collision,,,,,,,,,,"reward chuan hoa, xoay 4 ban do - MO HINH DUOC CHON"
episode,ppo_v4,ppo_v4,PPO-B reward chuan hoa,60416,normalized,Town02,225,16.962017542041323,0.284158299477267,13,collision,,,,,,,,,,"reward chuan hoa, xoay 4 ban do - MO HINH DUOC CHON"
episode,ppo_v4,ppo_v4,PPO-B reward chuan hoa,60416,normalized,Town02,291,-13.960634641380658,0.5050783614433151,142,collision,,,,,,,,,,"reward chuan hoa, xoay 4 ban do - MO HINH DUOC CHON"
episode,ppo_v4,ppo_v4,PPO-B reward chuan hoa,61440,normalized,Town02,500,282.5526287871804,0.22824652406462856,38,time_limit,,,,,,,,,,"reward chuan hoa, xoay 4 ban do - MO HINH DUOC CHON"
episode,ppo_v4,ppo_v4,PPO-B reward chuan hoa,61440,normalized,Town02,500,352.2003116257651,0.21857036445175135,51,time_limit,,,,,,,,,,"reward chuan hoa, xoay 4 ban do - MO HINH DUOC CHON"
episode,ppo_v4,ppo_v4,PPO-B reward chuan hoa,62464,normalized,Town02,500,309.76597659346334,0.2630625919662657,53,time_limit,,,,,,,,,,"reward chuan hoa, xoay 4 ban do - MO HINH DUOC CHON"
episode,ppo_v4,ppo_v4,PPO-B reward chuan hoa,62464,normalized,Town02,500,118.52979746699054,0.3392353765626496,67,time_limit,,,,,,,,,,"reward chuan hoa, xoay 4 ban do - MO HINH DUOC CHON"
episode,ppo_v4,ppo_v4,PPO-B reward chuan hoa,63488,normalized,Town02,500,222.00387949956618,0.23194931934315685,45,time_limit,,,,,,,,,,"reward chuan hoa, xoay 4 ban do - MO HINH DUOC CHON"
episode,ppo_v4,ppo_v4,PPO-B reward chuan hoa,63488,normalized,Town02,500,227.40035290870227,0.1993369503193729,33,time_limit,,,,,,,,,,"reward chuan hoa, xoay 4 ban do - MO HINH DUOC CHON"
episode,ppo_v4,ppo_v4,PPO-B reward chuan hoa,63488,normalized,Town02,163,-64.73665591697058,0.2951503000292721,14,collision,,,,,,,,,,"reward chuan hoa, xoay 4 ban do - MO HINH DUOC CHON"
episode,ppo_v4,ppo_v4,PPO-B reward chuan hoa,64512,normalized,Town02,289,-65.7342493557097,0.30324795447054537,37,collision,,,,,,,,,,"reward chuan hoa, xoay 4 ban do - MO HINH DUOC CHON"
episode,ppo_v4,ppo_v4,PPO-B reward chuan hoa,64512,normalized,Town02,163,-71.36769617345028,0.33446792422938304,25,collision,,,,,,,,,,"reward chuan hoa, xoay 4 ban do - MO HINH DUOC CHON"
episode,ppo_v4,ppo_v4,PPO-B reward chuan hoa,64512,normalized,Town02,500,182.626909828662,0.3942347103683007,51,time_limit,,,,,,,,,,"reward chuan hoa, xoay 4 ban do - MO HINH DUOC CHON"
episode,ppo_v4,ppo_v4,PPO-B reward chuan hoa,65536,normalized,Town02,180,-26.98480716827207,0.14023223632273796,27,collision,,,,,,,,,,"reward chuan hoa, xoay 4 ban do - MO HINH DUOC CHON"
episode,ppo_v4,ppo_v4,PPO-B reward chuan hoa,65536,normalized,Town02,210,29.040908461925852,0.5214445739096427,10,collision,,,,,,,,,,"reward chuan hoa, xoay 4 ban do - MO HINH DUOC CHON"
episode,ppo_v4,ppo_v4,PPO-B reward chuan hoa,65536,normalized,Town02,500,250.83137777705545,0.36381458944394585,71,time_limit,,,,,,,,,,"reward chuan hoa, xoay 4 ban do - MO HINH DUOC CHON"
episode,ppo_v4,ppo_v4,PPO-B reward chuan hoa,65536,normalized,Town02,243,-31.184851120701992,0.18437650015366217,32,collision,,,,,,,,,,"reward chuan hoa, xoay 4 ban do - MO HINH DUOC CHON"
episode,ppo_v4,ppo_v4,PPO-B reward chuan hoa,66560,normalized,Town02,498,116.4105547982438,0.3482185285708836,30,collision,,,,,,,,,,"reward chuan hoa, xoay 4 ban do - MO HINH DUOC CHON"
episode,ppo_v4,ppo_v4,PPO-B reward chuan hoa,66560,normalized,Town02,500,256.80220574268066,0.13007480912186098,43,time_limit,,,,,,,,,,"reward chuan hoa, xoay 4 ban do - MO HINH DUOC CHON"
episode,ppo_v4,ppo_v4,PPO-B reward chuan hoa,67584,normalized,Town02,311,-50.63163562722027,0.21814570426526025,32,collision,,,,,,,,,,"reward chuan hoa, xoay 4 ban do - MO HINH DUOC CHON"
episode,ppo_v4,ppo_v4,PPO-B reward chuan hoa,67584,normalized,Town02,145,-76.27132220916032,0.18891498202891835,7,collision,,,,,,,,,,"reward chuan hoa, xoay 4 ban do - MO HINH DUOC CHON"
episode,ppo_v4,ppo_v4,PPO-B reward chuan hoa,67584,normalized,Town02,235,46.266578272692186,0.28935877842297797,15,collision,,,,,,,,,,"reward chuan hoa, xoay 4 ban do - MO HINH DUOC CHON"
episode,ppo_v4,ppo_v4,PPO-B reward chuan hoa,68608,normalized,Town02,500,147.0954329967906,0.15860937003226197,119,time_limit,,,,,,,,,,"reward chuan hoa, xoay 4 ban do - MO HINH DUOC CHON"
episode,ppo_v4,ppo_v4,PPO-B reward chuan hoa,68608,normalized,Town02,500,164.81308927953802,0.17198624691388922,15,time_limit,,,,,,,,,,"reward chuan hoa, xoay 4 ban do - MO HINH DUOC CHON"
episode,ppo_v4,ppo_v4,PPO-B reward chuan hoa,68608,normalized,Town02,358,67.37049534543327,0.20572602672557,183,collision,,,,,,,,,,"reward chuan hoa, xoay 4 ban do - MO HINH DUOC CHON"
episode,ppo_v4,ppo_v4,PPO-B reward chuan hoa,69632,normalized,Town03,346,104.06153090024365,0.3097375446241695,115,off_lane,,,,,,,,,,"reward chuan hoa, xoay 4 ban do - MO HINH DUOC CHON"
episode,ppo_v4,ppo_v4,PPO-B reward chuan hoa,69632,normalized,Town03,295,56.649625117421465,0.30100829695566556,130,off_lane,,,,,,,,,,"reward chuan hoa, xoay 4 ban do - MO HINH DUOC CHON"
episode,ppo_v4,ppo_v4,PPO-B reward chuan hoa,69632,normalized,Town03,138,42.96126342797205,0.6443329390533589,68,off_lane,,,,,,,,,,"reward chuan hoa, xoay 4 ban do - MO HINH DUOC CHON"
episode,ppo_v4,ppo_v4,PPO-B reward chuan hoa,70656,normalized,Town03,303,119.44366087376106,0.2675033019366106,106,off_lane,,,,,,,,,,"reward chuan hoa, xoay 4 ban do - MO HINH DUOC CHON"
episode,ppo_v4,ppo_v4,PPO-B reward chuan hoa,70656,normalized,Town03,369,134.22169949905128,0.2802174341454798,96,off_lane,,,,,,,,,,"reward chuan hoa, xoay 4 ban do - MO HINH DUOC CHON"
episode,ppo_v4,ppo_v4,PPO-B reward chuan hoa,70656,normalized,Town03,70,8.241511612760707,0.9445182332951049,32,off_lane,,,,,,,,,,"reward chuan hoa, xoay 4 ban do - MO HINH DUOC CHON"
episode,ppo_v4,ppo_v4,PPO-B reward chuan hoa,70656,normalized,Town03,94,17.37893673553002,0.7882726611504824,50,off_lane,,,,,,,,,,"reward chuan hoa, xoay 4 ban do - MO HINH DUOC CHON"
episode,ppo_v4,ppo_v4,PPO-B reward chuan hoa,70656,normalized,Town03,71,-36.17006940829122,0.23318761006890643,55,collision,,,,,,,,,,"reward chuan hoa, xoay 4 ban do - MO HINH DUOC CHON"
episode,ppo_v4,ppo_v4,PPO-B reward chuan hoa,70656,normalized,Town03,262,149.01943024995,0.3380852290840106,90,off_lane,,,,,,,,,,"reward chuan hoa, xoay 4 ban do - MO HINH DUOC CHON"
episode,ppo_v4,ppo_v4,PPO-B reward chuan hoa,71680,normalized,Town03,389,153.2942662252418,0.30127771027329603,106,off_lane,,,,,,,,,,"reward chuan hoa, xoay 4 ban do - MO HINH DUOC CHON"
episode,ppo_v4,ppo_v4,PPO-B reward chuan hoa,71680,normalized,Town03,324,94.92168858333315,0.3637700222819747,204,off_lane,,,,,,,,,,"reward chuan hoa, xoay 4 ban do - MO HINH DUOC CHON"
episode,ppo_v4,ppo_v4,PPO-B reward chuan hoa,71680,normalized,Town03,433,38.1351396327446,0.4300128271811991,201,off_lane,,,,,,,,,,"reward chuan hoa, xoay 4 ban do - MO HINH DUOC CHON"
episode,ppo_v4,ppo_v4,PPO-B reward chuan hoa,72704,normalized,Town03,188,-1.2840314110548223,0.25159294670335075,31,off_lane,,,,,,,,,,"reward chuan hoa, xoay 4 ban do - MO HINH DUOC CHON"
episode,ppo_v4,ppo_v4,PPO-B reward chuan hoa,72704,normalized,Town03,500,113.03056442738676,0.2302769336452935,97,time_limit,,,,,,,,,,"reward chuan hoa, xoay 4 ban do - MO HINH DUOC CHON"
episode,ppo_v4,ppo_v4,PPO-B reward chuan hoa,72704,normalized,Town03,204,31.132518737830864,0.27387744826032395,88,collision,,,,,,,,,,"reward chuan hoa, xoay 4 ban do - MO HINH DUOC CHON"
episode,ppo_v4,ppo_v4,PPO-B reward chuan hoa,73728,normalized,Town03,500,151.9575048053152,0.36246543379311474,247,time_limit,,,,,,,,,,"reward chuan hoa, xoay 4 ban do - MO HINH DUOC CHON"
episode,ppo_v4,ppo_v4,PPO-B reward chuan hoa,73728,normalized,Town03,407,129.72134745157035,0.39173218124478815,87,off_lane,,,,,,,,,,"reward chuan hoa, xoay 4 ban do - MO HINH DUOC CHON"
episode,ppo_v4,ppo_v4,PPO-B reward chuan hoa,74752,normalized,Town03,456,184.1674431222739,0.36291009367393456,141,off_lane,,,,,,,,,,"reward chuan hoa, xoay 4 ban do - MO HINH DUOC CHON"
episode,ppo_v4,ppo_v4,PPO-B reward chuan hoa,74752,normalized,Town03,347,-78.61068564996332,0.3652205521116646,56,off_lane,,,,,,,,,,"reward chuan hoa, xoay 4 ban do - MO HINH DUOC CHON"
episode,ppo_v4,ppo_v4,PPO-B reward chuan hoa,74752,normalized,Town03,151,68.22234135643623,0.4718838277989842,43,off_lane,,,,,,,,,,"reward chuan hoa, xoay 4 ban do - MO HINH DUOC CHON"
episode,ppo_v4,ppo_v4,PPO-B reward chuan hoa,75776,normalized,Town03,420,-136.33725758537202,0.7083150238319735,157,off_lane,,,,,,,,,,"reward chuan hoa, xoay 4 ban do - MO HINH DUOC CHON"
episode,ppo_v4,ppo_v4,PPO-B reward chuan hoa,75776,normalized,Town03,158,-35.25248373754232,0.6247157174170143,14,off_lane,,,,,,,,,,"reward chuan hoa, xoay 4 ban do - MO HINH DUOC CHON"
episode,ppo_v4,ppo_v4,PPO-B reward chuan hoa,75776,normalized,Town03,500,90.54501283202487,0.09406493004683343,70,time_limit,,,,,,,,,,"reward chuan hoa, xoay 4 ban do - MO HINH DUOC CHON"
episode,ppo_v4,ppo_v4,PPO-B reward chuan hoa,75776,normalized,Town03,68,5.312576249874086,0.9917706073165696,27,off_lane,,,,,,,,,,"reward chuan hoa, xoay 4 ban do - MO HINH DUOC CHON"
episode,ppo_v4,ppo_v4,PPO-B reward chuan hoa,76800,normalized,Town03,307,-24.41610948218164,0.26546191395316293,60,collision,,,,,,,,,,"reward chuan hoa, xoay 4 ban do - MO HINH DUOC CHON"
episode,ppo_v4,ppo_v4,PPO-B reward chuan hoa,76800,normalized,Town04,500,347.22399192115444,0.1904894287666097,32,time_limit,,,,,,,,,,"reward chuan hoa, xoay 4 ban do - MO HINH DUOC CHON"
episode,ppo_v4,ppo_v4,PPO-B reward chuan hoa,76800,normalized,Town04,42,-54.89013083889397,0.0362985909253569,19,collision,,,,,,,,,,"reward chuan hoa, xoay 4 ban do - MO HINH DUOC CHON"
episode,ppo_v4,ppo_v4,PPO-B reward chuan hoa,77824,normalized,Town04,500,336.86740967955353,0.23682228517646467,118,time_limit,,,,,,,,,,"reward chuan hoa, xoay 4 ban do - MO HINH DUOC CHON"
episode,ppo_v4,ppo_v4,PPO-B reward chuan hoa,77824,normalized,Town04,500,215.28011630306185,0.2276189343540066,108,time_limit,,,,,,,,,,"reward chuan hoa, xoay 4 ban do - MO HINH DUOC CHON"
episode,ppo_v4,ppo_v4,PPO-B reward chuan hoa,77824,normalized,Town04,375,163.12853792113367,0.332447341728174,66,collision,,,,,,,,,,"reward chuan hoa, xoay 4 ban do - MO HINH DUOC CHON"
episode,ppo_v4,ppo_v4,PPO-B reward chuan hoa,78848,normalized,Town04,500,345.5398680289651,0.28151770455888775,108,time_limit,,,,,,,,,,"reward chuan hoa, xoay 4 ban do - MO HINH DUOC CHON"
episode,ppo_v4,ppo_v4,PPO-B reward chuan hoa,78848,normalized,Town04,500,349.8633707466627,0.12150097349572231,0,time_limit,,,,,,,,,,"reward chuan hoa, xoay 4 ban do - MO HINH DUOC CHON"
episode,ppo_v4,ppo_v4,PPO-B reward chuan hoa,79872,normalized,Town04,500,322.00899762298053,0.23586237316483147,0,time_limit,,,,,,,,,,"reward chuan hoa, xoay 4 ban do - MO HINH DUOC CHON"
episode,ppo_v4,ppo_v4,PPO-B reward chuan hoa,79872,normalized,Town04,500,358.2273516850711,0.18266147969523347,156,time_limit,,,,,,,,,,"reward chuan hoa, xoay 4 ban do - MO HINH DUOC CHON"
episode,ppo_v4,ppo_v4,PPO-B reward chuan hoa,80896,normalized,Town04,500,329.85141993190837,0.3140584791850677,123,time_limit,,,,,,,,,,"reward chuan hoa, xoay 4 ban do - MO HINH DUOC CHON"
episode,ppo_v4,ppo_v4,PPO-B reward chuan hoa,80896,normalized,Town04,500,93.78313900500906,0.19592455272336895,397,time_limit,,,,,,,,,,"reward chuan hoa, xoay 4 ban do - MO HINH DUOC CHON"
episode,ppo_v4,ppo_v4,PPO-B reward chuan hoa,81920,normalized,Town04,205,54.265455577397276,0.27804395819678085,69,collision,,,,,,,,,,"reward chuan hoa, xoay 4 ban do - MO HINH DUOC CHON"
episode,ppo_v4,ppo_v4,PPO-B reward chuan hoa,81920,normalized,Town04,500,220.45205203697986,0.2675337788702248,78,time_limit,,,,,,,,,,"reward chuan hoa, xoay 4 ban do - MO HINH DUOC CHON"
episode,ppo_v4,ppo_v4,PPO-B reward chuan hoa,82944,normalized,Town04,500,367.33112528260324,0.17727744124143485,161,time_limit,,,,,,,,,,"reward chuan hoa, xoay 4 ban do - MO HINH DUOC CHON"
episode,ppo_v4,ppo_v4,PPO-B reward chuan hoa,82944,normalized,Town04,500,336.6401414303922,0.2256179510996558,0,time_limit,,,,,,,,,,"reward chuan hoa, xoay 4 ban do - MO HINH DUOC CHON"
episode,ppo_v4,ppo_v4,PPO-B reward chuan hoa,83968,normalized,Town04,500,352.6571098507747,0.2037140004185366,68,time_limit,,,,,,,,,,"reward chuan hoa, xoay 4 ban do - MO HINH DUOC CHON"
episode,ppo_v4,ppo_v4,PPO-B reward chuan hoa,83968,normalized,Town04,328,190.30167228596966,0.3712860994646105,82,off_lane,,,,,,,,,,"reward chuan hoa, xoay 4 ban do - MO HINH DUOC CHON"
episode,ppo_v4,ppo_v4,PPO-B reward chuan hoa,83968,normalized,Town04,277,112.38899061147671,0.21110855049764246,69,collision,,,,,,,,,,"reward chuan hoa, xoay 4 ban do - MO HINH DUOC CHON"
episode,ppo_v4,ppo_v4,PPO-B reward chuan hoa,84992,normalized,Town04,500,302.87644895285337,0.40188030895965116,109,time_limit,,,,,,,,,,"reward chuan hoa, xoay 4 ban do - MO HINH DUOC CHON"
episode,ppo_v4,ppo_v4,PPO-B reward chuan hoa,84992,normalized,Town04,500,367.5376599984201,0.12501936952853815,15,time_limit,,,,,,,,,,"reward chuan hoa, xoay 4 ban do - MO HINH DUOC CHON"
episode,ppo_v4,ppo_v4,PPO-B reward chuan hoa,86016,normalized,Town04,500,332.4626754626691,0.24330035599377534,71,time_limit,,,,,,,,,,"reward chuan hoa, xoay 4 ban do - MO HINH DUOC CHON"
episode,ppo_v4,ppo_v4,PPO-B reward chuan hoa,86016,normalized,Town04,500,363.5651109997199,0.23452676758839483,132,time_limit,,,,,,,,,,"reward chuan hoa, xoay 4 ban do - MO HINH DUOC CHON"
episode,ppo_v4,ppo_v4,PPO-B reward chuan hoa,87040,normalized,Town04,500,356.76255567712616,0.2032058525387184,76,time_limit,,,,,,,,,,"reward chuan hoa, xoay 4 ban do - MO HINH DUOC CHON"
episode,ppo_v4,ppo_v4,PPO-B reward chuan hoa,87040,normalized,Town04,54,-43.76381055826852,0.05822469932345679,6,collision,,,,,,,,,,"reward chuan hoa, xoay 4 ban do - MO HINH DUOC CHON"
episode,ppo_v4,ppo_v4,PPO-B reward chuan hoa,87040,normalized,Town04,416,117.35992753824466,0.21105612457703393,233,collision,,,,,,,,,,"reward chuan hoa, xoay 4 ban do - MO HINH DUOC CHON"
episode,ppo_v4,ppo_v4,PPO-B reward chuan hoa,88064,normalized,Town01,500,219.00747200175124,0.2286742208528067,19,time_limit,,,,,,,,,,"reward chuan hoa, xoay 4 ban do - MO HINH DUOC CHON"
episode,ppo_v4,ppo_v4,PPO-B reward chuan hoa,88064,normalized,Town01,500,280.85202891968055,0.24050184085915938,110,time_limit,,,,,,,,,,"reward chuan hoa, xoay 4 ban do - MO HINH DUOC CHON"
episode,ppo_v4,ppo_v4,PPO-B reward chuan hoa,88064,normalized,Town01,500,308.34782607623964,0.28250031884919197,54,time_limit,,,,,,,,,,"reward chuan hoa, xoay 4 ban do - MO HINH DUOC CHON"
episode,ppo_v4,ppo_v4,PPO-B reward chuan hoa,89088,normalized,Town01,500,350.9437200907777,0.2363052425358406,34,time_limit,,,,,,,,,,"reward chuan hoa, xoay 4 ban do - MO HINH DUOC CHON"
episode,ppo_v4,ppo_v4,PPO-B reward chuan hoa,89088,normalized,Town01,120,0.7641594625435459,0.18144241676828574,10,collision,,,,,,,,,,"reward chuan hoa, xoay 4 ban do - MO HINH DUOC CHON"
episode,ppo_v4,ppo_v4,PPO-B reward chuan hoa,89088,normalized,Town01,339,95.70708396548542,0.35518536306130033,126,collision,,,,,,,,,,"reward chuan hoa, xoay 4 ban do - MO HINH DUOC CHON"
episode,ppo_v4,ppo_v4,PPO-B reward chuan hoa,90112,normalized,Town01,500,248.77002980242975,0.20395052809983105,18,time_limit,,,,,,,,,,"reward chuan hoa, xoay 4 ban do - MO HINH DUOC CHON"
episode,ppo_v4,ppo_v4,PPO-B reward chuan hoa,90112,normalized,Town01,500,310.2226573140939,0.20664089653253911,59,time_limit,,,,,,,,,,"reward chuan hoa, xoay 4 ban do - MO HINH DUOC CHON"
episode,ppo_v4,ppo_v4,PPO-B reward chuan hoa,91136,normalized,Town01,360,70.6257279057575,0.1515756785648682,206,collision,,,,,,,,,,"reward chuan hoa, xoay 4 ban do - MO HINH DUOC CHON"
episode,ppo_v4,ppo_v4,PPO-B reward chuan hoa,91136,normalized,Town01,500,291.5908457903494,0.2705694496787539,80,time_limit,,,,,,,,,,"reward chuan hoa, xoay 4 ban do - MO HINH DUOC CHON"
episode,ppo_v4,ppo_v4,PPO-B reward chuan hoa,92160,normalized,Town01,500,280.38237604146013,0.19271531639782943,165,time_limit,,,,,,,,,,"reward chuan hoa, xoay 4 ban do - MO HINH DUOC CHON"
episode,ppo_v4,ppo_v4,PPO-B reward chuan hoa,92160,normalized,Town01,205,69.77338073016129,0.1756837099025604,19,collision,,,,,,,,,,"reward chuan hoa, xoay 4 ban do - MO HINH DUOC CHON"
episode,ppo_v4,ppo_v4,PPO-B reward chuan hoa,92160,normalized,Town01,147,17.435558003128705,0.28987724769794615,25,collision,,,,,,,,,,"reward chuan hoa, xoay 4 ban do - MO HINH DUOC CHON"
episode,ppo_v4,ppo_v4,PPO-B reward chuan hoa,92160,normalized,Town01,92,-30.44273817323773,0.20057574403092487,26,collision,,,,,,,,,,"reward chuan hoa, xoay 4 ban do - MO HINH DUOC CHON"
episode,ppo_v4,ppo_v4,PPO-B reward chuan hoa,93184,normalized,Town01,500,201.50386210735937,0.1726468179541416,231,time_limit,,,,,,,,,,"reward chuan hoa, xoay 4 ban do - MO HINH DUOC CHON"
episode,ppo_v4,ppo_v4,PPO-B reward chuan hoa,93184,normalized,Town01,500,266.7837103258178,0.22701482706707107,35,time_limit,,,,,,,,,,"reward chuan hoa, xoay 4 ban do - MO HINH DUOC CHON"
episode,ppo_v4,ppo_v4,PPO-B reward chuan hoa,94208,normalized,Town01,500,333.3713791849099,0.23815972906953184,45,time_limit,,,,,,,,,,"reward chuan hoa, xoay 4 ban do - MO HINH DUOC CHON"
episode,ppo_v4,ppo_v4,PPO-B reward chuan hoa,94208,normalized,Town01,500,358.917096002975,0.18528718882229123,50,time_limit,,,,,,,,,,"reward chuan hoa, xoay 4 ban do - MO HINH DUOC CHON"
episode,ppo_v4,ppo_v4,PPO-B reward chuan hoa,95232,normalized,Town01,500,374.1668930522895,0.20692376789260417,62,time_limit,,,,,,,,,,"reward chuan hoa, xoay 4 ban do - MO HINH DUOC CHON"
episode,ppo_v4,ppo_v4,PPO-B reward chuan hoa,95232,normalized,Town01,500,343.9120669082378,0.18612502688404153,65,time_limit,,,,,,,,,,"reward chuan hoa, xoay 4 ban do - MO HINH DUOC CHON"
episode,ppo_v4,ppo_v4,PPO-B reward chuan hoa,96256,normalized,Town01,500,364.44076600567416,0.21943556043173137,60,time_limit,,,,,,,,,,"reward chuan hoa, xoay 4 ban do - MO HINH DUOC CHON"
episode,ppo_v4,ppo_v4,PPO-B reward chuan hoa,96256,normalized,Town01,500,388.05817613485254,0.18281957804759477,47,time_limit,,,,,,,,,,"reward chuan hoa, xoay 4 ban do - MO HINH DUOC CHON"
episode,ppo_v4,ppo_v4,PPO-B reward chuan hoa,97280,normalized,Town01,500,310.3207912399939,0.3183201281572905,34,time_limit,,,,,,,,,,"reward chuan hoa, xoay 4 ban do - MO HINH DUOC CHON"
episode,ppo_v4,ppo_v4,PPO-B reward chuan hoa,97280,normalized,Town01,500,368.56048863989287,0.22078757946936148,90,time_limit,,,,,,,,,,"reward chuan hoa, xoay 4 ban do - MO HINH DUOC CHON"
episode,ppo_v4,ppo_v4,PPO-B reward chuan hoa,97280,normalized,Town01,240,97.89598802946911,0.21793709881022405,56,collision,,,,,,,,,,"reward chuan hoa, xoay 4 ban do - MO HINH DUOC CHON"
episode,ppo_v4,ppo_v4,PPO-B reward chuan hoa,98304,normalized,Town02,500,275.7368067424707,0.21975045259936055,154,time_limit,,,,,,,,,,"reward chuan hoa, xoay 4 ban do - MO HINH DUOC CHON"
episode,ppo_v4,ppo_v4,PPO-B reward chuan hoa,98304,normalized,Town02,500,250.1341204210632,0.19897765833508563,37,time_limit,,,,,,,,,,"reward chuan hoa, xoay 4 ban do - MO HINH DUOC CHON"
episode,ppo_v4,ppo_v4,PPO-B reward chuan hoa,98304,normalized,Town02,49,-61.71146149962363,0.6912545448494423,13,collision,,,,,,,,,,"reward chuan hoa, xoay 4 ban do - MO HINH DUOC CHON"
episode,ppo_v4,ppo_v4,PPO-B reward chuan hoa,99328,normalized,Town02,500,267.32000037892567,0.213872548365951,177,time_limit,,,,,,,,,,"reward chuan hoa, xoay 4 ban do - MO HINH DUOC CHON"
episode,ppo_v4,ppo_v4,PPO-B reward chuan hoa,99328,normalized,Town02,500,221.30606218714215,0.18194467013066618,207,time_limit,,,,,,,,,,"reward chuan hoa, xoay 4 ban do - MO HINH DUOC CHON"
episode,ppo_v4,ppo_v4,PPO-B reward chuan hoa,100352,normalized,Town02,500,355.514823162306,0.2576059446029715,41,time_limit,,,,,,,,,,"reward chuan hoa, xoay 4 ban do - MO HINH DUOC CHON"
episode,ppo_v4,ppo_v4,PPO-B reward chuan hoa,100352,normalized,Town02,500,319.0278908172423,0.31390153404533544,42,time_limit,,,,,,,,,,"reward chuan hoa, xoay 4 ban do - MO HINH DUOC CHON"
episode,ppo_v4,ppo_v4,PPO-B reward chuan hoa,101376,normalized,Town02,500,243.3596355367629,0.30092931508016074,47,time_limit,,,,,,,,,,"reward chuan hoa, xoay 4 ban do - MO HINH DUOC CHON"
episode,ppo_v4,ppo_v4,PPO-B reward chuan hoa,101376,normalized,Town02,185,11.642286638813758,0.30549224406244757,44,collision,,,,,,,,,,"reward chuan hoa, xoay 4 ban do - MO HINH DUOC CHON"
episode,ppo_v4,ppo_v4,PPO-B reward chuan hoa,101376,normalized,Town02,500,263.9132776588142,0.16438035742010892,47,time_limit,,,,,,,,,,"reward chuan hoa, xoay 4 ban do - MO HINH DUOC CHON"
episode,ppo_v4,ppo_v4,PPO-B reward chuan hoa,102400,normalized,Town02,165,-77.16424005817346,0.18982600964483803,16,collision,,,,,,,,,,"reward chuan hoa, xoay 4 ban do - MO HINH DUOC CHON"
episode,ppo_v4,ppo_v4,PPO-B reward chuan hoa,102400,normalized,Town02,500,165.4839686153213,0.19236120508090745,31,time_limit,,,,,,,,,,"reward chuan hoa, xoay 4 ban do - MO HINH DUOC CHON"
episode,ppo_v4,ppo_v4,PPO-B reward chuan hoa,103424,normalized,Town02,500,257.219517657763,0.3024612333010026,68,time_limit,,,,,,,,,,"reward chuan hoa, xoay 4 ban do - MO HINH DUOC CHON"
episode,ppo_v4,ppo_v4,PPO-B reward chuan hoa,103424,normalized,Town02,500,311.32270955298634,0.21820194509299343,33,time_limit,,,,,,,,,,"reward chuan hoa, xoay 4 ban do - MO HINH DUOC CHON"
episode,ppo_v4,ppo_v4,PPO-B reward chuan hoa,104448,normalized,Town02,500,365.65710167945315,0.18732093530611085,46,time_limit,,,,,,,,,,"reward chuan hoa, xoay 4 ban do - MO HINH DUOC CHON"
episode,ppo_v4,ppo_v4,PPO-B reward chuan hoa,104448,normalized,Town02,500,351.56146132595137,0.2574162102744386,37,time_limit,,,,,,,,,,"reward chuan hoa, xoay 4 ban do - MO HINH DUOC CHON"
episode,ppo_v4,ppo_v4,PPO-B reward chuan hoa,104448,normalized,Town02,444,163.6746788291291,0.19337204944905995,27,collision,,,,,,,,,,"reward chuan hoa, xoay 4 ban do - MO HINH DUOC CHON"
episode,ppo_v4,ppo_v4,PPO-B reward chuan hoa,105472,normalized,Town02,500,234.24154077156908,0.1671396868064791,192,time_limit,,,,,,,,,,"reward chuan hoa, xoay 4 ban do - MO HINH DUOC CHON"
episode,ppo_v4,ppo_v4,PPO-B reward chuan hoa,105472,normalized,Town02,500,153.50078544153192,0.18600460844923067,153,time_limit,,,,,,,,,,"reward chuan hoa, xoay 4 ban do - MO HINH DUOC CHON"
episode,ppo_v4,ppo_v4,PPO-B reward chuan hoa,106496,normalized,Town02,500,373.6904841499272,0.19898087464990002,46,time_limit,,,,,,,,,,"reward chuan hoa, xoay 4 ban do - MO HINH DUOC CHON"
episode,ppo_v4,ppo_v4,PPO-B reward chuan hoa,106496,normalized,Town02,500,270.43643891933533,0.20878063192022317,63,time_limit,,,,,,,,,,"reward chuan hoa, xoay 4 ban do - MO HINH DUOC CHON"
episode,ppo_v4,ppo_v4,PPO-B reward chuan hoa,107520,normalized,Town02,500,248.8825822464242,0.20306464371180868,42,time_limit,,,,,,,,,,"reward chuan hoa, xoay 4 ban do - MO HINH DUOC CHON"
episode,ppo_v4,ppo_v4,PPO-B reward chuan hoa,107520,normalized,Town02,45,-56.24991285010305,0.2820047441439191,8,collision,,,,,,,,,,"reward chuan hoa, xoay 4 ban do - MO HINH DUOC CHON"
episode,ppo_v4,ppo_v4,PPO-B reward chuan hoa,107520,normalized,Town02,500,189.69454956737076,0.20535266725163182,265,time_limit,,,,,,,,,,"reward chuan hoa, xoay 4 ban do - MO HINH DUOC CHON"
episode,ppo_v4,ppo_v4,PPO-B reward chuan hoa,108544,normalized,Town02,500,317.90871960161303,0.16215770849142422,41,time_limit,,,,,,,,,,"reward chuan hoa, xoay 4 ban do - MO HINH DUOC CHON"
episode,ppo_v4,ppo_v4,PPO-B reward chuan hoa,108544,normalized,Town03,296,104.85286757306939,0.30126299112564353,69,off_lane,,,,,,,,,,"reward chuan hoa, xoay 4 ban do - MO HINH DUOC CHON"
episode,ppo_v4,ppo_v4,PPO-B reward chuan hoa,108544,normalized,Town03,289,169.15166797806322,0.20727048074686677,45,off_lane,,,,,,,,,,"reward chuan hoa, xoay 4 ban do - MO HINH DUOC CHON"
episode,ppo_v4,ppo_v4,PPO-B reward chuan hoa,109568,normalized,Town03,127,51.68699259496688,0.9704593818804546,80,off_lane,,,,,,,,,,"reward chuan hoa, xoay 4 ban do - MO HINH DUOC CHON"
episode,ppo_v4,ppo_v4,PPO-B reward chuan hoa,109568,normalized,Town03,49,-54.14802442780439,0.42846374552375316,19,collision,,,,,,,,,,"reward chuan hoa, xoay 4 ban do - MO HINH DUOC CHON"
episode,ppo_v4,ppo_v4,PPO-B reward chuan hoa,109568,normalized,Town03,500,76.9130629368692,0.34943449385862096,91,time_limit,,,,,,,,,,"reward chuan hoa, xoay 4 ban do - MO HINH DUOC CHON"
episode,ppo_v4,ppo_v4,PPO-B reward chuan hoa,109568,normalized,Town03,81,18.137148055206374,1.190614504923802,55,off_lane,,,,,,,,,,"reward chuan hoa, xoay 4 ban do - MO HINH DUOC CHON"
episode,ppo_v4,ppo_v4,PPO-B reward chuan hoa,110592,normalized,Town03,333,122.73507095789904,0.2963516893483946,134,off_lane,,,,,,,,,,"reward chuan hoa, xoay 4 ban do - MO HINH DUOC CHON"
episode,ppo_v4,ppo_v4,PPO-B reward chuan hoa,110592,normalized,Town03,124,40.632081714905325,0.6022132908049247,41,off_lane,,,,,,,,,,"reward chuan hoa, xoay 4 ban do - MO HINH DUOC CHON"
episode,ppo_v4,ppo_v4,PPO-B reward chuan hoa,110592,normalized,Town03,298,135.77736814586834,0.4423035363612632,114,off_lane,,,,,,,,,,"reward chuan hoa, xoay 4 ban do - MO HINH DUOC CHON"
episode,ppo_v4,ppo_v4,PPO-B reward chuan hoa,110592,normalized,Town03,151,-15.368466884777401,0.47812733748864317,24,off_lane,,,,,,,,,,"reward chuan hoa, xoay 4 ban do - MO HINH DUOC CHON"
episode,ppo_v4,ppo_v4,PPO-B reward chuan hoa,111616,normalized,Town03,500,126.27135144692495,0.21644700089963778,209,time_limit,,,,,,,,,,"reward chuan hoa, xoay 4 ban do - MO HINH DUOC CHON"
episode,ppo_v4,ppo_v4,PPO-B reward chuan hoa,111616,normalized,Town03,358,142.11766566443396,0.29712917040313774,134,collision,,,,,,,,,,"reward chuan hoa, xoay 4 ban do - MO HINH DUOC CHON"
episode,ppo_v4,ppo_v4,PPO-B reward chuan hoa,111616,normalized,Town03,261,66.37659214953624,0.3924916817747895,35,off_lane,,,,,,,,,,"reward chuan hoa, xoay 4 ban do - MO HINH DUOC CHON"
episode,ppo_v4,ppo_v4,PPO-B reward chuan hoa,112640,normalized,Town03,367,88.19333960407094,0.32873942006266016,74,off_lane,,,,,,,,,,"reward chuan hoa, xoay 4 ban do - MO HINH DUOC CHON"
episode,ppo_v4,ppo_v4,PPO-B reward chuan hoa,112640,normalized,Town03,410,42.63356547849087,0.3244670009201224,92,off_lane,,,,,,,,,,"reward chuan hoa, xoay 4 ban do - MO HINH DUOC CHON"
episode,ppo_v4,ppo_v4,PPO-B reward chuan hoa,112640,normalized,Town03,289,132.09385085878984,0.2768457991764231,64,off_lane,,,,,,,,,,"reward chuan hoa, xoay 4 ban do - MO HINH DUOC CHON"
episode,ppo_v4,ppo_v4,PPO-B reward chuan hoa,113664,normalized,Town03,416,136.87791448338197,0.17894463643626032,61,off_lane,,,,,,,,,,"reward chuan hoa, xoay 4 ban do - MO HINH DUOC CHON"
episode,ppo_v4,ppo_v4,PPO-B reward chuan hoa,113664,normalized,Town03,60,7.581246159622641,0.8379749398206758,23,off_lane,,,,,,,,,,"reward chuan hoa, xoay 4 ban do - MO HINH DUOC CHON"
episode,ppo_v4,ppo_v4,PPO-B reward chuan hoa,113664,normalized,Town03,87,19.75626207168199,0.7268656514039178,42,off_lane,,,,,,,,,,"reward chuan hoa, xoay 4 ban do - MO HINH DUOC CHON"
episode,ppo_v4,ppo_v4,PPO-B reward chuan hoa,113664,normalized,Town03,500,147.4669982350889,0.18661391215207462,165,time_limit,,,,,,,,,,"reward chuan hoa, xoay 4 ban do - MO HINH DUOC CHON"
episode,ppo_v4,ppo_v4,PPO-B reward chuan hoa,114688,normalized,Town03,296,166.3338134948036,0.2938760170762308,79,off_lane,,,,,,,,,,"reward chuan hoa, xoay 4 ban do - MO HINH DUOC CHON"
episode,ppo_v4,ppo_v4,PPO-B reward chuan hoa,114688,normalized,Town03,485,190.66363751929896,0.3449417508013914,253,off_lane,,,,,,,,,,"reward chuan hoa, xoay 4 ban do - MO HINH DUOC CHON"
episode,ppo_v4,ppo_v4,PPO-B reward chuan hoa,114688,normalized,Town03,291,144.04926530154577,0.37143171065323227,61,off_lane,,,,,,,,,,"reward chuan hoa, xoay 4 ban do - MO HINH DUOC CHON"
episode,ppo_v4,ppo_v4,PPO-B reward chuan hoa,115712,normalized,Town03,424,284.4558351174002,0.24660891030204024,90,off_lane,,,,,,,,,,"reward chuan hoa, xoay 4 ban do - MO HINH DUOC CHON"
episode,ppo_v4,ppo_v4,PPO-B reward chuan hoa,115712,normalized,Town03,69,3.7325438114297684,0.8032012949619842,20,off_lane,,,,,,,,,,"reward chuan hoa, xoay 4 ban do - MO HINH DUOC CHON"
episode,ppo_v4,ppo_v4,PPO-B reward chuan hoa,115712,normalized,Town04,183,82.49912232372726,0.4325493186626347,51,off_lane,,,,,,,,,,"reward chuan hoa, xoay 4 ban do - MO HINH DUOC CHON"
episode,ppo_v4,ppo_v4,PPO-B reward chuan hoa,115712,normalized,Town04,490,246.09229780948897,0.30347573170513864,122,collision,,,,,,,,,,"reward chuan hoa, xoay 4 ban do - MO HINH DUOC CHON"
episode,ppo_v4,ppo_v4,PPO-B reward chuan hoa,116736,normalized,Town04,500,363.02986399907655,0.2004004069649454,108,time_limit,,,,,,,,,,"reward chuan hoa, xoay 4 ban do - MO HINH DUOC CHON"
episode,ppo_v4,ppo_v4,PPO-B reward chuan hoa,116736,normalized,Town04,255,101.37335979050094,0.22296784165781885,57,collision,,,,,,,,,,"reward chuan hoa, xoay 4 ban do - MO HINH DUOC CHON"
episode,ppo_v4,ppo_v4,PPO-B reward chuan hoa,117760,normalized,Town04,500,350.3171886914373,0.24344249895648862,168,time_limit,,,,,,,,,,"reward chuan hoa, xoay 4 ban do - MO HINH DUOC CHON"
episode,ppo_v4,ppo_v4,PPO-B reward chuan hoa,117760,normalized,Town04,500,380.60390667607027,0.16342109764628246,99,time_limit,,,,,,,,,,"reward chuan hoa, xoay 4 ban do - MO HINH DUOC CHON"
episode,ppo_v4,ppo_v4,PPO-B reward chuan hoa,118784,normalized,Town04,500,367.52319885267,0.1760489033864355,103,time_limit,,,,,,,,,,"reward chuan hoa, xoay 4 ban do - MO HINH DUOC CHON"
episode,ppo_v4,ppo_v4,PPO-B reward chuan hoa,118784,normalized,Town04,500,369.9605326359523,0.16338934566436342,58,time_limit,,,,,,,,,,"reward chuan hoa, xoay 4 ban do - MO HINH DUOC CHON"
episode,ppo_v4,ppo_v4,PPO-B reward chuan hoa,118784,normalized,Town04,324,165.64205447620205,0.11419123380911726,64,collision,,,,,,,,,,"reward chuan hoa, xoay 4 ban do - MO HINH DUOC CHON"
episode,ppo_v4,ppo_v4,PPO-B reward chuan hoa,119808,normalized,Town04,500,339.7542619522913,0.317942863080492,149,time_limit,,,,,,,,,,"reward chuan hoa, xoay 4 ban do - MO HINH DUOC CHON"
episode,ppo_v4,ppo_v4,PPO-B reward chuan hoa,119808,normalized,Town04,244,85.96860723185794,0.1793228197603728,27,collision,,,,,,,,,,"reward chuan hoa, xoay 4 ban do - MO HINH DUOC CHON"
episode,ppo_v4,ppo_v4,PPO-B reward chuan hoa,120832,normalized,Town04,500,353.00563067418983,0.2386791347018803,90,time_limit,,,,,,,,,,"reward chuan hoa, xoay 4 ban do - MO HINH DUOC CHON"
episode,ppo_v4,ppo_v4,PPO-B reward chuan hoa,120832,normalized,Town04,500,369.34852153946747,0.1631349307753109,172,time_limit,,,,,,,,,,"reward chuan hoa, xoay 4 ban do - MO HINH DUOC CHON"
episode,ppo_v4,ppo_v4,PPO-B reward chuan hoa,121856,normalized,Town04,500,273.73171233445737,0.16995572524915645,180,time_limit,,,,,,,,,,"reward chuan hoa, xoay 4 ban do - MO HINH DUOC CHON"
episode,ppo_v4,ppo_v4,PPO-B reward chuan hoa,121856,normalized,Town04,138,-2.8595741164156294,0.41815306273536124,47,collision,,,,,,,,,,"reward chuan hoa, xoay 4 ban do - MO HINH DUOC CHON"
episode,ppo_v4,ppo_v4,PPO-B reward chuan hoa,121856,normalized,Town04,500,369.265033222939,0.20086129101356442,115,time_limit,,,,,,,,,,"reward chuan hoa, xoay 4 ban do - MO HINH DUOC CHON"
episode,ppo_v4,ppo_v4,PPO-B reward chuan hoa,122880,normalized,Town04,500,357.9404091020284,0.1527386734783931,82,time_limit,,,,,,,,,,"reward chuan hoa, xoay 4 ban do - MO HINH DUOC CHON"
episode,ppo_v4,ppo_v4,PPO-B reward chuan hoa,122880,normalized,Town04,127,1.0485985447212016,0.311475256602517,46,collision,,,,,,,,,,"reward chuan hoa, xoay 4 ban do - MO HINH DUOC CHON"
episode,ppo_v4,ppo_v4,PPO-B reward chuan hoa,122880,normalized,Town04,500,378.5405353255119,0.19881557250529674,150,time_limit,,,,,,,,,,"reward chuan hoa, xoay 4 ban do - MO HINH DUOC CHON"
episode,ppo_v4,ppo_v4,PPO-B reward chuan hoa,123904,normalized,Town04,500,87.75373389424027,0.17415546959358927,81,time_limit,,,,,,,,,,"reward chuan hoa, xoay 4 ban do - MO HINH DUOC CHON"
episode,ppo_v4,ppo_v4,PPO-B reward chuan hoa,123904,normalized,Town04,169,32.83834976208894,0.15385566310689616,22,collision,,,,,,,,,,"reward chuan hoa, xoay 4 ban do - MO HINH DUOC CHON"
episode,ppo_v4,ppo_v4,PPO-B reward chuan hoa,124928,normalized,Town04,500,345.1988546085903,0.22917588051173307,76,time_limit,,,,,,,,,,"reward chuan hoa, xoay 4 ban do - MO HINH DUOC CHON"
episode,ppo_v4,ppo_v4,PPO-B reward chuan hoa,124928,normalized,Town04,62,-46.67241631742122,0.2658222621055379,7,collision,,,,,,,,,,"reward chuan hoa, xoay 4 ban do - MO HINH DUOC CHON"
episode,ppo_v4,ppo_v4,PPO-B reward chuan hoa,124928,normalized,Town04,500,354.81112189152134,0.20495297336042684,148,time_limit,,,,,,,,,,"reward chuan hoa, xoay 4 ban do - MO HINH DUOC CHON"
episode,ppo_v4,ppo_v4,PPO-B reward chuan hoa,124928,normalized,Town04,159,24.650786388617533,0.2088758604303823,60,collision,,,,,,,,,,"reward chuan hoa, xoay 4 ban do - MO HINH DUOC CHON"
episode,ppo_v4,ppo_v4,PPO-B reward chuan hoa,125952,normalized,Town01,500,239.28127457954776,0.23621832356349542,69,time_limit,,,,,,,,,,"reward chuan hoa, xoay 4 ban do - MO HINH DUOC CHON"
episode,ppo_v4,ppo_v4,PPO-B reward chuan hoa,125952,normalized,Town01,500,320.5833464883084,0.2407583346571607,46,time_limit,,,,,,,,,,"reward chuan hoa, xoay 4 ban do - MO HINH DUOC CHON"
episode,ppo_v4,ppo_v4,PPO-B reward chuan hoa,126976,normalized,Town01,500,198.557533232635,0.37373579468764934,78,time_limit,,,,,,,,,,"reward chuan hoa, xoay 4 ban do - MO HINH DUOC CHON"
episode,ppo_v4,ppo_v4,PPO-B reward chuan hoa,126976,normalized,Town01,500,371.3543346145127,0.16473124884738075,29,time_limit,,,,,,,,,,"reward chuan hoa, xoay 4 ban do - MO HINH DUOC CHON"
episode,ppo_v4,ppo_v4,PPO-B reward chuan hoa,128000,normalized,Town01,500,370.7044420062318,0.19942558704719177,55,time_limit,,,,,,,,,,"reward chuan hoa, xoay 4 ban do - MO HINH DUOC CHON"
episode,ppo_v4,ppo_v4,PPO-B reward chuan hoa,128000,normalized,Town01,500,341.5024964136998,0.22143339787311922,49,time_limit,,,,,,,,,,"reward chuan hoa, xoay 4 ban do - MO HINH DUOC CHON"
episode,ppo_v4,ppo_v4,PPO-B reward chuan hoa,129024,normalized,Town01,500,341.6007399479605,0.22775119342465064,35,time_limit,,,,,,,,,,"reward chuan hoa, xoay 4 ban do - MO HINH DUOC CHON"
episode,ppo_v4,ppo_v4,PPO-B reward chuan hoa,129024,normalized,Town01,500,377.5202797979438,0.23100693576807127,39,time_limit,,,,,,,,,,"reward chuan hoa, xoay 4 ban do - MO HINH DUOC CHON"
episode,ppo_v4,ppo_v4,PPO-B reward chuan hoa,130048,normalized,Town01,500,374.9262342433401,0.2130847348101164,57,time_limit,,,,,,,,,,"reward chuan hoa, xoay 4 ban do - MO HINH DUOC CHON"
episode,ppo_v4,ppo_v4,PPO-B reward chuan hoa,130048,normalized,Town01,500,390.0122574502185,0.18156424910717014,50,time_limit,,,,,,,,,,"reward chuan hoa, xoay 4 ban do - MO HINH DUOC CHON"
episode,ppo_v4,ppo_v4,PPO-B reward chuan hoa,131072,normalized,Town01,500,341.68262735403243,0.20102535725903523,36,time_limit,,,,,,,,,,"reward chuan hoa, xoay 4 ban do - MO HINH DUOC CHON"
episode,ppo_v4,ppo_v4,PPO-B reward chuan hoa,131072,normalized,Town01,170,44.406331750751136,0.21425720866579362,25,collision,,,,,,,,,,"reward chuan hoa, xoay 4 ban do - MO HINH DUOC CHON"
episode,ppo_v4,ppo_v4,PPO-B reward chuan hoa,131072,normalized,Town01,500,366.282658207077,0.25529393195398814,52,time_limit,,,,,,,,,,"reward chuan hoa, xoay 4 ban do - MO HINH DUOC CHON"
episode,ppo_v4,ppo_v4,PPO-B reward chuan hoa,131072,normalized,Town01,64,-38.129938085722756,0.14826231849571075,12,collision,,,,,,,,,,"reward chuan hoa, xoay 4 ban do - MO HINH DUOC CHON"
episode,ppo_v4,ppo_v4,PPO-B reward chuan hoa,132096,normalized,Town01,500,388.43800037276344,0.19489119624428863,35,time_limit,,,,,,,,,,"reward chuan hoa, xoay 4 ban do - MO HINH DUOC CHON"
episode,ppo_v4,ppo_v4,PPO-B reward chuan hoa,132096,normalized,Town01,500,353.1706155119995,0.2795994707637855,55,time_limit,,,,,,,,,,"reward chuan hoa, xoay 4 ban do - MO HINH DUOC CHON"
episode,ppo_v4,ppo_v4,PPO-B reward chuan hoa,133120,normalized,Town01,500,352.80246083381473,0.2874568441169681,58,time_limit,,,,,,,,,,"reward chuan hoa, xoay 4 ban do - MO HINH DUOC CHON"
episode,ppo_v4,ppo_v4,PPO-B reward chuan hoa,133120,normalized,Town01,500,382.87574094839783,0.20677894708185704,54,time_limit,,,,,,,,,,"reward chuan hoa, xoay 4 ban do - MO HINH DUOC CHON"
episode,ppo_v4,ppo_v4,PPO-B reward chuan hoa,134144,normalized,Town01,241,62.93088597013647,0.3663300609293813,47,collision,,,,,,,,,,"reward chuan hoa, xoay 4 ban do - MO HINH DUOC CHON"
episode,ppo_v4,ppo_v4,PPO-B reward chuan hoa,134144,normalized,Town01,500,384.023453397477,0.22545520578916675,50,time_limit,,,,,,,,,,"reward chuan hoa, xoay 4 ban do - MO HINH DUOC CHON"
episode,ppo_v4,ppo_v4,PPO-B reward chuan hoa,134144,normalized,Town01,500,71.39368498887137,0.5189964196782725,29,time_limit,,,,,,,,,,"reward chuan hoa, xoay 4 ban do - MO HINH DUOC CHON"
episode,ppo_v4,ppo_v4,PPO-B reward chuan hoa,135168,normalized,Town01,500,390.94771678179944,0.1768611894685936,42,time_limit,,,,,,,,,,"reward chuan hoa, xoay 4 ban do - MO HINH DUOC CHON"
episode,ppo_v4,ppo_v4,PPO-B reward chuan hoa,135168,normalized,Town01,500,368.46734544677446,0.22525674353973846,69,time_limit,,,,,,,,,,"reward chuan hoa, xoay 4 ban do - MO HINH DUOC CHON"
episode,ppo_v4,ppo_v4,PPO-B reward chuan hoa,136192,normalized,Town01,500,374.83397623573586,0.19922732216842892,26,time_limit,,,,,,,,,,"reward chuan hoa, xoay 4 ban do - MO HINH DUOC CHON"
episode,ppo_v4,ppo_v4,PPO-B reward chuan hoa,136192,normalized,Town01,500,380.21666481413035,0.19656323281064675,38,time_limit,,,,,,,,,,"reward chuan hoa, xoay 4 ban do - MO HINH DUOC CHON"
episode,ppo_v4,ppo_v4,PPO-B reward chuan hoa,137216,normalized,Town02,500,380.99235142404456,0.2052068761330969,54,time_limit,,,,,,,,,,"reward chuan hoa, xoay 4 ban do - MO HINH DUOC CHON"
episode,ppo_v4,ppo_v4,PPO-B reward chuan hoa,137216,normalized,Town02,500,185.7514553367347,0.44154754980779193,43,time_limit,,,,,,,,,,"reward chuan hoa, xoay 4 ban do - MO HINH DUOC CHON"
episode,ppo_v4,ppo_v4,PPO-B reward chuan hoa,138240,normalized,Town02,500,370.0363448573151,0.2342012282079101,44,time_limit,,,,,,,,,,"reward chuan hoa, xoay 4 ban do - MO HINH DUOC CHON"
episode,ppo_v4,ppo_v4,PPO-B reward chuan hoa,138240,normalized,Town02,500,366.3873934511823,0.24581118064101373,48,time_limit,,,,,,,,,,"reward chuan hoa, xoay 4 ban do - MO HINH DUOC CHON"
episode,ppo_v4,ppo_v4,PPO-B reward chuan hoa,139264,normalized,Town02,500,343.93760109348386,0.2907950887038433,70,time_limit,,,,,,,,,,"reward chuan hoa, xoay 4 ban do - MO HINH DUOC CHON"
episode,ppo_v4,ppo_v4,PPO-B reward chuan hoa,139264,normalized,Town02,500,342.6027310582499,0.23751514708639393,43,time_limit,,,,,,,,,,"reward chuan hoa, xoay 4 ban do - MO HINH DUOC CHON"
episode,ppo_v4,ppo_v4,PPO-B reward chuan hoa,140288,normalized,Town02,500,375.5761155154468,0.22639641622652898,55,time_limit,,,,,,,,,,"reward chuan hoa, xoay 4 ban do - MO HINH DUOC CHON"
episode,ppo_v4,ppo_v4,PPO-B reward chuan hoa,140288,normalized,Town02,84,-27.96378289827475,0.19285430713429516,0,collision,,,,,,,,,,"reward chuan hoa, xoay 4 ban do - MO HINH DUOC CHON"
episode,ppo_v4,ppo_v4,PPO-B reward chuan hoa,140288,normalized,Town02,321,135.60899384004256,0.2748045231860071,32,collision,,,,,,,,,,"reward chuan hoa, xoay 4 ban do - MO HINH DUOC CHON"
episode,ppo_v4,ppo_v4,PPO-B reward chuan hoa,141312,normalized,Town02,500,357.7400388049922,0.24853477290136758,39,time_limit,,,,,,,,,,"reward chuan hoa, xoay 4 ban do - MO HINH DUOC CHON"
episode,ppo_v4,ppo_v4,PPO-B reward chuan hoa,141312,normalized,Town02,500,391.6104200875091,0.1489901007097914,48,time_limit,,,,,,,,,,"reward chuan hoa, xoay 4 ban do - MO HINH DUOC CHON"
episode,ppo_v4,ppo_v4,PPO-B reward chuan hoa,142336,normalized,Town02,500,379.57161859250743,0.19183249414746684,39,time_limit,,,,,,,,,,"reward chuan hoa, xoay 4 ban do - MO HINH DUOC CHON"
episode,ppo_v4,ppo_v4,PPO-B reward chuan hoa,142336,normalized,Town02,500,369.9945821116216,0.23532401230689304,60,time_limit,,,,,,,,,,"reward chuan hoa, xoay 4 ban do - MO HINH DUOC CHON"
episode,ppo_v4,ppo_v4,PPO-B reward chuan hoa,143360,normalized,Town02,500,330.6774930941229,0.27325781183203224,35,time_limit,,,,,,,,,,"reward chuan hoa, xoay 4 ban do - MO HINH DUOC CHON"
episode,ppo_v4,ppo_v4,PPO-B reward chuan hoa,143360,normalized,Town02,500,384.5480016880375,0.20154449120892645,43,time_limit,,,,,,,,,,"reward chuan hoa, xoay 4 ban do - MO HINH DUOC CHON"
episode,ppo_v4,ppo_v4,PPO-B reward chuan hoa,144384,normalized,Town02,500,379.62057012748,0.2142180103854311,50,time_limit,,,,,,,,,,"reward chuan hoa, xoay 4 ban do - MO HINH DUOC CHON"
episode,ppo_v4,ppo_v4,PPO-B reward chuan hoa,144384,normalized,Town02,414,202.72284965020103,0.22647144620512127,43,collision,,,,,,,,,,"reward chuan hoa, xoay 4 ban do - MO HINH DUOC CHON"
episode,ppo_v4,ppo_v4,PPO-B reward chuan hoa,145408,normalized,Town02,500,331.3772102178982,0.2929480745422852,64,time_limit,,,,,,,,,,"reward chuan hoa, xoay 4 ban do - MO HINH DUOC CHON"
episode,ppo_v4,ppo_v4,PPO-B reward chuan hoa,145408,normalized,Town02,500,379.1141731231468,0.20391793532423264,39,time_limit,,,,,,,,,,"reward chuan hoa, xoay 4 ban do - MO HINH DUOC CHON"
episode,ppo_v4,ppo_v4,PPO-B reward chuan hoa,146432,normalized,Town02,500,374.13633597360797,0.20829869158816885,42,time_limit,,,,,,,,,,"reward chuan hoa, xoay 4 ban do - MO HINH DUOC CHON"
episode,ppo_v4,ppo_v4,PPO-B reward chuan hoa,146432,normalized,Town02,115,8.115003439708758,0.14655332425880302,30,collision,,,,,,,,,,"reward chuan hoa, xoay 4 ban do - MO HINH DUOC CHON"
episode,ppo_v4,ppo_v4,PPO-B reward chuan hoa,146432,normalized,Town02,500,249.206901648082,0.21254848319954903,42,time_limit,,,,,,,,,,"reward chuan hoa, xoay 4 ban do - MO HINH DUOC CHON"
episode,ppo_v4,ppo_v4,PPO-B reward chuan hoa,147456,normalized,Town02,500,369.4364705760261,0.21511299969824704,47,time_limit,,,,,,,,,,"reward chuan hoa, xoay 4 ban do - MO HINH DUOC CHON"
episode,ppo_v4,ppo_v4,PPO-B reward chuan hoa,147456,normalized,Town02,500,367.2359553847522,0.22283154847754397,42,time_limit,,,,,,,,,,"reward chuan hoa, xoay 4 ban do - MO HINH DUOC CHON"
episode,ppo_v4,ppo_v4,PPO-B reward chuan hoa,148480,normalized,Town02,500,340.1753204473903,0.24327146570264646,60,time_limit,,,,,,,,,,"reward chuan hoa, xoay 4 ban do - MO HINH DUOC CHON"
episode,ppo_v4,ppo_v4,PPO-B reward chuan hoa,148480,normalized,Town03,62,10.506688177084587,0.8032843181657547,26,off_lane,,,,,,,,,,"reward chuan hoa, xoay 4 ban do - MO HINH DUOC CHON"
episode,ppo_v4,ppo_v4,PPO-B reward chuan hoa,148480,normalized,Town03,252,65.4680701219177,0.3817733172901659,36,off_lane,,,,,,,,,,"reward chuan hoa, xoay 4 ban do - MO HINH DUOC CHON"
episode,ppo_v4,ppo_v4,PPO-B reward chuan hoa,148480,normalized,Town03,93,24.737587059083115,0.8637752674369044,47,off_lane,,,,,,,,,,"reward chuan hoa, xoay 4 ban do - MO HINH DUOC CHON"
episode,ppo_v4,ppo_v4,PPO-B reward chuan hoa,148480,normalized,Town03,162,53.37021604736255,0.6138179651028088,74,off_lane,,,,,,,,,,"reward chuan hoa, xoay 4 ban do - MO HINH DUOC CHON"
episode,ppo_v4,ppo_v4,PPO-B reward chuan hoa,148480,normalized,Town03,146,-22.095557093704926,0.16152111807652386,53,collision,,,,,,,,,,"reward chuan hoa, xoay 4 ban do - MO HINH DUOC CHON"
episode,ppo_v4,ppo_v4,PPO-B reward chuan hoa,148480,normalized,Town03,168,32.52014801011723,0.5662926799454575,52,off_lane,,,,,,,,,,"reward chuan hoa, xoay 4 ban do - MO HINH DUOC CHON"
episode,ppo_v4,ppo_v4,PPO-B reward chuan hoa,149504,normalized,Town03,500,186.60899789757147,0.15657837637588726,93,time_limit,,,,,,,,,,"reward chuan hoa, xoay 4 ban do - MO HINH DUOC CHON"
episode,ppo_v4,ppo_v4,PPO-B reward chuan hoa,149504,normalized,Town03,241,70.08373551366758,0.18212617174404777,84,collision,,,,,,,,,,"reward chuan hoa, xoay 4 ban do - MO HINH DUOC CHON"
episode,ppo_v4,ppo_v4,PPO-B reward chuan hoa,150528,normalized,Town03,500,298.52682397389765,0.2571575981189891,214,time_limit,,,,,,,,,,"reward chuan hoa, xoay 4 ban do - MO HINH DUOC CHON"
episode,ppo_v4,ppo_v4,PPO-B reward chuan hoa,150528,normalized,Town03,500,266.1026513088929,0.259559088964553,162,time_limit,,,,,,,,,,"reward chuan hoa, xoay 4 ban do - MO HINH DUOC CHON"
episode,ppo_v4,ppo_v4,PPO-B reward chuan hoa,151552,normalized,Town03,500,268.38575569598333,0.24759891705589854,258,time_limit,,,,,,,,,,"reward chuan hoa, xoay 4 ban do - MO HINH DUOC CHON"
episode,ppo_v4,ppo_v4,PPO-B reward chuan hoa,151552,normalized,Town03,163,44.726587727245146,0.21614468673242646,126,collision,,,,,,,,,,"reward chuan hoa, xoay 4 ban do - MO HINH DUOC CHON"
episode,ppo_v4,ppo_v4,PPO-B reward chuan hoa,151552,normalized,Town03,61,10.03051492083092,0.8766403583259567,24,off_lane,,,,,,,,,,"reward chuan hoa, xoay 4 ban do - MO HINH DUOC CHON"
episode,ppo_v4,ppo_v4,PPO-B reward chuan hoa,151552,normalized,Town03,490,212.55347651052662,0.28963002777458974,138,off_lane,,,,,,,,,,"reward chuan hoa, xoay 4 ban do - MO HINH DUOC CHON"
episode,ppo_v4,ppo_v4,PPO-B reward chuan hoa,152576,normalized,Town03,408,-19.852362644125023,0.24313030873652788,52,off_lane,,,,,,,,,,"reward chuan hoa, xoay 4 ban do - MO HINH DUOC CHON"
episode,ppo_v4,ppo_v4,PPO-B reward chuan hoa,152576,normalized,Town03,279,76.11643820981692,0.5542382153597989,80,off_lane,,,,,,,,,,"reward chuan hoa, xoay 4 ban do - MO HINH DUOC CHON"
episode,ppo_v4,ppo_v4,PPO-B reward chuan hoa,153600,normalized,Town03,500,247.35242082503683,0.24555780006680353,190,time_limit,,,,,,,,,,"reward chuan hoa, xoay 4 ban do - MO HINH DUOC CHON"
episode,ppo_v4,ppo_v4,PPO-B reward chuan hoa,153600,normalized,Town03,118,58.38432004228328,0.567916742783339,50,off_lane,,,,,,,,,,"reward chuan hoa, xoay 4 ban do - MO HINH DUOC CHON"
episode,ppo_v4,ppo_v4,PPO-B reward chuan hoa,153600,normalized,Town03,500,242.86245742025648,0.15581183571281018,221,time_limit,,,,,,,,,,"reward chuan hoa, xoay 4 ban do - MO HINH DUOC CHON"
episode,ppo_v4,ppo_v4,PPO-B reward chuan hoa,153600,normalized,Town03,324,212.17601112115432,0.22581637344591002,73,off_lane,,,,,,,,,,"reward chuan hoa, xoay 4 ban do - MO HINH DUOC CHON"
episode,ppo_v4,ppo_v4,PPO-B reward chuan hoa,154624,normalized,Town03,93,27.338150107472963,0.7350577528849183,37,off_lane,,,,,,,,,,"reward chuan hoa, xoay 4 ban do - MO HINH DUOC CHON"
episode,ppo_v4,ppo_v4,PPO-B reward chuan hoa,154624,normalized,Town03,304,-9.63614504262506,0.668080345236553,90,collision,,,,,,,,,,"reward chuan hoa, xoay 4 ban do - MO HINH DUOC CHON"
episode,ppo_v4,ppo_v4,PPO-B reward chuan hoa,154624,normalized,Town03,118,38.73183942510575,0.7075365031983102,33,off_lane,,,,,,,,,,"reward chuan hoa, xoay 4 ban do - MO HINH DUOC CHON"
episode,ppo_v4,ppo_v4,PPO-B reward chuan hoa,154624,normalized,Town03,440,291.5736526276737,0.2823606833030406,133,off_lane,,,,,,,,,,"reward chuan hoa, xoay 4 ban do - MO HINH DUOC CHON"
episode,ppo_v4,ppo_v4,PPO-B reward chuan hoa,154624,normalized,Town03,61,3.009408693163169,1.027018752473578,24,off_lane,,,,,,,,,,"reward chuan hoa, xoay 4 ban do - MO HINH DUOC CHON"
episode,ppo_v4,ppo_v4,PPO-B reward chuan hoa,155648,normalized,Town04,500,365.7155865078074,0.22235496991059425,176,time_limit,,,,,,,,,,"reward chuan hoa, xoay 4 ban do - MO HINH DUOC CHON"
episode,ppo_v4,ppo_v4,PPO-B reward chuan hoa,155648,normalized,Town04,295,117.07112076369022,0.21192132542574413,80,collision,,,,,,,,,,"reward chuan hoa, xoay 4 ban do - MO HINH DUOC CHON"
episode,ppo_v4,ppo_v4,PPO-B reward chuan hoa,156672,normalized,Town04,500,367.9593074133482,0.12309173980547666,111,time_limit,,,,,,,,,,"reward chuan hoa, xoay 4 ban do - MO HINH DUOC CHON"
episode,ppo_v4,ppo_v4,PPO-B reward chuan hoa,156672,normalized,Town04,168,4.841526844725877,0.3342119179690109,33,collision,,,,,,,,,,"reward chuan hoa, xoay 4 ban do - MO HINH DUOC CHON"
episode,ppo_v4,ppo_v4,PPO-B reward chuan hoa,156672,normalized,Town04,500,362.7206220373081,0.228306640989116,141,time_limit,,,,,,,,,,"reward chuan hoa, xoay 4 ban do - MO HINH DUOC CHON"
episode,ppo_v4,ppo_v4,PPO-B reward chuan hoa,157696,normalized,Town04,500,380.0676163612742,0.14784695326419703,64,time_limit,,,,,,,,,,"reward chuan hoa, xoay 4 ban do - MO HINH DUOC CHON"
episode,ppo_v4,ppo_v4,PPO-B reward chuan hoa,157696,normalized,Town04,500,387.17760048672466,0.14308433801693726,180,time_limit,,,,,,,,,,"reward chuan hoa, xoay 4 ban do - MO HINH DUOC CHON"
episode,ppo_v4,ppo_v4,PPO-B reward chuan hoa,158720,normalized,Town04,500,300.14165736456357,0.33396438880635815,25,time_limit,,,,,,,,,,"reward chuan hoa, xoay 4 ban do - MO HINH DUOC CHON"
episode,ppo_v4,ppo_v4,PPO-B reward chuan hoa,158720,normalized,Town04,500,374.0747037042934,0.20741414200995387,143,time_limit,,,,,,,,,,"reward chuan hoa, xoay 4 ban do - MO HINH DUOC CHON"
episode,ppo_v4,ppo_v4,PPO-B reward chuan hoa,158720,normalized,Town04,96,-20.39547377205657,0.2779465912797684,25,collision,,,,,,,,,,"reward chuan hoa, xoay 4 ban do - MO HINH DUOC CHON"
episode,ppo_v4,ppo_v4,PPO-B reward chuan hoa,159744,normalized,Town04,500,374.33768716990227,0.15735186898711953,84,time_limit,,,,,,,,,,"reward chuan hoa, xoay 4 ban do - MO HINH DUOC CHON"
episode,ppo_v4,ppo_v4,PPO-B reward chuan hoa,159744,normalized,Town04,500,45.30539924309816,0.5309907926671649,168,time_limit,,,,,,,,,,"reward chuan hoa, xoay 4 ban do - MO HINH DUOC CHON"
episode,ppo_v4,ppo_v4,PPO-B reward chuan hoa,159744,normalized,Town04,83,-39.255465286810534,0.3180895946526083,12,collision,,,,,,,,,,"reward chuan hoa, xoay 4 ban do - MO HINH DUOC CHON"
episode,ppo_v4,ppo_v4,PPO-B reward chuan hoa,160768,normalized,Town04,160,36.701897024006286,0.1745270265356819,40,collision,,,,,,,,,,"reward chuan hoa, xoay 4 ban do - MO HINH DUOC CHON"
episode,ppo_v4,ppo_v4,PPO-B reward chuan hoa,160768,normalized,Town04,409,259.35567131356026,0.2669524110970348,117,off_lane,,,,,,,,,,"reward chuan hoa, xoay 4 ban do - MO HINH DUOC CHON"
episode,ppo_v4,ppo_v4,PPO-B reward chuan hoa,160768,normalized,Town04,500,372.3875232402317,0.17302883062566357,32,time_limit,,,,,,,,,,"reward chuan hoa, xoay 4 ban do - MO HINH DUOC CHON"
episode,ppo_v4,ppo_v4,PPO-B reward chuan hoa,161792,normalized,Town04,82,-27.180277377532676,0.2913424886375632,69,collision,,,,,,,,,,"reward chuan hoa, xoay 4 ban do - MO HINH DUOC CHON"
episode,ppo_v4,ppo_v4,PPO-B reward chuan hoa,161792,normalized,Town04,500,364.64050803726894,0.23850802261176104,89,time_limit,,,,,,,,,,"reward chuan hoa, xoay 4 ban do - MO HINH DUOC CHON"
episode,ppo_v4,ppo_v4,PPO-B reward chuan hoa,162816,normalized,Town04,500,372.6741515222949,0.21373627796329647,117,time_limit,,,,,,,,,,"reward chuan hoa, xoay 4 ban do - MO HINH DUOC CHON"
episode,ppo_v4,ppo_v4,PPO-B reward chuan hoa,162816,normalized,Town04,500,379.3861813921307,0.18014038337558178,139,time_limit,,,,,,,,,,"reward chuan hoa, xoay 4 ban do - MO HINH DUOC CHON"
episode,ppo_v4,ppo_v4,PPO-B reward chuan hoa,163840,normalized,Town04,500,385.9573832832498,0.18994898060175008,95,time_limit,,,,,,,,,,"reward chuan hoa, xoay 4 ban do - MO HINH DUOC CHON"
episode,ppo_v4,ppo_v4,PPO-B reward chuan hoa,163840,normalized,Town04,148,-12.99738897563816,0.5783481251451918,33,collision,,,,,,,,,,"reward chuan hoa, xoay 4 ban do - MO HINH DUOC CHON"
episode,ppo_v4,ppo_v4,PPO-B reward chuan hoa,163840,normalized,Town04,500,371.3193554740989,0.17823908646671655,133,time_limit,,,,,,,,,,"reward chuan hoa, xoay 4 ban do - MO HINH DUOC CHON"
episode,ppo_v4,ppo_v4,PPO-B reward chuan hoa,164864,normalized,Town01,500,399.3648193152262,0.1671537151421213,24,time_limit,,,,,,,,,,"reward chuan hoa, xoay 4 ban do - MO HINH DUOC CHON"
episode,ppo_v4,ppo_v4,PPO-B reward chuan hoa,164864,normalized,Town04,500,359.7170810456614,0.21302237712432623,101,time_limit,,,,,,,,,,"reward chuan hoa, xoay 4 ban do - MO HINH DUOC CHON"
episode,ppo_v4,ppo_v4,PPO-B reward chuan hoa,164864,normalized,Town04,107,-13.20557507423377,0.24575958857649685,21,collision,,,,,,,,,,"reward chuan hoa, xoay 4 ban do - MO HINH DUOC CHON"
episode,ppo_v4,ppo_v4,PPO-B reward chuan hoa,165888,normalized,Town01,500,377.051319589355,0.19929322899608085,27,time_limit,,,,,,,,,,"reward chuan hoa, xoay 4 ban do - MO HINH DUOC CHON"
episode,ppo_v4,ppo_v4,PPO-B reward chuan hoa,165888,normalized,Town01,500,380.3007108393009,0.20504490964199157,69,time_limit,,,,,,,,,,"reward chuan hoa, xoay 4 ban do - MO HINH DUOC CHON"
episode,ppo_v4,ppo_v4,PPO-B reward chuan hoa,166912,normalized,Town01,500,378.87010477002235,0.25100426569315093,63,time_limit,,,,,,,,,,"reward chuan hoa, xoay 4 ban do - MO HINH DUOC CHON"
episode,ppo_v4,ppo_v4,PPO-B reward chuan hoa,166912,normalized,Town01,45,-56.709479271592635,0.35178031126641085,8,collision,,,,,,,,,,"reward chuan hoa, xoay 4 ban do - MO HINH DUOC CHON"
episode,ppo_v4,ppo_v4,PPO-B reward chuan hoa,166912,normalized,Town01,500,359.8958837968798,0.16798491375390723,37,time_limit,,,,,,,,,,"reward chuan hoa, xoay 4 ban do - MO HINH DUOC CHON"
episode,ppo_v4,ppo_v4,PPO-B reward chuan hoa,167936,normalized,Town01,500,381.9127588652752,0.2302927940021647,76,time_limit,,,,,,,,,,"reward chuan hoa, xoay 4 ban do - MO HINH DUOC CHON"
episode,ppo_v4,ppo_v4,PPO-B reward chuan hoa,167936,normalized,Town01,110,4.84701899770063,0.15125224513638,19,collision,,,,,,,,,,"reward chuan hoa, xoay 4 ban do - MO HINH DUOC CHON"
episode,ppo_v4,ppo_v4,PPO-B reward chuan hoa,167936,normalized,Town01,500,364.2084945373523,0.2736172580665365,43,time_limit,,,,,,,,,,"reward chuan hoa, xoay 4 ban do - MO HINH DUOC CHON"
episode,ppo_v4,ppo_v4,PPO-B reward chuan hoa,168960,normalized,Town01,500,395.85633559386514,0.20550730058748778,48,time_limit,,,,,,,,,,"reward chuan hoa, xoay 4 ban do - MO HINH DUOC CHON"
episode,ppo_v4,ppo_v4,PPO-B reward chuan hoa,168960,normalized,Town01,500,370.13651535480494,0.2516490848470791,74,time_limit,,,,,,,,,,"reward chuan hoa, xoay 4 ban do - MO HINH DUOC CHON"
episode,ppo_v4,ppo_v4,PPO-B reward chuan hoa,168960,normalized,Town01,186,-71.10571094290003,0.0767206392242641,11,collision,,,,,,,,,,"reward chuan hoa, xoay 4 ban do - MO HINH DUOC CHON"
episode,ppo_v4,ppo_v4,PPO-B reward chuan hoa,169984,normalized,Town01,500,384.95415601490663,0.19760828581968926,40,time_limit,,,,,,,,,,"reward chuan hoa, xoay 4 ban do - MO HINH DUOC CHON"
episode,ppo_v4,ppo_v4,PPO-B reward chuan hoa,169984,normalized,Town01,500,373.5604619010564,0.2535066992684476,82,time_limit,,,,,,,,,,"reward chuan hoa, xoay 4 ban do - MO HINH DUOC CHON"
episode,ppo_v4,ppo_v4,PPO-B reward chuan hoa,171008,normalized,Town01,500,383.1130538316828,0.24296730610659473,79,time_limit,,,,,,,,,,"reward chuan hoa, xoay 4 ban do - MO HINH DUOC CHON"
episode,ppo_v4,ppo_v4,PPO-B reward chuan hoa,171008,normalized,Town01,500,375.94918927891104,0.23949873569661792,50,time_limit,,,,,,,,,,"reward chuan hoa, xoay 4 ban do - MO HINH DUOC CHON"
episode,ppo_v4,ppo_v4,PPO-B reward chuan hoa,172032,normalized,Town01,500,382.670169955851,0.22674981939110983,37,time_limit,,,,,,,,,,"reward chuan hoa, xoay 4 ban do - MO HINH DUOC CHON"
episode,ppo_v4,ppo_v4,PPO-B reward chuan hoa,172032,normalized,Town01,500,344.50411708507323,0.28348319160353713,50,time_limit,,,,,,,,,,"reward chuan hoa, xoay 4 ban do - MO HINH DUOC CHON"
episode,ppo_v4,ppo_v4,PPO-B reward chuan hoa,173056,normalized,Town01,500,367.8335983544714,0.2536985640204625,31,time_limit,,,,,,,,,,"reward chuan hoa, xoay 4 ban do - MO HINH DUOC CHON"
episode,ppo_v4,ppo_v4,PPO-B reward chuan hoa,173056,normalized,Town01,500,377.5330750918404,0.24645715588324782,62,time_limit,,,,,,,,,,"reward chuan hoa, xoay 4 ban do - MO HINH DUOC CHON"
episode,ppo_v4,ppo_v4,PPO-B reward chuan hoa,174080,normalized,Town01,500,375.2408898130234,0.23967849191918988,49,time_limit,,,,,,,,,,"reward chuan hoa, xoay 4 ban do - MO HINH DUOC CHON"
episode,ppo_v4,ppo_v4,PPO-B reward chuan hoa,174080,normalized,Town01,500,392.83726300957585,0.17670822558711885,30,time_limit,,,,,,,,,,"reward chuan hoa, xoay 4 ban do - MO HINH DUOC CHON"
episode,ppo_v4,ppo_v4,PPO-B reward chuan hoa,175104,normalized,Town01,500,386.2310183770434,0.20016173049568217,41,time_limit,,,,,,,,,,"reward chuan hoa, xoay 4 ban do - MO HINH DUOC CHON"
episode,ppo_v4,ppo_v4,PPO-B reward chuan hoa,175104,normalized,Town01,500,382.1131896610586,0.21661083895798033,36,time_limit,,,,,,,,,,"reward chuan hoa, xoay 4 ban do - MO HINH DUOC CHON"
episode,ppo_v4,ppo_v4,PPO-B reward chuan hoa,176128,normalized,Town01,500,385.573400395735,0.21564451326325124,58,time_limit,,,,,,,,,,"reward chuan hoa, xoay 4 ban do - MO HINH DUOC CHON"
episode,ppo_v4,ppo_v4,PPO-B reward chuan hoa,176128,normalized,Town02,500,364.6025039368417,0.2230522700600132,44,time_limit,,,,,,,,,,"reward chuan hoa, xoay 4 ban do - MO HINH DUOC CHON"
episode,ppo_v4,ppo_v4,PPO-B reward chuan hoa,177152,normalized,Town02,500,360.54300302051536,0.25240105062309365,49,time_limit,,,,,,,,,,"reward chuan hoa, xoay 4 ban do - MO HINH DUOC CHON"
episode,ppo_v4,ppo_v4,PPO-B reward chuan hoa,177152,normalized,Town02,500,357.9863701824061,0.2616390101565423,52,time_limit,,,,,,,,,,"reward chuan hoa, xoay 4 ban do - MO HINH DUOC CHON"
episode,ppo_v4,ppo_v4,PPO-B reward chuan hoa,178176,normalized,Town02,500,358.16790011972387,0.253408813838388,41,time_limit,,,,,,,,,,"reward chuan hoa, xoay 4 ban do - MO HINH DUOC CHON"
episode,ppo_v4,ppo_v4,PPO-B reward chuan hoa,178176,normalized,Town02,500,359.370043805441,0.2563638470842525,36,time_limit,,,,,,,,,,"reward chuan hoa, xoay 4 ban do - MO HINH DUOC CHON"
episode,ppo_v4,ppo_v4,PPO-B reward chuan hoa,179200,normalized,Town02,500,377.0185000232052,0.22482852190799937,42,time_limit,,,,,,,,,,"reward chuan hoa, xoay 4 ban do - MO HINH DUOC CHON"
episode,ppo_v4,ppo_v4,PPO-B reward chuan hoa,179200,normalized,Town02,500,365.2347605926764,0.22721615840300496,58,time_limit,,,,,,,,,,"reward chuan hoa, xoay 4 ban do - MO HINH DUOC CHON"
episode,ppo_v4,ppo_v4,PPO-B reward chuan hoa,180224,normalized,Town02,500,384.5196012854469,0.20929805778629929,55,time_limit,,,,,,,,,,"reward chuan hoa, xoay 4 ban do - MO HINH DUOC CHON"
episode,ppo_v4,ppo_v4,PPO-B reward chuan hoa,180224,normalized,Town02,377,178.3955495978335,0.30920895470672866,54,collision,,,,,,,,,,"reward chuan hoa, xoay 4 ban do - MO HINH DUOC CHON"
episode,ppo_v4,ppo_v4,PPO-B reward chuan hoa,181248,normalized,Town02,500,372.2644215027367,0.21071354825218772,38,time_limit,,,,,,,,,,"reward chuan hoa, xoay 4 ban do - MO HINH DUOC CHON"
episode,ppo_v4,ppo_v4,PPO-B reward chuan hoa,181248,normalized,Town02,500,288.1355240913178,0.2833222141968768,52,time_limit,,,,,,,,,,"reward chuan hoa, xoay 4 ban do - MO HINH DUOC CHON"
episode,ppo_v4,ppo_v4,PPO-B reward chuan hoa,182272,normalized,Town02,500,358.73114673164383,0.29356315363342045,68,time_limit,,,,,,,,,,"reward chuan hoa, xoay 4 ban do - MO HINH DUOC CHON"
episode,ppo_v4,ppo_v4,PPO-B reward chuan hoa,182272,normalized,Town02,500,351.56648680213425,0.26136236838975535,49,time_limit,,,,,,,,,,"reward chuan hoa, xoay 4 ban do - MO HINH DUOC CHON"
episode,ppo_v4,ppo_v4,PPO-B reward chuan hoa,183296,normalized,Town02,500,373.716289864888,0.24197758852222312,52,time_limit,,,,,,,,,,"reward chuan hoa, xoay 4 ban do - MO HINH DUOC CHON"
episode,ppo_v4,ppo_v4,PPO-B reward chuan hoa,183296,normalized,Town02,500,383.3153121441834,0.20545655028077317,48,time_limit,,,,,,,,,,"reward chuan hoa, xoay 4 ban do - MO HINH DUOC CHON"
episode,ppo_v4,ppo_v4,PPO-B reward chuan hoa,184320,normalized,Town02,500,375.65071356554273,0.21365058545794238,42,time_limit,,,,,,,,,,"reward chuan hoa, xoay 4 ban do - MO HINH DUOC CHON"
episode,ppo_v4,ppo_v4,PPO-B reward chuan hoa,184320,normalized,Town02,500,383.17341738670945,0.19531856647993814,38,time_limit,,,,,,,,,,"reward chuan hoa, xoay 4 ban do - MO HINH DUOC CHON"
episode,ppo_v4,ppo_v4,PPO-B reward chuan hoa,184320,normalized,Town02,500,353.3267764918145,0.25906826846025993,58,time_limit,,,,,,,,,,"reward chuan hoa, xoay 4 ban do - MO HINH DUOC CHON"
episode,ppo_v4,ppo_v4,PPO-B reward chuan hoa,185344,normalized,Town02,500,165.15420101572636,0.5951605931439535,31,time_limit,,,,,,,,,,"reward chuan hoa, xoay 4 ban do - MO HINH DUOC CHON"
episode,ppo_v4,ppo_v4,PPO-B reward chuan hoa,185344,normalized,Town02,500,385.5818345218018,0.17463094538443102,41,time_limit,,,,,,,,,,"reward chuan hoa, xoay 4 ban do - MO HINH DUOC CHON"
episode,ppo_v4,ppo_v4,PPO-B reward chuan hoa,186368,normalized,Town02,500,364.2982627588887,0.21841173750501525,63,time_limit,,,,,,,,,,"reward chuan hoa, xoay 4 ban do - MO HINH DUOC CHON"
episode,ppo_v4,ppo_v4,PPO-B reward chuan hoa,186368,normalized,Town02,500,381.1712960289976,0.19260659901152533,42,time_limit,,,,,,,,,,"reward chuan hoa, xoay 4 ban do - MO HINH DUOC CHON"
episode,ppo_v4,ppo_v4,PPO-B reward chuan hoa,187392,normalized,Town02,114,-32.99816872817509,0.2372569661575726,25,collision,,,,,,,,,,"reward chuan hoa, xoay 4 ban do - MO HINH DUOC CHON"
episode,ppo_v4,ppo_v4,PPO-B reward chuan hoa,187392,normalized,Town02,500,379.5198978530257,0.22680522203812817,50,time_limit,,,,,,,,,,"reward chuan hoa, xoay 4 ban do - MO HINH DUOC CHON"
episode,ppo_v4,ppo_v4,PPO-B reward chuan hoa,188416,normalized,Town02,500,383.6751650362886,0.2130773136891627,50,time_limit,,,,,,,,,,"reward chuan hoa, xoay 4 ban do - MO HINH DUOC CHON"
episode,ppo_v4,ppo_v4,PPO-B reward chuan hoa,188416,normalized,Town03,256,65.27843692591006,0.44592546729394916,39,off_lane,,,,,,,,,,"reward chuan hoa, xoay 4 ban do - MO HINH DUOC CHON"
episode,ppo_v4,ppo_v4,PPO-B reward chuan hoa,188416,normalized,Town03,130,32.26512380981772,0.5401635989880387,37,off_lane,,,,,,,,,,"reward chuan hoa, xoay 4 ban do - MO HINH DUOC CHON"
episode,ppo_v4,ppo_v4,PPO-B reward chuan hoa,188416,normalized,Town03,500,260.5582239240955,0.2772289961124325,171,time_limit,,,,,,,,,,"reward chuan hoa, xoay 4 ban do - MO HINH DUOC CHON"
episode,ppo_v4,ppo_v4,PPO-B reward chuan hoa,188416,normalized,Town03,59,0.7783206974596477,1.2648567540242919,27,off_lane,,,,,,,,,,"reward chuan hoa, xoay 4 ban do - MO HINH DUOC CHON"
episode,ppo_v4,ppo_v4,PPO-B reward chuan hoa,189440,normalized,Town03,67,9.5369793119375,2.049060988125438,52,off_lane,,,,,,,,,,"reward chuan hoa, xoay 4 ban do - MO HINH DUOC CHON"
episode,ppo_v4,ppo_v4,PPO-B reward chuan hoa,189440,normalized,Town03,73,5.468585486738186,1.0257074514017006,31,off_lane,,,,,,,,,,"reward chuan hoa, xoay 4 ban do - MO HINH DUOC CHON"
episode,ppo_v4,ppo_v4,PPO-B reward chuan hoa,189440,normalized,Town03,393,264.42607482965184,0.29748762735069273,89,off_lane,,,,,,,,,,"reward chuan hoa, xoay 4 ban do - MO HINH DUOC CHON"
episode,ppo_v4,ppo_v4,PPO-B reward chuan hoa,189440,normalized,Town03,436,310.7231786526533,0.24401236154206085,114,off_lane,,,,,,,,,,"reward chuan hoa, xoay 4 ban do - MO HINH DUOC CHON"
episode,ppo_v4,ppo_v4,PPO-B reward chuan hoa,190464,normalized,Town03,421,121.96496581543063,0.47810199099863754,98,off_lane,,,,,,,,,,"reward chuan hoa, xoay 4 ban do - MO HINH DUOC CHON"
episode,ppo_v4,ppo_v4,PPO-B reward chuan hoa,190464,normalized,Town03,74,8.66982139488424,0.7822387183729448,21,off_lane,,,,,,,,,,"reward chuan hoa, xoay 4 ban do - MO HINH DUOC CHON"
episode,ppo_v4,ppo_v4,PPO-B reward chuan hoa,190464,normalized,Town03,59,7.052253293416511,1.4361642392820182,40,off_lane,,,,,,,,,,"reward chuan hoa, xoay 4 ban do - MO HINH DUOC CHON"
episode,ppo_v4,ppo_v4,PPO-B reward chuan hoa,190464,normalized,Town03,303,128.55448647544807,0.400998477512514,91,off_lane,,,,,,,,,,"reward chuan hoa, xoay 4 ban do - MO HINH DUOC CHON"
episode,ppo_v4,ppo_v4,PPO-B reward chuan hoa,190464,normalized,Town03,221,118.23010541724652,0.3992010088648968,100,off_lane,,,,,,,,,,"reward chuan hoa, xoay 4 ban do - MO HINH DUOC CHON"
episode,ppo_v4,ppo_v4,PPO-B reward chuan hoa,191488,normalized,Town03,101,7.152389674761058,1.1769260692273926,54,off_lane,,,,,,,,,,"reward chuan hoa, xoay 4 ban do - MO HINH DUOC CHON"
episode,ppo_v4,ppo_v4,PPO-B reward chuan hoa,191488,normalized,Town03,374,163.96484754430966,0.36920954297088526,100,off_lane,,,,,,,,,,"reward chuan hoa, xoay 4 ban do - MO HINH DUOC CHON"
episode,ppo_v4,ppo_v4,PPO-B reward chuan hoa,191488,normalized,Town03,377,233.49980696289913,0.3189119502557621,69,off_lane,,,,,,,,,,"reward chuan hoa, xoay 4 ban do - MO HINH DUOC CHON"
episode,ppo_v4,ppo_v4,PPO-B reward chuan hoa,191488,normalized,Town03,121,29.58762629933483,1.465926435793563,87,off_lane,,,,,,,,,,"reward chuan hoa, xoay 4 ban do - MO HINH DUOC CHON"
episode,ppo_v4,ppo_v4,PPO-B reward chuan hoa,192512,normalized,Town03,304,-30.989027490881867,0.1262311534614924,239,collision,,,,,,,,,,"reward chuan hoa, xoay 4 ban do - MO HINH DUOC CHON"
episode,ppo_v4,ppo_v4,PPO-B reward chuan hoa,192512,normalized,Town03,109,0.1404120869638774,0.1414966676573059,50,collision,,,,,,,,,,"reward chuan hoa, xoay 4 ban do - MO HINH DUOC CHON"
episode,ppo_v4,ppo_v4,PPO-B reward chuan hoa,192512,normalized,Town03,66,9.035415634110791,0.8641361309147747,16,off_lane,,,,,,,,,,"reward chuan hoa, xoay 4 ban do - MO HINH DUOC CHON"
episode,ppo_v4,ppo_v4,PPO-B reward chuan hoa,192512,normalized,Town03,112,-8.190920166383151,0.27112323106704456,48,collision,,,,,,,,,,"reward chuan hoa, xoay 4 ban do - MO HINH DUOC CHON"
episode,ppo_v4,ppo_v4,PPO-B reward chuan hoa,192512,normalized,Town03,136,-4.212509755813471,0.21601387236580455,28,collision,,,,,,,,,,"reward chuan hoa, xoay 4 ban do - MO HINH DUOC CHON"
episode,ppo_v4,ppo_v4,PPO-B reward chuan hoa,192512,normalized,Town03,205,65.38141792648561,0.20226449063706795,31,collision,,,,,,,,,,"reward chuan hoa, xoay 4 ban do - MO HINH DUOC CHON"
episode,ppo_v4,ppo_v4,PPO-B reward chuan hoa,193536,normalized,Town03,500,154.81786460173058,0.2779671444058601,132,time_limit,,,,,,,,,,"reward chuan hoa, xoay 4 ban do - MO HINH DUOC CHON"
episode,ppo_v4,ppo_v4,PPO-B reward chuan hoa,193536,normalized,Town03,295,104.52787484247177,0.48935893422334453,99,off_lane,,,,,,,,,,"reward chuan hoa, xoay 4 ban do - MO HINH DUOC CHON"
episode,ppo_v4,ppo_v4,PPO-B reward chuan hoa,193536,normalized,Town04,339,130.1891245406082,0.44425726753809364,119,collision,,,,,,,,,,"reward chuan hoa, xoay 4 ban do - MO HINH DUOC CHON"
episode,ppo_v4,ppo_v4,PPO-B reward chuan hoa,194560,normalized,Town04,133,51.416855466717216,0.4898709453760183,0,off_lane,,,,,,,,,,"reward chuan hoa, xoay 4 ban do - MO HINH DUOC CHON"
episode,ppo_v4,ppo_v4,PPO-B reward chuan hoa,194560,normalized,Town04,456,246.2736818595098,0.24672088399037875,110,collision,,,,,,,,,,"reward chuan hoa, xoay 4 ban do - MO HINH DUOC CHON"
episode,ppo_v4,ppo_v4,PPO-B reward chuan hoa,194560,normalized,Town04,500,279.05817877245073,0.17882768750767702,198,time_limit,,,,,,,,,,"reward chuan hoa, xoay 4 ban do - MO HINH DUOC CHON"
episode,ppo_v4,ppo_v4,PPO-B reward chuan hoa,195584,normalized,Town04,500,366.8892336213028,0.2575367669017851,162,time_limit,,,,,,,,,,"reward chuan hoa, xoay 4 ban do - MO HINH DUOC CHON"
episode,ppo_v4,ppo_v4,PPO-B reward chuan hoa,195584,normalized,Town04,241,53.32255701385793,0.4467039340449126,69,collision,,,,,,,,,,"reward chuan hoa, xoay 4 ban do - MO HINH DUOC CHON"
episode,ppo_v4,ppo_v4,PPO-B reward chuan hoa,196608,normalized,Town04,485,202.90699594425405,0.39787682617346215,102,collision,,,,,,,,,,"reward chuan hoa, xoay 4 ban do - MO HINH DUOC CHON"
episode,ppo_v4,ppo_v4,PPO-B reward chuan hoa,196608,normalized,Town04,181,91.42746680805229,0.40267033697449317,45,off_lane,,,,,,,,,,"reward chuan hoa, xoay 4 ban do - MO HINH DUOC CHON"
episode,ppo_v4,ppo_v4,PPO-B reward chuan hoa,196608,normalized,Town04,500,270.16879560988025,0.2581353612001072,142,time_limit,,,,,,,,,,"reward chuan hoa, xoay 4 ban do - MO HINH DUOC CHON"
episode,ppo_v4,ppo_v4,PPO-B reward chuan hoa,197632,normalized,Town04,232,90.39249350182791,0.18444121289275076,73,collision,,,,,,,,,,"reward chuan hoa, xoay 4 ban do - MO HINH DUOC CHON"
episode,ppo_v4,ppo_v4,PPO-B reward chuan hoa,197632,normalized,Town04,311,154.47033402041217,0.23164903064896036,120,collision,,,,,,,,,,"reward chuan hoa, xoay 4 ban do - MO HINH DUOC CHON"
episode,ppo_v4,ppo_v4,PPO-B reward chuan hoa,197632,normalized,Town04,294,184.1952772602916,0.35266592954365483,101,off_lane,,,,,,,,,,"reward chuan hoa, xoay 4 ban do - MO HINH DUOC CHON"
episode,ppo_v4,ppo_v4,PPO-B reward chuan hoa,198656,normalized,Town04,500,369.09708781815874,0.20175732640114077,148,time_limit,,,,,,,,,,"reward chuan hoa, xoay 4 ban do - MO HINH DUOC CHON"
episode,ppo_v4,ppo_v4,PPO-B reward chuan hoa,198656,normalized,Town04,500,400.43908381126073,0.126651121167376,74,time_limit,,,,,,,,,,"reward chuan hoa, xoay 4 ban do - MO HINH DUOC CHON"
episode,ppo_v5,ppo_v5,PPO-B reward chuan hoa,199680,normalized,Town01,500,376.962683009839,0.2437693020139645,48,time_limit,,,,,,,,,,them junction_off_lane_factor
episode,ppo_v5,ppo_v5,PPO-B reward chuan hoa,199680,normalized,Town01,210,80.50175691526414,0.2090970711108667,36,collision,,,,,,,,,,them junction_off_lane_factor
episode,ppo_v5,ppo_v5,PPO-B reward chuan hoa,200704,normalized,Town01,500,402.4161308021195,0.1712856943360499,40,time_limit,,,,,,,,,,them junction_off_lane_factor
episode,ppo_v5,ppo_v5,PPO-B reward chuan hoa,200704,normalized,Town01,500,389.7324627682798,0.18869854484133267,43,time_limit,,,,,,,,,,them junction_off_lane_factor
episode,ppo_v5,ppo_v5,PPO-B reward chuan hoa,201728,normalized,Town01,500,392.1336339460696,0.1884091118309999,45,time_limit,,,,,,,,,,them junction_off_lane_factor
episode,ppo_v5,ppo_v5,PPO-B reward chuan hoa,201728,normalized,Town01,500,394.90752709405143,0.19150703069545832,78,time_limit,,,,,,,,,,them junction_off_lane_factor
episode,ppo_v5,ppo_v5,PPO-B reward chuan hoa,202752,normalized,Town01,500,288.3907359160962,0.19686102463464503,85,time_limit,,,,,,,,,,them junction_off_lane_factor
episode,ppo_v5,ppo_v5,PPO-B reward chuan hoa,202752,normalized,Town01,500,397.8876484326507,0.17603691615353542,39,time_limit,,,,,,,,,,them junction_off_lane_factor
episode,ppo_v5,ppo_v5,PPO-B reward chuan hoa,203776,normalized,Town01,500,391.6793524287998,0.18384957472168006,42,time_limit,,,,,,,,,,them junction_off_lane_factor
episode,ppo_v5,ppo_v5,PPO-B reward chuan hoa,203776,normalized,Town01,500,391.57394967136224,0.1815402525945228,36,time_limit,,,,,,,,,,them junction_off_lane_factor
episode,ppo_v5,ppo_v5,PPO-B reward chuan hoa,204800,normalized,Town01,500,381.7509519045395,0.2177315535979471,38,time_limit,,,,,,,,,,them junction_off_lane_factor
episode,ppo_v5,ppo_v5,PPO-B reward chuan hoa,204800,normalized,Town01,500,388.56014868302805,0.21161519546964963,47,time_limit,,,,,,,,,,them junction_off_lane_factor
episode,ppo_v5,ppo_v5,PPO-B reward chuan hoa,205824,normalized,Town01,500,400.43989174596385,0.1601658966543341,39,time_limit,,,,,,,,,,them junction_off_lane_factor
episode,ppo_v5,ppo_v5,PPO-B reward chuan hoa,205824,normalized,Town01,500,382.54855547004223,0.22905281577675923,42,time_limit,,,,,,,,,,them junction_off_lane_factor
episode,ppo_v5,ppo_v5,PPO-B reward chuan hoa,206848,normalized,Town01,500,388.18841996784164,0.17929142747345497,23,time_limit,,,,,,,,,,them junction_off_lane_factor
episode,ppo_v5,ppo_v5,PPO-B reward chuan hoa,206848,normalized,Town01,500,386.8315985868532,0.20006756387011165,29,time_limit,,,,,,,,,,them junction_off_lane_factor
episode,ppo_v5,ppo_v5,PPO-B reward chuan hoa,207872,normalized,Town01,500,391.6721532427442,0.2078039190468703,69,time_limit,,,,,,,,,,them junction_off_lane_factor
episode,ppo_v5,ppo_v5,PPO-B reward chuan hoa,207872,normalized,Town01,500,388.9460752576851,0.20569181660625163,68,time_limit,,,,,,,,,,them junction_off_lane_factor
episode,ppo_v5,ppo_v5,PPO-B reward chuan hoa,207872,normalized,Town01,500,383.9741238527026,0.19425142245555502,31,time_limit,,,,,,,,,,them junction_off_lane_factor
episode,ppo_v5,ppo_v5,PPO-B reward chuan hoa,208896,normalized,Town01,500,396.9033508587583,0.19401406208614916,74,time_limit,,,,,,,,,,them junction_off_lane_factor
episode,ppo_v5,ppo_v5,PPO-B reward chuan hoa,208896,normalized,Town01,500,399.45717858436745,0.17218995053602018,51,time_limit,,,,,,,,,,them junction_off_lane_factor
episode,ppo_v5,ppo_v5,PPO-B reward chuan hoa,209920,normalized,Town01,500,393.53642966730445,0.18457195704403842,61,time_limit,,,,,,,,,,them junction_off_lane_factor
episode,ppo_v5,ppo_v5,PPO-B reward chuan hoa,209920,normalized,Town01,500,397.95106901033984,0.1721798982747028,33,time_limit,,,,,,,,,,them junction_off_lane_factor
episode,ppo_v5,ppo_v5,PPO-B reward chuan hoa,210944,normalized,Town01,331,172.29322681288184,0.24388621155576512,68,collision,,,,,,,,,,them junction_off_lane_factor
episode,ppo_v5,ppo_v5,PPO-B reward chuan hoa,210944,normalized,Town01,54,-42.592086149144734,0.12783627573785708,13,collision,,,,,,,,,,them junction_off_lane_factor
episode,ppo_v5,ppo_v5,PPO-B reward chuan hoa,210944,normalized,Town02,34,-59.09875046755772,0.11039856893226342,8,collision,,,,,,,,,,them junction_off_lane_factor
episode,ppo_v5,ppo_v5,PPO-B reward chuan hoa,210944,normalized,Town02,71,-31.27785582005906,0.21602770755642348,15,collision,,,,,,,,,,them junction_off_lane_factor
episode,ppo_v5,ppo_v5,PPO-B reward chuan hoa,210944,normalized,Town02,500,390.5292263484711,0.19617320268513258,44,time_limit,,,,,,,,,,them junction_off_lane_factor
episode,ppo_v5,ppo_v5,PPO-B reward chuan hoa,211968,normalized,Town02,500,380.2694652698524,0.2198782124545408,38,time_limit,,,,,,,,,,them junction_off_lane_factor
episode,ppo_v5,ppo_v5,PPO-B reward chuan hoa,211968,normalized,Town02,500,369.78010038113507,0.23558508044992174,46,time_limit,,,,,,,,,,them junction_off_lane_factor
episode,ppo_v5,ppo_v5,PPO-B reward chuan hoa,212992,normalized,Town02,500,385.7727919254142,0.20026255225091671,40,time_limit,,,,,,,,,,them junction_off_lane_factor
episode,ppo_v5,ppo_v5,PPO-B reward chuan hoa,212992,normalized,Town02,500,384.337681087537,0.20785407850986554,52,time_limit,,,,,,,,,,them junction_off_lane_factor
episode,ppo_v5,ppo_v5,PPO-B reward chuan hoa,214016,normalized,Town02,500,383.6367602904416,0.2145935632639296,43,time_limit,,,,,,,,,,them junction_off_lane_factor
episode,ppo_v5,ppo_v5,PPO-B reward chuan hoa,214016,normalized,Town02,500,351.7922453895189,0.25591829848315745,45,time_limit,,,,,,,,,,them junction_off_lane_factor
episode,ppo_v5,ppo_v5,PPO-B reward chuan hoa,215040,normalized,Town02,500,385.114001758692,0.20835930272857656,41,time_limit,,,,,,,,,,them junction_off_lane_factor
episode,ppo_v5,ppo_v5,PPO-B reward chuan hoa,215040,normalized,Town02,500,374.53624501114217,0.20978027188191892,58,time_limit,,,,,,,,,,them junction_off_lane_factor
episode,ppo_v5,ppo_v5,PPO-B reward chuan hoa,216064,normalized,Town02,500,374.4595645213043,0.22598676259434042,50,time_limit,,,,,,,,,,them junction_off_lane_factor
episode,ppo_v5,ppo_v5,PPO-B reward chuan hoa,216064,normalized,Town02,500,357.35281577742467,0.24713495290858825,68,time_limit,,,,,,,,,,them junction_off_lane_factor
episode,ppo_v5,ppo_v5,PPO-B reward chuan hoa,217088,normalized,Town02,500,392.6843519370388,0.18833571235775592,40,time_limit,,,,,,,,,,them junction_off_lane_factor
episode,ppo_v5,ppo_v5,PPO-B reward chuan hoa,217088,normalized,Town02,500,387.5418629111044,0.19274825858388195,52,time_limit,,,,,,,,,,them junction_off_lane_factor
episode,ppo_v5,ppo_v5,PPO-B reward chuan hoa,218112,normalized,Town02,500,366.56796382030416,0.23276755531451915,60,time_limit,,,,,,,,,,them junction_off_lane_factor
episode,ppo_v5,ppo_v5,PPO-B reward chuan hoa,218112,normalized,Town02,500,387.5111845739857,0.18515684476579286,38,time_limit,,,,,,,,,,them junction_off_lane_factor
episode,ppo_v5,ppo_v5,PPO-B reward chuan hoa,219136,normalized,Town02,500,386.2680381703006,0.19892737562366072,45,time_limit,,,,,,,,,,them junction_off_lane_factor
episode,ppo_v5,ppo_v5,PPO-B reward chuan hoa,219136,normalized,Town02,500,378.74416769260876,0.1985119204668064,37,time_limit,,,,,,,,,,them junction_off_lane_factor
episode,ppo_v5,ppo_v5,PPO-B reward chuan hoa,220160,normalized,Town02,500,151.57642458909504,0.5161702082688083,37,time_limit,,,,,,,,,,them junction_off_lane_factor
episode,ppo_v5,ppo_v5,PPO-B reward chuan hoa,220160,normalized,Town02,87,-19.320359156173865,0.240057417606353,17,collision,,,,,,,,,,them junction_off_lane_factor
episode,ppo_v5,ppo_v5,PPO-B reward chuan hoa,220160,normalized,Town02,500,391.41786922214743,0.1898568999345472,54,time_limit,,,,,,,,,,them junction_off_lane_factor
episode,ppo_v5,ppo_v5,PPO-B reward chuan hoa,221184,normalized,Town02,500,378.1819883743558,0.2239328465613523,43,time_limit,,,,,,,,,,them junction_off_lane_factor
episode,ppo_v5,ppo_v5,PPO-B reward chuan hoa,221184,normalized,Town02,500,392.7411117735378,0.18170268425011749,53,time_limit,,,,,,,,,,them junction_off_lane_factor
episode,ppo_v5,ppo_v5,PPO-B reward chuan hoa,222208,normalized,Town02,500,393.4277672275494,0.1853034877683045,51,time_limit,,,,,,,,,,them junction_off_lane_factor
episode,ppo_v5,ppo_v5,PPO-B reward chuan hoa,222208,normalized,Town03,382,155.84506765924613,0.3241212912096318,93,off_lane,,,,,,,,,,them junction_off_lane_factor
episode,ppo_v5,ppo_v5,PPO-B reward chuan hoa,223232,normalized,Town03,432,-68.81865544413091,0.48190601345340606,49,off_lane,,,,,,,,,,them junction_off_lane_factor
episode,ppo_v5,ppo_v5,PPO-B reward chuan hoa,223232,normalized,Town03,77,15.97209986304269,1.6077539423057488,51,off_lane,,,,,,,,,,them junction_off_lane_factor
episode,ppo_v5,ppo_v5,PPO-B reward chuan hoa,223232,normalized,Town03,213,112.86093800198871,0.3678502415940948,41,off_lane,,,,,,,,,,them junction_off_lane_factor
episode,ppo_v5,ppo_v5,PPO-B reward chuan hoa,223232,normalized,Town03,95,-6.310773854197706,0.14522046338710598,59,collision,,,,,,,,,,them junction_off_lane_factor
episode,ppo_v5,ppo_v5,PPO-B reward chuan hoa,223232,normalized,Town03,290,198.32864201904178,0.1857953534061108,144,off_lane,,,,,,,,,,them junction_off_lane_factor
episode,ppo_v5,ppo_v5,PPO-B reward chuan hoa,224256,normalized,Town03,384,168.95661758989135,0.3592592742086492,129,off_lane,,,,,,,,,,them junction_off_lane_factor
episode,ppo_v5,ppo_v5,PPO-B reward chuan hoa,224256,normalized,Town03,284,173.06576409063274,0.30331782156909476,54,off_lane,,,,,,,,,,them junction_off_lane_factor
episode,ppo_v5,ppo_v5,PPO-B reward chuan hoa,224256,normalized,Town03,101,39.34849552938227,0.6106224561635307,35,off_lane,,,,,,,,,,them junction_off_lane_factor
episode,ppo_v5,ppo_v5,PPO-B reward chuan hoa,224256,normalized,Town03,62,-9.474753069253103,0.7906143308031199,0,off_lane,,,,,,,,,,them junction_off_lane_factor
episode,ppo_v5,ppo_v5,PPO-B reward chuan hoa,224256,normalized,Town03,260,164.30620600002248,0.36267927272852923,77,off_lane,,,,,,,,,,them junction_off_lane_factor
episode,ppo_v5,ppo_v5,PPO-B reward chuan hoa,224256,normalized,Town03,69,13.509121507744744,0.9051080883611747,25,off_lane,,,,,,,,,,them junction_off_lane_factor
episode,ppo_v5,ppo_v5,PPO-B reward chuan hoa,224256,normalized,Town03,145,27.14415925025881,0.27765056184182846,80,collision,,,,,,,,,,them junction_off_lane_factor
episode,ppo_v5,ppo_v5,PPO-B reward chuan hoa,225280,normalized,Town03,327,156.93188693254993,0.2887717315634797,93,off_lane,,,,,,,,,,them junction_off_lane_factor
episode,ppo_v5,ppo_v5,PPO-B reward chuan hoa,225280,normalized,Town03,252,-4.411263734646745,0.31518860314013547,23,off_lane,,,,,,,,,,them junction_off_lane_factor
episode,ppo_v5,ppo_v5,PPO-B reward chuan hoa,225280,normalized,Town03,187,56.49352020699216,0.26555485629395287,90,collision,,,,,,,,,,them junction_off_lane_factor
episode,ppo_v5,ppo_v5,PPO-B reward chuan hoa,226304,normalized,Town03,500,370.80136185201445,0.16575248682100155,149,time_limit,,,,,,,,,,them junction_off_lane_factor
episode,ppo_v5,ppo_v5,PPO-B reward chuan hoa,226304,normalized,Town03,271,165.18112629252713,0.32009457499445054,45,off_lane,,,,,,,,,,them junction_off_lane_factor
episode,ppo_v5,ppo_v5,PPO-B reward chuan hoa,226304,normalized,Town03,135,45.7920560279586,0.39276844678639855,33,off_lane,,,,,,,,,,them junction_off_lane_factor
episode,ppo_v5,ppo_v5,PPO-B reward chuan hoa,226304,normalized,Town03,243,105.62705824625938,0.40127587362068967,90,off_lane,,,,,,,,,,them junction_off_lane_factor
episode,ppo_v5,ppo_v5,PPO-B reward chuan hoa,227328,normalized,Town03,246,119.16270730254317,0.09661268804577294,60,collision,,,,,,,,,,them junction_off_lane_factor
episode,ppo_v5,ppo_v5,PPO-B reward chuan hoa,227328,normalized,Town03,236,107.02096686769625,0.12585289304591876,56,collision,,,,,,,,,,them junction_off_lane_factor
episode,ppo_v5,ppo_v5,PPO-B reward chuan hoa,227328,normalized,Town03,54,4.4626868405799245,0.8934955623545203,16,off_lane,,,,,,,,,,them junction_off_lane_factor
episode,ppo_v5,ppo_v5,PPO-B reward chuan hoa,227328,normalized,Town03,500,237.56383264822193,0.1300560245227239,130,time_limit,,,,,,,,,,them junction_off_lane_factor
episode,ppo_v5,ppo_v5,PPO-B reward chuan hoa,227328,normalized,Town03,104,32.873087135060885,0.5784370065553741,33,off_lane,,,,,,,,,,them junction_off_lane_factor
episode,ppo_v5,ppo_v5,PPO-B reward chuan hoa,228352,normalized,Town04,500,352.25846591774047,0.1940965999425554,43,time_limit,,,,,,,,,,them junction_off_lane_factor
episode,ppo_v5,ppo_v5,PPO-B reward chuan hoa,228352,normalized,Town04,422,156.11949879300084,0.30180231056120865,147,collision,,,,,,,,,,them junction_off_lane_factor
episode,ppo_v5,ppo_v5,PPO-B reward chuan hoa,229376,normalized,Town04,500,364.4974801142028,0.18995710681407357,91,time_limit,,,,,,,,,,them junction_off_lane_factor
episode,ppo_v5,ppo_v5,PPO-B reward chuan hoa,229376,normalized,Town04,109,-0.41433584120532885,0.17304152906996645,21,collision,,,,,,,,,,them junction_off_lane_factor
episode,ppo_v5,ppo_v5,PPO-B reward chuan hoa,229376,normalized,Town04,500,387.49282643506695,0.1527994107754583,101,time_limit,,,,,,,,,,them junction_off_lane_factor
episode,ppo_v5,ppo_v5,PPO-B reward chuan hoa,230400,normalized,Town04,121,-3.8174506704810938,0.22025076492075868,21,collision,,,,,,,,,,them junction_off_lane_factor
episode,ppo_v5,ppo_v5,PPO-B reward chuan hoa,230400,normalized,Town04,500,359.74694214436494,0.19148783922211587,153,time_limit,,,,,,,,,,them junction_off_lane_factor
episode,ppo_v5,ppo_v5,PPO-B reward chuan hoa,231424,normalized,Town04,500,345.90987500441906,0.28500599245764696,143,time_limit,,,,,,,,,,them junction_off_lane_factor
episode,ppo_v5,ppo_v5,PPO-B reward chuan hoa,231424,normalized,Town04,500,367.64134503725643,0.19278324618813306,81,time_limit,,,,,,,,,,them junction_off_lane_factor
episode,ppo_v5,ppo_v5,PPO-B reward chuan hoa,232448,normalized,Town04,500,379.7863662225439,0.10858541583218305,0,time_limit,,,,,,,,,,them junction_off_lane_factor
episode,ppo_v5,ppo_v5,PPO-B reward chuan hoa,232448,normalized,Town04,500,356.5323298198513,0.16696850830391338,65,time_limit,,,,,,,,,,them junction_off_lane_factor
episode,ppo_v5,ppo_v5,PPO-B reward chuan hoa,232448,normalized,Town04,500,374.2615867228739,0.20874116496838568,151,time_limit,,,,,,,,,,them junction_off_lane_factor
episode,ppo_v5,ppo_v5,PPO-B reward chuan hoa,233472,normalized,Town04,500,377.4808923139494,0.2057340912767324,118,time_limit,,,,,,,,,,them junction_off_lane_factor
episode,ppo_v5,ppo_v5,PPO-B reward chuan hoa,233472,normalized,Town04,51,-46.4758978260361,0.1172573339741228,26,collision,,,,,,,,,,them junction_off_lane_factor
episode,ppo_v5,ppo_v5,PPO-B reward chuan hoa,234496,normalized,Town04,500,380.1315322763911,0.19185674462570695,81,time_limit,,,,,,,,,,them junction_off_lane_factor
episode,ppo_v5,ppo_v5,PPO-B reward chuan hoa,234496,normalized,Town04,500,240.10201408618025,0.4493780007788931,49,time_limit,,,,,,,,,,them junction_off_lane_factor
episode,ppo_v5,ppo_v5,PPO-B reward chuan hoa,234496,normalized,Town04,500,259.30973786197455,0.2699481677508204,104,time_limit,,,,,,,,,,them junction_off_lane_factor
episode,ppo_v5,ppo_v5,PPO-B reward chuan hoa,235520,normalized,Town04,500,381.1861320672869,0.14913730332031952,156,time_limit,,,,,,,,,,them junction_off_lane_factor
episode,ppo_v5,ppo_v5,PPO-B reward chuan hoa,235520,normalized,Town04,500,337.18121983797835,0.25365915578387643,48,time_limit,,,,,,,,,,them junction_off_lane_factor
episode,ppo_v5,ppo_v5,PPO-B reward chuan hoa,236544,normalized,Town04,500,366.08982372376,0.11643326757375334,47,time_limit,,,,,,,,,,them junction_off_lane_factor
episode,ppo_v5,ppo_v5,PPO-B reward chuan hoa,236544,normalized,Town04,500,377.01537397460515,0.16530799923808848,137,time_limit,,,,,,,,,,them junction_off_lane_factor
episode,ppo_v5,ppo_v5,PPO-B reward chuan hoa,237568,normalized,Town04,500,374.55886568023277,0.15333868958758987,91,time_limit,,,,,,,,,,them junction_off_lane_factor
episode,ppo_v5,ppo_v5,PPO-B reward chuan hoa,237568,normalized,Town04,500,382.40645501645946,0.12824052945768868,68,time_limit,,,,,,,,,,them junction_off_lane_factor
episode,ppo_v5,ppo_v5,PPO-B reward chuan hoa,238592,normalized,Town04,379,93.69352073899859,0.12131370036050301,253,collision,,,,,,,,,,them junction_off_lane_factor
episode,ppo_v5,ppo_v5,PPO-B reward chuan hoa,238592,normalized,Town04,500,257.2286766628285,0.14561368764832094,181,time_limit,,,,,,,,,,them junction_off_lane_factor
episode,ppo_v5,ppo_v5,PPO-B reward chuan hoa,239616,normalized,Town01,500,327.0431728535888,0.17716593425302748,72,time_limit,,,,,,,,,,them junction_off_lane_factor
episode,ppo_v5,ppo_v5,PPO-B reward chuan hoa,239616,normalized,Town01,120,13.18290678998504,0.18779680302569193,22,collision,,,,,,,,,,them junction_off_lane_factor
episode,ppo_v5,ppo_v5,PPO-B reward chuan hoa,239616,normalized,Town01,500,384.86183106211166,0.1887738011135995,53,time_limit,,,,,,,,,,them junction_off_lane_factor
episode,ppo_v5,ppo_v5,PPO-B reward chuan hoa,240640,normalized,Town01,500,317.3281614269206,0.11850130434477983,46,time_limit,,,,,,,,,,them junction_off_lane_factor
episode,ppo_v5,ppo_v5,PPO-B reward chuan hoa,240640,normalized,Town01,500,400.2527127888216,0.13640974112057686,71,time_limit,,,,,,,,,,them junction_off_lane_factor
episode,ppo_v5,ppo_v5,PPO-B reward chuan hoa,241664,normalized,Town01,500,393.27449356700646,0.13428084860990894,74,time_limit,,,,,,,,,,them junction_off_lane_factor
episode,ppo_v5,ppo_v5,PPO-B reward chuan hoa,241664,normalized,Town01,500,363.2657276326348,0.14729975800473932,24,time_limit,,,,,,,,,,them junction_off_lane_factor
episode,ppo_v5,ppo_v5,PPO-B reward chuan hoa,242688,normalized,Town01,500,399.8106479071283,0.132504766579718,42,time_limit,,,,,,,,,,them junction_off_lane_factor
episode,ppo_v5,ppo_v5,PPO-B reward chuan hoa,242688,normalized,Town01,500,355.75225106066557,0.16467438328361464,137,time_limit,,,,,,,,,,them junction_off_lane_factor
episode,ppo_v5,ppo_v5,PPO-B reward chuan hoa,243712,normalized,Town01,500,323.49878160291337,0.15659549042194465,169,time_limit,,,,,,,,,,them junction_off_lane_factor
episode,ppo_v5,ppo_v5,PPO-B reward chuan hoa,243712,normalized,Town01,500,247.50360394698907,0.1594554009562727,89,time_limit,,,,,,,,,,them junction_off_lane_factor
episode,ppo_v5,ppo_v5,PPO-B reward chuan hoa,244736,normalized,Town01,500,405.1775323632877,0.13239041495224538,77,time_limit,,,,,,,,,,them junction_off_lane_factor
episode,ppo_v5,ppo_v5,PPO-B reward chuan hoa,244736,normalized,Town01,500,380.9653821106147,0.20248012575886187,43,time_limit,,,,,,,,,,them junction_off_lane_factor
episode,ppo_v5,ppo_v5,PPO-B reward chuan hoa,245760,normalized,Town01,500,402.36195279973776,0.1754941753771603,51,time_limit,,,,,,,,,,them junction_off_lane_factor
episode,ppo_v5,ppo_v5,PPO-B reward chuan hoa,245760,normalized,Town01,500,401.0728678028273,0.1439216846374289,34,time_limit,,,,,,,,,,them junction_off_lane_factor
episode,ppo_v5,ppo_v5,PPO-B reward chuan hoa,246784,normalized,Town01,500,399.7456256618296,0.15597354618732115,35,time_limit,,,,,,,,,,them junction_off_lane_factor
episode,ppo_v5,ppo_v5,PPO-B reward chuan hoa,246784,normalized,Town01,500,398.52157843570217,0.14367333292792722,40,time_limit,,,,,,,,,,them junction_off_lane_factor
episode,ppo_v5,ppo_v5,PPO-B reward chuan hoa,247808,normalized,Town01,500,400.8679030733719,0.17234604348562102,69,time_limit,,,,,,,,,,them junction_off_lane_factor
episode,ppo_v5,ppo_v5,PPO-B reward chuan hoa,247808,normalized,Town01,500,399.5430490818261,0.16762217564009327,49,time_limit,,,,,,,,,,them junction_off_lane_factor
episode,ppo_v5,ppo_v5,PPO-B reward chuan hoa,248832,normalized,Town01,500,398.38793755887735,0.16623423298044596,47,time_limit,,,,,,,,,,them junction_off_lane_factor
episode,ppo_v5,ppo_v5,PPO-B reward chuan hoa,248832,normalized,Town01,500,387.3777523061652,0.1781677952543761,30,time_limit,,,,,,,,,,them junction_off_lane_factor
episode,ppo_v5,ppo_v5,PPO-B reward chuan hoa,249856,normalized,Town01,500,358.42748482249624,0.16110910355693955,45,time_limit,,,,,,,,,,them junction_off_lane_factor
episode,ppo_v5,ppo_v5,PPO-B reward chuan hoa,249856,normalized,Town01,500,399.67798098415375,0.15124122060712022,55,time_limit,,,,,,,,,,them junction_off_lane_factor
episode,ppo_v5,ppo_v5,PPO-B reward chuan hoa,250880,normalized,Town01,500,397.3104641806245,0.14475031676840888,27,time_limit,,,,,,,,,,them junction_off_lane_factor
episode,ppo_v5,ppo_v5,PPO-B reward chuan hoa,250880,normalized,Town01,123,15.757850293134425,0.11153793449650343,15,collision,,,,,,,,,,them junction_off_lane_factor
episode,ppo_v5,ppo_v5,PPO-B reward chuan hoa,250880,normalized,Town02,500,397.09633694094737,0.17439727696169235,48,time_limit,,,,,,,,,,them junction_off_lane_factor
episode,ppo_v5,ppo_v5,PPO-B reward chuan hoa,250880,normalized,Town02,67,-36.15561239399658,0.26630597260477834,11,collision,,,,,,,,,,them junction_off_lane_factor
episode,ppo_v5,ppo_v5,PPO-B reward chuan hoa,250880,normalized,Town02,82,-22.004628597451728,0.22279574140329259,22,collision,,,,,,,,,,them junction_off_lane_factor
episode,ppo_v5,ppo_v5,PPO-B reward chuan hoa,251904,normalized,Town02,500,359.6099938635387,0.23916058760858683,48,time_limit,,,,,,,,,,them junction_off_lane_factor
episode,ppo_v5,ppo_v5,PPO-B reward chuan hoa,251904,normalized,Town02,500,358.9917212196488,0.23927212775779094,43,time_limit,,,,,,,,,,them junction_off_lane_factor
episode,ppo_v5,ppo_v5,PPO-B reward chuan hoa,252928,normalized,Town02,500,393.0821023057947,0.17214094973565292,52,time_limit,,,,,,,,,,them junction_off_lane_factor
episode,ppo_v5,ppo_v5,PPO-B reward chuan hoa,252928,normalized,Town02,500,399.8589314073381,0.15933360646533565,41,time_limit,,,,,,,,,,them junction_off_lane_factor
episode,ppo_v5,ppo_v5,PPO-B reward chuan hoa,253952,normalized,Town02,500,391.6038202318094,0.15972121817399904,44,time_limit,,,,,,,,,,them junction_off_lane_factor
episode,ppo_v5,ppo_v5,PPO-B reward chuan hoa,253952,normalized,Town02,500,303.7396099101365,0.33738234741727235,46,time_limit,,,,,,,,,,them junction_off_lane_factor
episode,ppo_v5,ppo_v5,PPO-B reward chuan hoa,254976,normalized,Town02,500,394.3843976540351,0.18432747374264455,44,time_limit,,,,,,,,,,them junction_off_lane_factor
episode,ppo_v5,ppo_v5,PPO-B reward chuan hoa,254976,normalized,Town02,500,392.6376185291778,0.1910950259350705,51,time_limit,,,,,,,,,,them junction_off_lane_factor
episode,ppo_v5,ppo_v5,PPO-B reward chuan hoa,256000,normalized,Town02,500,366.27599676980816,0.22577296592817075,43,time_limit,,,,,,,,,,them junction_off_lane_factor
episode,ppo_v5,ppo_v5,PPO-B reward chuan hoa,256000,normalized,Town02,500,402.3918230062079,0.14790850142375714,40,time_limit,,,,,,,,,,them junction_off_lane_factor
episode,ppo_v5,ppo_v5,PPO-B reward chuan hoa,257024,normalized,Town02,500,388.9897657311098,0.17042375355907086,43,time_limit,,,,,,,,,,them junction_off_lane_factor
episode,ppo_v5,ppo_v5,PPO-B reward chuan hoa,257024,normalized,Town02,500,395.8703985457689,0.16841516265117976,46,time_limit,,,,,,,,,,them junction_off_lane_factor
episode,ppo_v5,ppo_v5,PPO-B reward chuan hoa,258048,normalized,Town02,500,343.818075501762,0.2305173074874667,40,time_limit,,,,,,,,,,them junction_off_lane_factor
episode,ppo_v5,ppo_v5,PPO-B reward chuan hoa,258048,normalized,Town02,500,398.2849015378298,0.1618291286231071,44,time_limit,,,,,,,,,,them junction_off_lane_factor
episode,ppo_v5,ppo_v5,PPO-B reward chuan hoa,259072,normalized,Town02,500,399.822602873855,0.16088920761349465,45,time_limit,,,,,,,,,,them junction_off_lane_factor
episode,ppo_v5,ppo_v5,PPO-B reward chuan hoa,259072,normalized,Town02,500,388.64282372014964,0.1862691330014461,47,time_limit,,,,,,,,,,them junction_off_lane_factor
episode,ppo_v5,ppo_v5,PPO-B reward chuan hoa,260096,normalized,Town02,500,387.7570648731315,0.16562121484296402,44,time_limit,,,,,,,,,,them junction_off_lane_factor
episode,ppo_v5,ppo_v5,PPO-B reward chuan hoa,260096,normalized,Town02,75,-34.85870363724279,0.34708790275283585,18,collision,,,,,,,,,,them junction_off_lane_factor
episode,ppo_v5,ppo_v5,PPO-B reward chuan hoa,260096,normalized,Town02,500,398.9548571432913,0.16777954493153976,43,time_limit,,,,,,,,,,them junction_off_lane_factor
update,ppo_v1,ppo_v1,PPO-A reward tho,1024,raw,,,1558.9543411909042,,,,,,-1.7497222870588304e-08,5885.798687744141,-1.6621229648590088,,4.3655745685100555e-09,0.0,13.081645479828678,"reward tho, phat va cham 300, chi Town04"
update,ppo_v1,ppo_v1,PPO-A reward tho,2048,raw,,,2163.705764743805,,,,,,1.668231561779976e-08,4864.165209960937,-1.6621229648590088,,8.96397978067398e-09,0.0,15.26669431778126,"reward tho, phat va cham 300, chi Town04"
update,ppo_v1,ppo_v1,PPO-A reward tho,3072,raw,,,2444.8349364799737,,,,,,5.898764356970787e-08,1883.5700897216798,-1.6621229648590088,,1.0128132998943329e-08,0.0,15.209738547844626,"reward tho, phat va cham 300, chi Town04"
update,ppo_v1,ppo_v1,PPO-A reward tho,4096,raw,,,2540.294096536757,,,,,,8.661299943923951e-09,3866.425733947754,-1.6621229648590088,,-1.0128132998943329e-08,0.0,14.980819838810941,"reward tho, phat va cham 300, chi Town04"
update,ppo_v1,ppo_v1,PPO-A reward tho,5120,raw,,,2545.7321454564167,,,,,,-1.2759119272232055e-08,4693.458853149414,-1.6621229648590088,,1.280568540096283e-09,0.0,15.052914942244872,"reward tho, phat va cham 300, chi Town04"
update,ppo_v1,ppo_v1,PPO-A reward tho,6144,raw,,,2300.6366160400075,,,,,,1.2549571692943573e-08,5626.073477172851,-1.6621229648590088,,5.9371814131736755e-09,0.0,14.523513361683312,"reward tho, phat va cham 300, chi Town04"
update,ppo_v1,ppo_v1,PPO-A reward tho,7168,raw,,,2246.9946959439158,,,,,,-7.986091077327728e-09,8411.329260253906,-1.6621229648590088,,2.2177118808031082e-08,0.0,14.585119338375645,"reward tho, phat va cham 300, chi Town04"
update,ppo_v1,ppo_v1,PPO-A reward tho,8192,raw,,,1600.3405847022982,,,,,,-3.806781023740769e-09,9431.984759521485,-1.6621229648590088,,2.270098775625229e-09,0.0,14.896812018413529,"reward tho, phat va cham 300, chi Town04"
update,ppo_v1,ppo_v1,PPO-A reward tho,9216,raw,,,1491.4773656885548,,,,,,3.763707354664803e-08,4121.529905700683,-1.6621229648590088,,1.2223608791828156e-08,0.0,15.088875774602295,"reward tho, phat va cham 300, chi Town04"
update,ppo_v1,ppo_v1,PPO-A reward tho,10240,raw,,,1340.5589999136253,,,,,,1.848675310611725e-08,7030.020233154297,-1.6621229648590088,,1.7345882952213287e-08,0.0,14.608491457965657,"reward tho, phat va cham 300, chi Town04"
update,ppo_v1,ppo_v1,PPO-A reward tho,11264,raw,,,1506.3191596780955,,,,,,-0.018475961603689937,8432.247589111328,-1.6618278458714486,,0.010840523289516568,0.08603515625,11.628113916877991,"reward tho, phat va cham 300, chi Town04"
update,ppo_v1,ppo_v1,PPO-A reward tho,12288,raw,,,1470.5453708357602,,,,,,-0.016099165799096225,6045.26989440918,-1.6616861447691917,,0.005372663110028953,0.025390625,11.610116474575534,"reward tho, phat va cham 300, chi Town04"
update,ppo_v1,ppo_v1,PPO-A reward tho,13312,raw,,,1780.3384918638433,,,,,,-0.009908549825195224,2968.8643005371096,-1.6620831564068794,,-0.0012094218691345304,0.02294921875,11.841723721670194,"reward tho, phat va cham 300, chi Town04"
update,ppo_v1,ppo_v1,PPO-A reward tho,14336,raw,,,2248.4466537161584,,,,,,-0.010942543944111094,4480.091676330567,-1.6622854948043824,,0.0020823618047870695,0.026953125,11.956507279253614,"reward tho, phat va cham 300, chi Town04"
update,ppo_v1,ppo_v1,PPO-A reward tho,15360,raw,,,2124.6698184511365,,,,,,-0.021677997859660535,6260.667660522461,-1.6621419429779052,,0.009090327302692458,0.07021484375,11.942515007316368,"reward tho, phat va cham 300, chi Town04"
update,ppo_v1,ppo_v1,PPO-A reward tho,16384,raw,,,2575.494491300376,,,,,,-0.013935324060730636,1916.342554473877,-1.6633036643266679,,0.0012403971224557609,0.0369140625,11.880576520222624,"reward tho, phat va cham 300, chi Town04"
update,ppo_v1,ppo_v1,PPO-A reward tho,17408,raw,,,2696.3417193487794,,,,,,-0.01217143451794982,5096.3922470092775,-1.6645646706223487,,0.002272704633651301,0.00986328125,11.93009749608235,"reward tho, phat va cham 300, chi Town04"
update,ppo_v1,ppo_v1,PPO-A reward tho,18432,raw,,,2845.6670566872353,,,,,,-0.008581947383936495,5339.107144165039,-1.6643361359834672,,0.0025965219887439162,0.0208984375,12.00260107707663,"reward tho, phat va cham 300, chi Town04"
update,ppo_v1,ppo_v1,PPO-A reward tho,19456,raw,,,3059.0222541523685,,,,,,-0.019631239667069166,10420.376895141602,-1.664203990995884,,0.012348531093448401,0.04921875,11.981149633396345,"reward tho, phat va cham 300, chi Town04"
update,ppo_v1,ppo_v1,PPO-A reward tho,20480,raw,,,3396.5169634133517,,,,,,-0.006544439750723541,1573.6618743896483,-1.6640248775482178,,0.002590478409547359,0.03193359375,11.994835127096621,"reward tho, phat va cham 300, chi Town04"
update,ppo_v1,ppo_v1,PPO-A reward tho,21504,raw,,,3134.5291950209894,,,,,,-0.024368035688530652,9182.596813964843,-1.6640740394592286,,0.018806215625954793,0.05546875,11.693030834128201,"reward tho, phat va cham 300, chi Town04"
update,ppo_v1,ppo_v1,PPO-A reward tho,22528,raw,,,3221.213496717829,,,,,,-0.016345218080095945,9312.425076293945,-1.6640135422348976,,0.004666398547124117,0.03505859375,11.635445344115187,"reward tho, phat va cham 300, chi Town04"
update,ppo_v1,ppo_v1,PPO-A reward tho,23552,raw,,,2726.3398932294654,,,,,,-0.020582970732357354,11738.186566162109,-1.663528349995613,,0.009410787210799753,0.0333984375,11.920311618801774,"reward tho, phat va cham 300, chi Town04"
update,ppo_v1,ppo_v1,PPO-A reward tho,24576,raw,,,2602.448287093719,,,,,,-0.0163569453288801,5045.191744995117,-1.6637955158948898,,0.001053278736071661,0.0314453125,11.821758063222914,"reward tho, phat va cham 300, chi Town04"
update,ppo_v1,ppo_v1,PPO-A reward tho,25600,raw,,,2724.0337274264125,,,,,,-0.014513688464649021,5337.825395202637,-1.6641122311353684,,0.00200858666212298,0.0384765625,11.644279564889624,"reward tho, phat va cham 300, chi Town04"
update,ppo_v1,ppo_v1,PPO-A reward tho,26624,raw,,,2661.2483233036714,,,,,,-0.019383037195075302,7779.850827026367,-1.664737756550312,,0.012115779996383936,0.0517578125,11.829052697982759,"reward tho, phat va cham 300, chi Town04"
update,ppo_v1,ppo_v1,PPO-A reward tho,27648,raw,,,3065.297019767738,,,,,,-0.01671733323018998,7564.850595092774,-1.6655722230672836,,0.005369061470264569,0.05810546875,11.939996310665947,"reward tho, phat va cham 300, chi Town04"
update,ppo_v1,ppo_v1,PPO-A reward tho,28672,raw,,,2702.852856466367,,,,,,-0.018946380726993083,9267.519888305664,-1.6660269126296043,,0.005578728823456914,0.04462890625,11.720393745464538,"reward tho, phat va cham 300, chi Town04"
update,ppo_v1,ppo_v1,PPO-A reward tho,29696,raw,,,2952.884806340645,,,,,,-0.01374298402806744,1563.4406234741211,-1.6661200940608978,,0.00784720508963801,0.05654296875,11.736862843733554,"reward tho, phat va cham 300, chi Town04"
update,ppo_v1,ppo_v1,PPO-A reward tho,30720,raw,,,3248.28128707655,,,,,,-0.01648573181591928,3339.5183715820312,-1.6672061264514924,,0.0006431496061850339,0.0240234375,11.932928695151539,"reward tho, phat va cham 300, chi Town04"
update,ppo_v1,ppo_v1,PPO-A reward tho,31744,raw,,,3521.536904545931,,,,,,-0.015474116697441786,7955.381583404541,-1.6681528583168983,,0.004090165212983265,0.04033203125,11.810014439454308,"reward tho, phat va cham 300, chi Town04"
update,ppo_v1,ppo_v1,PPO-A reward tho,32768,raw,,,3378.849294471089,,,,,,-0.01607080005342141,2560.7478256225586,-1.6682744860649108,,0.0026330931927077473,0.0546875,11.635902044779225,"reward tho, phat va cham 300, chi Town04"
update,ppo_v1,ppo_v1,PPO-A reward tho,33792,raw,,,3201.811835599283,,,,,,-0.02258029680524487,4238.715543746948,-1.6681236010044813,,0.018889857492467854,0.036376953125,13.257250896380643,"reward tho, phat va cham 300, chi Town04"
update,ppo_v1,ppo_v1,PPO-A reward tho,34816,raw,,,2928.722761898695,,,,,,-0.017942660488188267,7250.87377319336,-1.667699544131756,,0.0026598996308166535,0.06474609375,11.575145710701154,"reward tho, phat va cham 300, chi Town04"
update,ppo_v1,ppo_v1,PPO-A reward tho,35840,raw,,,3373.329596741455,,,,,,-0.016154949797783046,2114.621971130371,-1.667363713681698,,0.004607269004918635,0.04130859375,11.884727558587773,"reward tho, phat va cham 300, chi Town04"
update,ppo_v1,ppo_v1,PPO-A reward tho,36864,raw,,,3482.7555092037014,,,,,,-0.013016015919856728,515.9513011932373,-1.668729653954506,,0.010695245867827908,0.09951171875,11.879109308720436,"reward tho, phat va cham 300, chi Town04"
update,ppo_v1,ppo_v1,PPO-A reward tho,37888,raw,,,3565.4365385086435,,,,,,-0.014614900341257453,10955.792767333984,-1.6705736458301543,,0.00589635408250615,0.02802734375,11.99421141265809,"reward tho, phat va cham 300, chi Town04"
update,ppo_v1,ppo_v1,PPO-A reward tho,38912,raw,,,3581.7762944263072,,,,,,-0.01909498074091971,3418.710662841797,-1.67107285708189,,0.0026644049910828473,0.0677734375,11.731242886958,"reward tho, phat va cham 300, chi Town04"
update,ppo_v1,ppo_v1,PPO-A reward tho,39936,raw,,,3739.1331957846037,,,,,,-0.01009801817126572,1216.737702178955,-1.6720471873879432,,0.008647198160178959,0.05517578125,11.779556970368676,"reward tho, phat va cham 300, chi Town04"
update,ppo_v1,ppo_v1,PPO-A reward tho,40960,raw,,,3403.4015148784383,,,,,,-0.021437644655816258,8418.933807373047,-1.6729560956358909,,0.01016651337267831,0.03779296875,11.770556792683838,"reward tho, phat va cham 300, chi Town04"
update,ppo_v1,ppo_v1,PPO-A reward tho,41984,raw,,,3681.135163778867,,,,,,-0.014258991950191558,2861.9144424438477,-1.673250350356102,,0.003627935965778306,0.03603515625,11.685314728160943,"reward tho, phat va cham 300, chi Town04"
update,ppo_v1,ppo_v1,PPO-A reward tho,43008,raw,,,3661.3373169810584,,,,,,-0.016633651149459184,3171.304020690918,-1.6731615275144578,,-0.00021601003827527166,0.05595703125,11.530260638385379,"reward tho, phat va cham 300, chi Town04"
update,ppo_v1,ppo_v1,PPO-A reward tho,44032,raw,,,3345.038808500027,,,,,,-0.011700280470540747,3029.308204650879,-1.6738299176096916,,0.002719153661746532,0.03740234375,11.63551119279275,"reward tho, phat va cham 300, chi Town04"
update,ppo_v1,ppo_v1,PPO-A reward tho,45056,raw,,,3304.4015545503366,,,,,,-0.0195066379616037,5774.261979675293,-1.6746962159872054,,0.004295765282586217,0.115234375,11.351767556614842,"reward tho, phat va cham 300, chi Town04"
update,ppo_v1,ppo_v1,PPO-A reward tho,46080,raw,,,2688.816846727156,,,,,,-0.01975355629110709,5949.094979858399,-1.6758415594696998,,-0.004402345739072189,0.0482421875,10.974062568571645,"reward tho, phat va cham 300, chi Town04"
update,ppo_v1,ppo_v1,PPO-A reward tho,47104,raw,,,2823.96258224879,,,,,,-0.018802959844470023,6280.452416992188,-1.6771939173340797,,0.002511541760759428,0.042578125,11.664401653462573,"reward tho, phat va cham 300, chi Town04"
update,ppo_v1,ppo_v1,PPO-A reward tho,48128,raw,,,3348.9485523761805,,,,,,-0.011437779036350548,1498.5110603332519,-1.6782060012221336,,0.009053187537938356,0.02880859375,11.884236713894264,"reward tho, phat va cham 300, chi Town04"
update,ppo_v1,ppo_v1,PPO-A reward tho,49152,raw,,,3466.4934796761854,,,,,,-0.014703265530988574,7605.7642578125,-1.6792356237769126,,0.0029414587828796358,0.03720703125,11.83860205899913,"reward tho, phat va cham 300, chi Town04"
update,ppo_v1,ppo_v1,PPO-A reward tho,50176,raw,,,3685.021766890978,,,,,,-0.013459785096347331,1920.1637901306153,-1.680360123515129,,0.0034949524328112603,0.05732421875,11.905295164409539,"reward tho, phat va cham 300, chi Town04"
update,ppo_v1,ppo_v1,PPO-A reward tho,51200,raw,,,3542.2347826250516,,,,,,-0.019149433745769783,11627.936520385741,-1.6796354711055757,,0.012443435052409768,0.0666015625,11.821154105063123,"reward tho, phat va cham 300, chi Town04"
update,ppo_v1,ppo_v1,PPO-A reward tho,52224,raw,,,3615.3283577818156,,,,,,-0.020886487665120513,6421.097485351563,-1.6791903421282768,,0.008065779198659584,0.07060546875,11.791685870742437,"reward tho, phat va cham 300, chi Town04"
update,ppo_v1,ppo_v1,PPO-A reward tho,53248,raw,,,3627.8066734133,,,,,,-0.015307466255035252,5560.802156066895,-1.6793634012341498,,0.007098863093415275,0.0326171875,11.837334938820742,"reward tho, phat va cham 300, chi Town04"
update,ppo_v1,ppo_v1,PPO-A reward tho,54272,raw,,,3841.559657032488,,,,,,-0.020122901257127523,13509.756274414063,-1.6794112384319306,,0.006576120649697259,0.0658203125,11.760717312503548,"reward tho, phat va cham 300, chi Town04"
update,ppo_v1,ppo_v1,PPO-A reward tho,55296,raw,,,3469.9619703933554,,,,,,-0.01404452470014803,4099.939808654785,-1.6802111834287643,,0.003770525200525299,0.07744140625,11.856738948428223,"reward tho, phat va cham 300, chi Town04"
update,ppo_v1,ppo_v1,PPO-A reward tho,56320,raw,,,3675.154356725706,,,,,,-0.009312668547499925,2632.7216720581055,-1.6814903065562248,,0.0071739756152965125,0.03515625,11.805517377907503,"reward tho, phat va cham 300, chi Town04"
update,ppo_v1,ppo_v1,PPO-A reward tho,57344,raw,,,3385.4646533576124,,,,,,-0.012310113047715277,2035.0606048583984,-1.6818857491016388,,0.005041328718652949,0.035546875,11.888873139664376,"reward tho, phat va cham 300, chi Town04"
update,ppo_v1,ppo_v1,PPO-A reward tho,58368,raw,,,3187.8458666366932,,,,,,-0.020940428657922894,11825.032452392577,-1.6820189669728278,,0.009749527677195146,0.0388671875,11.559801848361525,"reward tho, phat va cham 300, chi Town04"
update,ppo_v1,ppo_v1,PPO-A reward tho,59392,raw,,,3522.241553959206,,,,,,-0.01490693521918729,3087.575178527832,-1.6821041509509087,,0.0022397759603336453,0.03984375,11.8700975167028,"reward tho, phat va cham 300, chi Town04"
update,ppo_v1,ppo_v1,PPO-A reward tho,60416,raw,,,3525.450056450365,,,,,,-0.014420780743239447,8642.557806396484,-1.6827937096357346,,0.002631148346699774,0.06455078125,11.763140410473186,"reward tho, phat va cham 300, chi Town04"
update,ppo_v1,ppo_v1,PPO-A reward tho,61440,raw,,,3715.5200838365863,,,,,,-0.011596287717111409,2139.8345779418946,-1.6830275014042855,,0.003884436853695661,0.04443359375,11.988408652965978,"reward tho, phat va cham 300, chi Town04"
update,ppo_v1,ppo_v1,PPO-A reward tho,62464,raw,,,4001.3297043834564,,,,,,-0.012388651212677359,3183.103251647949,-1.683061583340168,,0.005603011016501114,0.0623046875,11.936386286034356,"reward tho, phat va cham 300, chi Town04"
update,ppo_v1,ppo_v1,PPO-A reward tho,63488,raw,,,3878.648094593757,,,,,,-0.018680190842133015,10421.540786743164,-1.683079719543457,,0.006835285824490711,0.06640625,11.8770971196797,"reward tho, phat va cham 300, chi Town04"
update,ppo_v1,ppo_v1,PPO-A reward tho,64512,raw,,,3710.450775786984,,,,,,-0.015843893925193697,10570.641882324218,-1.6838793396949767,,0.006693946797167882,0.0759765625,11.941992681540823,"reward tho, phat va cham 300, chi Town04"
update,ppo_v1,ppo_v1,PPO-A reward tho,65536,raw,,,4108.643354157316,,,,,,-0.01203567503252998,10820.08991241455,-1.6842146709561348,,0.0033826421306002883,0.04619140625,11.854305441585224,"reward tho, phat va cham 300, chi Town04"
update,ppo_v1,ppo_v1,PPO-A reward tho,66560,raw,,,4108.371012635767,,,,,,-0.022078407485969363,2398.1555206298826,-1.6840576171875,,0.003613190841861069,0.09560546875,11.935019910376905,"reward tho, phat va cham 300, chi Town04"
update,ppo_v1,ppo_v1,PPO-A reward tho,67584,raw,,,3856.5029710931276,,,,,,-0.020020488672889768,8979.335162353516,-1.6847942978143693,,0.0074592992197722195,0.046484375,11.907147209334344,"reward tho, phat va cham 300, chi Town04"
update,ppo_v1,ppo_v1,PPO-A reward tho,68608,raw,,,4182.541518330526,,,,,,-0.02011087489663623,2327.990528869629,-1.6855123832821846,,0.0011363161727786064,0.04208984375,11.800805556322057,"reward tho, phat va cham 300, chi Town04"
update,ppo_v1,ppo_v1,PPO-A reward tho,69632,raw,,,4079.6398981039188,,,,,,-0.02188460633624345,10654.252178955077,-1.6871267035603523,,0.009694902854971588,0.05810546875,11.623767599262399,"reward tho, phat va cham 300, chi Town04"
update,ppo_v1,ppo_v1,PPO-A reward tho,70656,raw,,,3670.188150009948,,,,,,-0.01902437284588814,19547.31740722656,-1.6876410514116287,,0.011502762627787887,0.03642578125,11.54098347969127,"reward tho, phat va cham 300, chi Town04"
update,ppo_v1,ppo_v1,PPO-A reward tho,71680,raw,,,3421.7609155769196,,,,,,-0.022226308286190034,11201.5298828125,-1.6873652756214141,,0.006371160480193793,0.0533203125,11.680317633522542,"reward tho, phat va cham 300, chi Town04"
update,ppo_v1,ppo_v1,PPO-A reward tho,72704,raw,,,3236.131474619505,,,,,,-0.014229969191364943,3756.5178665161134,-1.6878188878297806,,0.004899297311203555,0.03349609375,11.819914560548716,"reward tho, phat va cham 300, chi Town04"
update,ppo_v1,ppo_v1,PPO-A reward tho,73728,raw,,,3030.8813778415138,,,,,,-0.020452435896731912,13042.25391845703,-1.6883482962846756,,-0.0006287344440352172,0.04892578125,11.79070590406648,"reward tho, phat va cham 300, chi Town04"
update,ppo_v1,ppo_v1,PPO-A reward tho,74752,raw,,,2870.2946567298964,,,,,,-0.021494254074059426,12116.295294189453,-1.6893472999334336,,0.002201386622618884,0.06494140625,11.831222380186695,"reward tho, phat va cham 300, chi Town04"
update,ppo_v1,ppo_v1,PPO-A reward tho,75776,raw,,,2922.3341542498874,,,,,,-0.012442922976333648,2393.6717010498046,-1.6893841937184333,,0.0060778815648518504,0.0177734375,11.676134786422471,"reward tho, phat va cham 300, chi Town04"
update,ppo_v1,ppo_v1,PPO-A reward tho,76800,raw,,,3185.9653587147786,,,,,,-0.020989639265462757,5244.352917480469,-1.6899469837546348,,0.009242008317960427,0.06455078125,11.787375338911577,"reward tho, phat va cham 300, chi Town04"
update,ppo_v1,ppo_v1,PPO-A reward tho,77824,raw,,,3596.03845977328,,,,,,-0.019943505607079713,16288.36717529297,-1.6901168942451477,,0.012233748997095973,0.05556640625,11.803609873141035,"reward tho, phat va cham 300, chi Town04"
update,ppo_v1,ppo_v1,PPO-A reward tho,78848,raw,,,3496.3111620483833,,,,,,-0.014414063072763383,11920.53646850586,-1.6903109401464462,,0.01780436365515925,0.116455078125,17.50974557664889,"reward tho, phat va cham 300, chi Town04"
update,ppo_v1,ppo_v1,PPO-A reward tho,79872,raw,,,3920.2003856977003,,,,,,-0.01545363834593445,2588.3384696960447,-1.6908542945981027,,0.006726188049651682,0.04462890625,11.842986458736469,"reward tho, phat va cham 300, chi Town04"
update,ppo_v1,ppo_v1,PPO-A reward tho,80896,raw,,,4447.338906943608,,,,,,-0.0185200993088074,2714.358969116211,-1.691921980679035,,0.007966172479791566,0.064453125,11.78832844714606,"reward tho, phat va cham 300, chi Town04"
update,ppo_v1,ppo_v1,PPO-A reward tho,81920,raw,,,4420.975467611738,,,,,,-0.01674554154742509,4770.295120239258,-1.6923866763710975,,0.005352055979892611,0.036328125,11.648317166602595,"reward tho, phat va cham 300, chi Town04"
update,ppo_v1,ppo_v1,PPO-A reward tho,82944,raw,,,4171.672065172126,,,,,,-0.021150851668789983,14005.355053710937,-1.6919826477766038,,0.009734996699262411,0.04423828125,11.682185113033631,"reward tho, phat va cham 300, chi Town04"
update,ppo_v1,ppo_v1,PPO-A reward tho,83968,raw,,,3593.4550558017827,,,,,,-0.01966774561442435,14006.622937011718,-1.6916750386357307,,0.008715601864969358,0.055078125,11.687841707505282,"reward tho, phat va cham 300, chi Town04"
update,ppo_v1,ppo_v1,PPO-A reward tho,84992,raw,,,3769.9025754886425,,,,,,-0.015108016855083405,2492.556755065918,-1.6920751750469207,,-0.0020382179762236776,0.03447265625,11.703972236342338,"reward tho, phat va cham 300, chi Town04"
update,ppo_v1,ppo_v1,PPO-A reward tho,86016,raw,,,4183.373093786194,,,,,,-0.023039946891367437,11549.508404541015,-1.6924136653542519,,0.008975022175582126,0.06767578125,11.728098233048742,"reward tho, phat va cham 300, chi Town04"
update,ppo_v1,ppo_v1,PPO-A reward tho,87040,raw,,,3873.728959746798,,,,,,-0.023807103675790132,6694.887710571289,-1.6929662942886352,,0.004048763948958367,0.060546875,11.738826060515828,"reward tho, phat va cham 300, chi Town04"
update,ppo_v1,ppo_v1,PPO-A reward tho,88064,raw,,,3481.77520783429,,,,,,-0.01506244099000469,4465.065350341797,-1.6933256000280381,,0.0016753585077822208,0.0380859375,11.925077358663046,"reward tho, phat va cham 300, chi Town04"
update,ppo_v1,ppo_v1,PPO-A reward tho,89088,raw,,,3819.7369037206945,,,,,,-0.013828222046140582,12191.993182373048,-1.6929931089282035,,0.007729781919624657,0.06015625,11.528915993700553,"reward tho, phat va cham 300, chi Town04"
update,ppo_v1,ppo_v1,PPO-A reward tho,90112,raw,,,4139.991712683509,,,,,,-0.014846178248990326,24350.36259765625,-1.6933896780014037,,0.0020355189219117163,0.04228515625,11.712102163686232,"reward tho, phat va cham 300, chi Town04"
update,ppo_v1,ppo_v1,PPO-A reward tho,91136,raw,,,4382.186596410196,,,,,,-0.017614853708073495,5152.492367553711,-1.6935149878263474,,0.003669615846592933,0.04375,11.666532487392551,"reward tho, phat va cham 300, chi Town04"
update,ppo_v1,ppo_v1,PPO-A reward tho,92160,raw,,,3619.781174305408,,,,,,-0.021847199666080997,8484.786242675782,-1.6934702008962632,,0.01573703527683392,0.08447265625,11.876748257174855,"reward tho, phat va cham 300, chi Town04"
update,ppo_v1,ppo_v1,PPO-A reward tho,93184,raw,,,3340.7949515496357,,,,,,-0.02002021543448791,9454.115921020508,-1.6928206503391265,,0.010833808145252987,0.058203125,11.793688489937177,"reward tho, phat va cham 300, chi Town04"
update,ppo_v1,ppo_v1,PPO-A reward tho,94208,raw,,,3707.8266975104184,,,,,,-0.017563095293007792,3252.9751861572267,-1.6929133251309394,,0.002629580581560731,0.06162109375,11.895785192889063,"reward tho, phat va cham 300, chi Town04"
update,ppo_v1,ppo_v1,PPO-A reward tho,95232,raw,,,3607.3823550098923,,,,,,-0.021280214632861318,9485.76953125,-1.6933238923549652,,0.0018751205527223647,0.08349609375,11.686193436042904,"reward tho, phat va cham 300, chi Town04"
update,ppo_v1,ppo_v1,PPO-A reward tho,96256,raw,,,3300.275040728359,,,,,,-0.014346632960950956,13133.07876586914,-1.6925004318356514,,0.0007469082425814122,0.02861328125,11.747388128196636,"reward tho, phat va cham 300, chi Town04"
update,ppo_v1,ppo_v1,PPO-A reward tho,97280,raw,,,3561.3829567353837,,,,,,-0.020678722229786218,7423.342654418945,-1.6922920376062394,,0.008331362949684262,0.06943359375,11.725249524218784,"reward tho, phat va cham 300, chi Town04"
update,ppo_v1,ppo_v1,PPO-A reward tho,98304,raw,,,3883.9344503638968,,,,,,-0.018697352649178357,5601.506494140625,-1.6926313877105712,,0.0042145451705437155,0.06591796875,11.84987450459698,"reward tho, phat va cham 300, chi Town04"
update,ppo_v1,ppo_v1,PPO-A reward tho,99328,raw,,,3949.376068511592,,,,,,-0.020971121080219746,4921.197334289551,-1.692499040067196,,0.005769587610848248,0.0658203125,11.905409710234757,"reward tho, phat va cham 300, chi Town04"
update,ppo_v1,ppo_v1,PPO-A reward tho,100352,raw,,,3861.361880330568,,,,,,-0.013248048978857696,2903.453872680664,-1.692464615404606,,0.0017954392766114323,0.0318359375,11.693646126636727,"reward tho, phat va cham 300, chi Town04"
update,ppo_v1,ppo_v1,PPO-A reward tho,101376,raw,,,3994.9636697157075,,,,,,-0.013902264880016446,1336.6981956481934,-1.6924024820327759,,0.005289244517916814,0.04580078125,11.962494489481607,"reward tho, phat va cham 300, chi Town04"
update,ppo_v1,ppo_v1,PPO-A reward tho,102400,raw,,,3943.2919728736533,,,,,,-0.019006152357906102,2611.530027770996,-1.6928817480802536,,-0.0004554595157969743,0.04677734375,11.79105723995164,"reward tho, phat va cham 300, chi Town04"
update,ppo_v1,ppo_v1,PPO-A reward tho,103424,raw,,,4151.1279335554555,,,,,,-0.02402045266935602,1778.3720962524415,-1.6936325773596763,,0.0024948732869233938,0.085546875,11.718078828965025,"reward tho, phat va cham 300, chi Town04"
update,ppo_v1,ppo_v1,PPO-A reward tho,104448,raw,,,4166.13442251886,,,,,,-0.01585053581511602,5358.671850585937,-1.6940880015492439,,0.0009651721746195107,0.04560546875,11.7025313866189,"reward tho, phat va cham 300, chi Town04"
update,ppo_v2,ppo_v2,PPO-A reward tho,103424,raw,,,1278.4980818625722,,,,,,-1.3597309589385986e-08,25037.05087890625,-1.6933263540267944,0.6658251585011832,2.421438694000244e-08,0.0,14.245844982758616,"reward tho, phat va cham 1000"
update,ppo_v2,ppo_v2,PPO-A reward tho,104448,raw,,,3302.5851736859763,,,,,,-1.4051329344511032e-08,2224.532679748535,-1.6933263540267944,0.07288110462336783,-7.2177499532699585e-09,0.0,15.615164890289071,"reward tho, phat va cham 1000"
update,ppo_v2,ppo_v2,PPO-A reward tho,105472,raw,,,3885.2838067695693,,,,,,4.828907549381256e-08,2601.3923568725586,-1.6933263540267944,0.8729378546754764,1.4551915228366852e-09,0.0,15.585300043532124,"reward tho, phat va cham 1000"
update,ppo_v2,ppo_v2,PPO-A reward tho,106496,raw,,,4052.5536336429864,,,,,,-1.2398231774568558e-08,12954.897454833985,-1.6933263540267944,0.8282880712070237,-2.7299392968416214e-08,0.0,15.25674652074262,"reward tho, phat va cham 1000"
update,ppo_v2,ppo_v2,PPO-A reward tho,107520,raw,,,4181.686982749824,,,,,,-4.284083843231201e-08,5017.199960327149,-1.6933263540267944,0.9693898218343945,6.9267116487026215e-09,0.0,15.320996406858319,"reward tho, phat va cham 1000"
update,ppo_v2,ppo_v2,PPO-A reward tho,108544,raw,,,3634.647819065857,,,,,,-4.30387444794178e-08,17788.827685546876,-1.6933263540267944,0.8531072202271487,3.3760443329811096e-09,0.0,15.110491697806948,"reward tho, phat va cham 1000"
update,ppo_v2,ppo_v2,PPO-A reward tho,109568,raw,,,3428.6962944652905,,,,,,1.1967495083808899e-08,38893.362573242186,-1.6933263540267944,0.6550412004592391,-3.3178366720676422e-09,0.0,15.33448335336507,"reward tho, phat va cham 1000"
update,ppo_v2,ppo_v2,PPO-A reward tho,110592,raw,,,4181.982472854463,,,,,,-7.310882210731506e-08,5611.611727905273,-1.6933263540267944,0.8621407147542397,-6.51925802230835e-09,0.0,15.574623457402938,"reward tho, phat va cham 1000"
update,ppo_v2,ppo_v2,PPO-A reward tho,111616,raw,,,2352.0677849162303,,,,,,1.1024530977010727e-08,29179.785217285156,-1.6933263540267944,0.8020524214162551,2.6659108698368073e-08,0.0,15.512764001216773,"reward tho, phat va cham 1000"
update,ppo_v2,ppo_v2,PPO-A reward tho,112640,raw,,,2551.944180774696,,,,,,1.6472768038511276e-08,3639.199701690674,-1.6933263540267944,0.9231243709906602,-1.4668330550193787e-08,0.0,15.352599642606632,"reward tho, phat va cham 1000"
update,ppo_v2,ppo_v2,PPO-A reward tho,113664,raw,,,2466.3438668476915,,,,,,-0.015748910105321555,4660.983061218261,-1.6937059476971625,0.9300339472311158,0.0021850742399692536,0.02900390625,11.917605052483687,"reward tho, phat va cham 1000"
update,ppo_v2,ppo_v2,PPO-A reward tho,114688,raw,,,3115.0055537675653,,,,,,-0.013193909008987249,2543.7766876220703,-1.6943778112530707,0.9071626699621829,0.001646801456809044,0.022265625,12.043842534132152,"reward tho, phat va cham 1000"
update,ppo_v2,ppo_v2,PPO-A reward tho,115712,raw,,,3542.4133002430913,,,,,,-0.01633308604359627,3280.0980331420897,-1.6952142417430878,0.9625681493976721,0.014774671313352883,0.08857421875,12.038060427061392,"reward tho, phat va cham 1000"
update,ppo_v2,ppo_v2,PPO-A reward tho,116736,raw,,,3280.7974734894256,,,,,,-0.022616705566179007,7167.142733764648,-1.695483995974064,0.9554937911592445,0.0075827774591743944,0.10810546875,11.8193374617323,"reward tho, phat va cham 1000"
update,ppo_v2,ppo_v2,PPO-A reward tho,117760,raw,,,3919.5541421871544,,,,,,-0.01771625893888995,6759.099807739258,-1.695570008456707,0.8567634067401204,-0.00043394729727879166,0.04736328125,11.962059001028452,"reward tho, phat va cham 1000"
update,ppo_v2,ppo_v2,PPO-A reward tho,118784,raw,,,4519.845404677087,,,,,,-0.019175393413752316,24258.15051879883,-1.6959157943725587,0.6397762196047351,0.010551334777846932,0.11806640625,11.908244555261678,"reward tho, phat va cham 1000"
update,ppo_v2,ppo_v2,PPO-A reward tho,119808,raw,,,4530.930073403556,,,,,,-0.020664999610744417,8263.64208984375,-1.695806822180748,0.8410483123720613,0.004540221981005743,0.05478515625,11.855651957630508,"reward tho, phat va cham 1000"
update,ppo_v2,ppo_v2,PPO-A reward tho,120832,raw,,,4532.242269223997,,,,,,-0.01433154980186373,4977.07698059082,-1.6952684596180916,0.9339868923754413,0.003261085151461884,0.0326171875,11.945169912074453,"reward tho, phat va cham 1000"
update,ppo_v2,ppo_v2,PPO-A reward tho,121856,raw,,,4819.1084604804,,,,,,-0.015471964329481124,2313.2285079956055,-1.6952659398317338,0.9037342141070578,0.00011408953578211367,0.06025390625,12.078775533449825,"reward tho, phat va cham 1000"
update,ppo_v2,ppo_v2,PPO-A reward tho,122880,raw,,,4685.983219339622,,,,,,-0.018811788596212863,8430.310736083984,-1.695685948431492,0.7577149264650275,0.013106398523086682,0.068359375,12.058171059061815,"reward tho, phat va cham 1000"
update,ppo_v2,ppo_v2,PPO-A reward tho,123904,raw,,,4467.4153486302675,,,,,,-0.010724267782643437,8314.976605224609,-1.6959189161658288,0.9377236349947403,0.0033081893459893765,0.02861328125,12.025318654261794,"reward tho, phat va cham 1000"
update,ppo_v2,ppo_v2,PPO-A reward tho,124928,raw,,,4676.687953043756,,,,,,-0.013322392688132822,5044.165475463868,-1.6970912218093872,0.7598943824210115,0.000981095904717222,0.05087890625,12.01619589627083,"reward tho, phat va cham 1000"
update,ppo_v2,ppo_v2,PPO-A reward tho,125952,raw,,,4714.475871417288,,,,,,-0.021945159579627217,4404.008168029785,-1.6978604942560196,0.9051431316054722,0.006682927906513214,0.04267578125,11.849627310657329,"reward tho, phat va cham 1000"
update,ppo_v2,ppo_v2,PPO-A reward tho,126976,raw,,,4955.763524828284,,,,,,-0.012574599328218028,2492.587397766113,-1.6989264518022538,0.8745816580428512,0.0046783199824858455,0.04619140625,11.916784441185705,"reward tho, phat va cham 1000"
update,ppo_v2,ppo_v2,PPO-A reward tho,128000,raw,,,5424.925101493338,,,,,,-0.018329160113353282,20113.197967529297,-1.6996534168720245,0.6139646041715635,-0.00020276791183277966,0.09814453125,11.907144832559762,"reward tho, phat va cham 1000"
update,ppo_v2,ppo_v2,PPO-A reward tho,129024,raw,,,5046.429099349173,,,,,,-0.021671488403808326,4702.495819091797,-1.6998926728963852,0.8992628102682512,0.008757121703820304,0.041015625,11.883794738435409,"reward tho, phat va cham 1000"
update,ppo_v2,ppo_v2,PPO-A reward tho,130048,raw,,,5413.412802653055,,,,,,-0.02190419753314927,2181.5104286193846,-1.7003119215369225,0.8069830565247069,0.007152447535190731,0.071484375,11.972474127411845,"reward tho, phat va cham 1000"
update,ppo_v2,ppo_v2,PPO-A reward tho,131072,raw,,,5702.728808091624,,,,,,-0.011035080323927105,2948.1251441955565,-1.7007060676813126,0.6436449576220853,0.00198878658702597,0.04091796875,11.608710970594876,"reward tho, phat va cham 1000"
update,ppo_v2,ppo_v2,PPO-A reward tho,132096,raw,,,5644.363824851576,,,,,,-0.01602847338654101,16921.750817871092,-1.701377446949482,0.48568909553116124,0.0024150350887794047,0.0515625,11.914022598751169,"reward tho, phat va cham 1000"
update,ppo_v2,ppo_v2,PPO-A reward tho,133120,raw,,,5597.590535770292,,,,,,-0.017251695110462605,3893.2371002197265,-1.7012531176209449,0.6022837612400498,0.0033453819632995874,0.04501953125,11.942492658939743,"reward tho, phat va cham 1000"
update,ppo_v2,ppo_v2,PPO-A reward tho,134144,raw,,,5677.427319485029,,,,,,-0.008836319588590413,1616.0420906066895,-1.702280303835869,0.9032067508672845,0.00483676916337572,0.030859375,12.04245131276266,"reward tho, phat va cham 1000"
update,ppo_v2,ppo_v2,PPO-A reward tho,135168,raw,,,6114.557782458302,,,,,,-0.016628365649376066,2863.565922546387,-1.703252339363098,0.7807691029465457,0.00873939333250746,0.06884765625,11.879891222185519,"reward tho, phat va cham 1000"
update,ppo_v2,ppo_v2,PPO-A reward tho,136192,raw,,,5306.935246597071,,,,,,-0.02108725970610976,26691.13056640625,-1.704001073539257,0.6735871030678034,0.007882834976771846,0.0580078125,11.941971729692693,"reward tho, phat va cham 1000"
update,ppo_v2,ppo_v2,PPO-A reward tho,137216,raw,,,5352.758223282668,,,,,,-0.01527318055741489,1318.9684215545653,-1.7047276243567466,0.9376320744880932,0.005532073153881356,0.03583984375,12.064008154174356,"reward tho, phat va cham 1000"
update,ppo_v2,ppo_v2,PPO-A reward tho,138240,raw,,,4786.361104375204,,,,,,-0.019611728470772506,21200.07119140625,-1.7048224076628684,0.8048309694545938,0.001233324856730178,0.066796875,11.838784245122552,"reward tho, phat va cham 1000"
update,ppo_v2,ppo_v2,PPO-A reward tho,139264,raw,,,4745.970372931235,,,,,,-0.01643468686379492,21768.286672973634,-1.7049940630793572,0.80771018657369,0.006497434637276455,0.08779296875,11.920612291939012,"reward tho, phat va cham 1000"
update,ppo_v2,ppo_v2,PPO-A reward tho,140288,raw,,,4132.766071737614,,,,,,-0.019810128258541226,8530.507391357422,-1.7051091507077216,0.8941608546753113,0.014401330897817389,0.047265625,11.917842524093844,"reward tho, phat va cham 1000"
update,ppo_v2,ppo_v2,PPO-A reward tho,141312,raw,,,3432.099037050374,,,,,,-0.023683633853215723,9115.867132568359,-1.7051775261759758,0.9589884636103808,0.003714180097449571,0.06376953125,11.806055417837198,"reward tho, phat va cham 1000"
update,ppo_v2,ppo_v2,PPO-A reward tho,142336,raw,,,3395.532033729326,,,,,,-0.01939050283981487,3132.4805389404296,-1.7055006459355355,0.904557247251912,0.0122540476906579,0.09482421875,11.90512392729651,"reward tho, phat va cham 1000"
update,ppo_v2,ppo_v2,PPO-A reward tho,143360,raw,,,3899.156129072157,,,,,,-0.013803141168318689,2768.6351486206054,-1.7059848397970199,0.7244116286895119,0.005023612466175109,0.04541015625,12.002327211679738,"reward tho, phat va cham 1000"
update,ppo_v2,ppo_v2,PPO-A reward tho,144384,raw,,,4332.984415331917,,,,,,-0.019438253634143622,1979.1677825927734,-1.7059324502944946,0.7733648486959682,0.003208807698683813,0.09375,12.032384826242048,"reward tho, phat va cham 1000"
update,ppo_v2,ppo_v2,PPO-A reward tho,145408,raw,,,4641.289819174153,,,,,,-0.022136473376303912,35311.163049316405,-1.706124722957611,0.38112074001699014,0.009702465042937546,0.048828125,11.9639895712549,"reward tho, phat va cham 1000"
update,ppo_v2,ppo_v2,PPO-A reward tho,146432,raw,,,4736.412382477513,,,,,,-0.012484888872131705,5457.197448730469,-1.7060677617788316,0.880981434535053,0.002528213249752298,0.02822265625,11.946760424184154,"reward tho, phat va cham 1000"
update,ppo_v2,ppo_v2,PPO-A reward tho,147456,raw,,,5048.671471272143,,,,,,-0.013899467687588185,2347.863515472412,-1.706333526968956,0.8951639600945901,0.002094338892493397,0.05908203125,12.010015383283056,"reward tho, phat va cham 1000"
update,ppo_v2,ppo_v2,PPO-A reward tho,148480,raw,,,5429.588601807779,,,,,,-0.01678608120419085,3399.707597351074,-1.7068464770913123,0.9566262158405,0.006876264599850401,0.06455078125,12.002154077505807,"reward tho, phat va cham 1000"
update,ppo_v2,ppo_v2,PPO-A reward tho,149504,raw,,,5427.285184966232,,,,,,-0.023262386058922856,11761.087408447265,-1.707027840614319,0.9381164111236938,0.011237668833928183,0.04560546875,11.736590964322492,"reward tho, phat va cham 1000"
update,ppo_v2,ppo_v2,PPO-A reward tho,150528,raw,,,5072.491650000918,,,,,,-0.016720797237940132,13029.307873535156,-1.7076419189572334,0.771929451618392,0.006596010184148326,0.0583984375,11.8946526214056,"reward tho, phat va cham 1000"
update,ppo_v2,ppo_v2,PPO-A reward tho,151552,raw,,,4641.579536697913,,,,,,-0.019585446640849113,14335.156451416016,-1.7075552985072135,0.7336857162435046,0.0040638165490236135,0.09580078125,12.131013343205126,"reward tho, phat va cham 1000"
update,ppo_v2,ppo_v2,PPO-A reward tho,152576,raw,,,4375.73274927696,,,,,,-0.014476666366681457,5518.535275268555,-1.707463875412941,0.9047691919154033,0.0025361650972627104,0.05205078125,11.960186638699536,"reward tho, phat va cham 1000"
update,ppo_v2,ppo_v2,PPO-A reward tho,153600,raw,,,2925.048288213587,,,,,,-0.019378667580895126,18831.528649902342,-1.7081535905599594,0.9015457370101768,0.0013063031015917658,0.03828125,11.776528215098393,"reward tho, phat va cham 1000"
update,ppo_v2,ppo_v2,PPO-A reward tho,154624,raw,,,3275.526220932246,,,,,,-0.01589230614481494,3357.1917404174806,-1.7086806878447534,0.81936560869233,0.00460254629724659,0.065234375,11.893433778221665,"reward tho, phat va cham 1000"
update,ppo_v2,ppo_v2,PPO-A reward tho,155648,raw,,,3622.3528521029575,,,,,,-0.014765413041459396,5203.001000976563,-1.710584057867527,0.8364978997600949,0.0032708042417652905,0.0349609375,12.037464799466305,"reward tho, phat va cham 1000"
update,ppo_v2,ppo_v2,PPO-A reward tho,156672,raw,,,3588.349000780729,,,,,,-0.013582718325778842,13873.750827026368,-1.7123179748654365,0.5514229033540293,0.000723083020420745,0.04697265625,12.01804481056286,"reward tho, phat va cham 1000"
update,ppo_v2,ppo_v2,PPO-A reward tho,157696,raw,,,3864.823555671428,,,,,,-0.011069120094180106,4407.1028457641605,-1.713246537744999,0.7883299771304724,0.0002801132737658918,0.0322265625,12.114268244140868,"reward tho, phat va cham 1000"
update,ppo_v2,ppo_v2,PPO-A reward tho,158720,raw,,,4269.566349475661,,,,,,-0.017082608444616197,2972.357437133789,-1.714262807369232,0.8687281225176473,0.005787720967782661,0.05029296875,11.891545598228234,"reward tho, phat va cham 1000"
update,ppo_v2,ppo_v2,PPO-A reward tho,159744,raw,,,4241.455765779438,,,,,,-0.022488802100997417,17390.09030761719,-1.7145265266299248,0.7566458277487949,0.0030726740136742593,0.04052734375,11.869615227560482,"reward tho, phat va cham 1000"
update,ppo_v2,ppo_v2,PPO-A reward tho,160768,raw,,,4580.235154738524,,,,,,-0.022399261640384794,3730.625537109375,-1.7147651389241219,0.8667930978598402,0.009960260841762648,0.09111328125,12.035099740380607,"reward tho, phat va cham 1000"
update,ppo_v2,ppo_v2,PPO-A reward tho,161792,raw,,,5276.398037968252,,,,,,-0.020865715155377985,4058.601224517822,-1.7149144038558006,0.9722524983224919,0.008060735929757357,0.04404296875,12.024790373410912,"reward tho, phat va cham 1000"
update,ppo_v2,ppo_v2,PPO-A reward tho,162816,raw,,,4830.539615435257,,,,,,-0.014579646091442555,7671.730616760254,-1.7157281026244164,0.7575241087398841,0.004436938196886331,0.0681640625,12.014480269584947,"reward tho, phat va cham 1000"
update,ppo_v2,ppo_v2,PPO-A reward tho,163840,raw,,,4815.078402974987,,,,,,-0.017380201350897552,2916.502980041504,-1.7167227193713188,0.8460873780809528,0.0037444400077220052,0.04873046875,12.021091587017954,"reward tho, phat va cham 1000"
update,ppo_v2,ppo_v2,PPO-A reward tho,164864,raw,,,4767.081321625047,,,,,,-0.014452886453364044,4122.439094543457,-1.7174514070153237,0.8945184046643525,0.0028970119776204227,0.051171875,11.872740699065993,"reward tho, phat va cham 1000"
update,ppo_v3,ppo_v3,PPO-A reward tho,165888,raw,,,1387.7959717176911,,,,,,-3.923196345567703e-08,6845.6653503417965,-1.7173895835876465,0.9245368192847817,2.5436747819185257e-08,0.0,14.033862704032188,"reward tho, w_lane_offset 8"
update,ppo_v3,ppo_v3,PPO-A reward tho,166912,raw,,,3110.06935000009,,,,,,1.4761462807655334e-08,2282.2321212768557,-1.7173895835876465,0.8755762470542134,-2.4738255888223648e-08,0.0,15.021330752867065,"reward tho, w_lane_offset 8"
update,ppo_v3,ppo_v3,PPO-A reward tho,167936,raw,,,3937.375707475944,,,,,,3.94647940993309e-08,4121.517066955566,-1.7173895835876465,0.8632534507694317,5.6461431086063385e-09,0.0,15.137776369967563,"reward tho, w_lane_offset 8"
update,ppo_v3,ppo_v3,PPO-A reward tho,168960,raw,,,4049.1762420481446,,,,,,9.010545909404755e-09,3083.472117614746,-1.7173895835876465,0.8579177404700868,1.9615981727838516e-08,0.0,14.809089202012617,"reward tho, w_lane_offset 8"
update,ppo_v3,ppo_v3,PPO-A reward tho,169984,raw,,,4315.994239907167,,,,,,-4.260800778865814e-08,4308.105224609375,-1.7173895835876465,0.8819625736387834,-6.146728992462158e-08,0.0,14.730279248642896,"reward tho, w_lane_offset 8"
update,ppo_v3,ppo_v3,PPO-A reward tho,171008,raw,,,4199.579207619326,,,,,,9.406358003616333e-09,5205.92151184082,-1.7173895835876465,0.8888010045801182,-1.57160684466362e-09,0.0,15.424357807718721,"reward tho, w_lane_offset 8"
update,ppo_v3,ppo_v3,PPO-A reward tho,172032,raw,,,3146.4518406162283,,,,,,-5.005858838558197e-09,31412.8556640625,-1.7173895835876465,0.8430297110341134,8.731149137020111e-10,0.0,15.195670445621046,"reward tho, w_lane_offset 8"
update,ppo_v3,ppo_v3,PPO-A reward tho,173056,raw,,,3260.3614421058182,,,,,,-4.889443516731262e-09,7578.616778564453,-1.7173895835876465,0.7365672871832001,7.974449545145035e-09,0.0,15.464856386362973,"reward tho, w_lane_offset 8"
update,ppo_v3,ppo_v3,PPO-A reward tho,174080,raw,,,2368.904090743182,,,,,,2.016313374042511e-08,5084.7693145751955,-1.7173895835876465,0.9611366619806426,1.8044374883174896e-09,0.0,15.298744658805138,"reward tho, w_lane_offset 8"
update,ppo_v3,ppo_v3,PPO-A reward tho,175104,raw,,,2045.86616147546,,,,,,-1.980224624276161e-08,2495.3121597290037,-1.7173895835876465,0.963651242987549,5.471520125865936e-09,0.0,15.363956408228201,"reward tho, w_lane_offset 8"
update,ppo_v3,ppo_v3,PPO-A reward tho,176128,raw,,,2024.2900034886923,,,,,,-0.019608258095104247,2502.984104919434,-1.7176893159747124,0.8323048544651858,0.0060861170932184905,0.0783203125,11.990958061979073,"reward tho, w_lane_offset 8"
update,ppo_v3,ppo_v3,PPO-A reward tho,177152,raw,,,2416.3388054266425,,,,,,-0.02562884970102459,1993.8520706176757,-1.7189969286322593,0.9671859613207948,0.0062971131759695705,0.1419921875,12.055077004025648,"reward tho, w_lane_offset 8"
update,ppo_v3,ppo_v3,PPO-A reward tho,178176,raw,,,3049.7434804641307,,,,,,-0.0171511534252204,2288.365901184082,-1.720378151535988,0.845763335389278,0.007682846137322485,0.0685546875,12.046015107192261,"reward tho, w_lane_offset 8"
update,ppo_v3,ppo_v3,PPO-A reward tho,179200,raw,,,3357.828778826054,,,,,,-0.011142978235147894,4620.954254150391,-1.7207081586122512,0.9337621617964718,0.00676898529054597,0.03955078125,11.92549416514308,"reward tho, w_lane_offset 8"
update,ppo_v3,ppo_v3,PPO-A reward tho,180224,raw,,,3134.5492978362327,,,,,,-0.026203806197736414,4551.835372924805,-1.7214805901050567,0.9589109206037626,0.006411473028128967,0.087890625,11.79871780283269,"reward tho, w_lane_offset 8"
update,ppo_v3,ppo_v3,PPO-A reward tho,181248,raw,,,3768.2002165100566,,,,,,-0.013226984220091253,1844.750032043457,-1.7216927051544189,0.8848329261352805,0.007190919027198106,0.04755859375,11.963337070240339,"reward tho, w_lane_offset 8"
update,ppo_v3,ppo_v3,PPO-A reward tho,182272,raw,,,4043.041486440748,,,,,,-0.015913382801227272,1436.6179786682128,-1.7223748594522477,0.9215450096003058,0.00809020401793532,0.10078125,12.060345994220908,"reward tho, w_lane_offset 8"
update,ppo_v3,ppo_v3,PPO-A reward tho,183296,raw,,,4214.031616731547,,,,,,-0.019722289103083313,3361.1049224853514,-1.7228786140680312,0.9413450651365697,0.00028232648619450627,0.05986328125,11.83344541486936,"reward tho, w_lane_offset 8"
update,ppo_v3,ppo_v3,PPO-A reward tho,184320,raw,,,4320.109763428148,,,,,,-0.013731873885262758,2942.8899688720703,-1.723718249797821,0.9336616320864447,0.0065650086500681935,0.0439453125,12.006555791518243,"reward tho, w_lane_offset 8"
update,ppo_v3,ppo_v3,PPO-A reward tho,185344,raw,,,4565.177766817991,,,,,,-0.013480872951913626,3132.2942962646484,-1.7241723507642746,0.871800755927349,0.00594269332359545,0.05107421875,12.058560386383586,"reward tho, w_lane_offset 8"
update,ppo_v3,ppo_v3,PPO-A reward tho,186368,raw,,,4689.561062339826,,,,,,-0.019249146903166547,1704.9085472106933,-1.7244277641177177,0.8463226149928859,0.006667233520420268,0.06689453125,11.972691128938814,"reward tho, w_lane_offset 8"
update,ppo_v3,ppo_v3,PPO-A reward tho,187392,raw,,,4472.686169033219,,,,,,-0.016353525291197,6265.5532897949215,-1.7244791224598885,0.6952637370896766,0.006161732668988407,0.05234375,11.963284619980836,"reward tho, w_lane_offset 8"
update,ppo_v3,ppo_v3,PPO-A reward tho,188416,raw,,,4739.354461369308,,,,,,-0.013263990543782711,3128.268487548828,-1.7248967319726944,0.5882304559438805,0.006983693258371204,0.063671875,12.06489600511369,"reward tho, w_lane_offset 8"
update,ppo_v3,ppo_v3,PPO-A reward tho,189440,raw,,,4751.998636904928,,,,,,-0.01956893445458263,3744.7671325683596,-1.7256478920578957,0.9326598609142339,0.012066121195675805,0.037109375,11.852835552396984,"reward tho, w_lane_offset 8"
update,ppo_v3,ppo_v3,PPO-A reward tho,190464,raw,,,4748.638413661773,,,,,,-0.01759127664845437,24708.775479125976,-1.7256437063217163,0.17517651663491884,0.01167967530200258,0.0611328125,11.939389172362663,"reward tho, w_lane_offset 8"
update,ppo_v3,ppo_v3,PPO-A reward tho,191488,raw,,,4697.249979027924,,,,,,-0.016074531921185554,4400.9056945800785,-1.7257139846682548,0.8677812223405557,0.0061802439508028325,0.0423828125,11.848433170163856,"reward tho, w_lane_offset 8"
update,ppo_v3,ppo_v3,PPO-A reward tho,192512,raw,,,4315.851045828112,,,,,,-0.02412685255985707,8527.160061645507,-1.7268003270030021,0.8300423674320221,0.011856222519418225,0.09921875,11.915937660510913,"reward tho, w_lane_offset 8"
update,ppo_v3,ppo_v3,PPO-A reward tho,193536,raw,,,4740.438003371861,,,,,,-0.01681231731781736,1645.3503349304199,-1.7276153311133384,0.9334824843517224,0.011911462957505137,0.06015625,11.873055453766865,"reward tho, w_lane_offset 8"
update,ppo_v3,ppo_v3,PPO-A reward tho,194560,raw,,,4143.01886829814,,,,,,-0.020471655554138123,9062.416941833497,-1.728077332675457,0.6059676884849052,0.0093084852444008,0.058203125,11.809560107748991,"reward tho, w_lane_offset 8"
update,ppo_v3,ppo_v3,PPO-A reward tho,195584,raw,,,4463.754343911348,,,,,,-0.011687296605668963,1644.4846496582031,-1.7281562387943268,0.9354550470013046,0.005323977681109681,0.0451171875,12.102518143207666,"reward tho, w_lane_offset 8"
update,ppo_v3,ppo_v3,PPO-A reward tho,196608,raw,,,4498.166826389983,,,,,,-0.013807022792752833,1657.7047424316406,-1.7290172532200814,0.9124354259659505,0.007509040465811268,0.06005859375,11.868237399549079,"reward tho, w_lane_offset 8"
update,ppo_v3,ppo_v3,PPO-A reward tho,197632,raw,,,4838.560120904679,,,,,,-0.01406514986883849,1943.3560890197755,-1.7291807129979133,0.8485895027482099,0.0036674104165285827,0.04013671875,12.10195093584902,"reward tho, w_lane_offset 8"
update,ppo_v3,ppo_v3,PPO-A reward tho,198656,raw,,,5040.169325576008,,,,,,-0.024371338053606452,1797.3493606567383,-1.7292605265974998,0.96438866937932,0.002905775175895542,0.07822265625,11.798174500570886,"reward tho, w_lane_offset 8"
update,ppo_v3,ppo_v3,PPO-A reward tho,199680,raw,,,4677.090448326479,,,,,,-0.020294643437955527,2598.1707122802736,-1.7301678121089936,0.9482430648565474,0.008535517461132259,0.03916015625,11.944726216516706,"reward tho, w_lane_offset 8"
update,ppo_v3,ppo_v3,PPO-A reward tho,200704,raw,,,598.8869638172356,,,,,,-0.02803795230574906,23992.71339111328,-1.7309206247329711,0.8436443797794223,0.006333211733726784,0.10810546875,11.293035145678568,"reward tho, w_lane_offset 8"
update,ppo_v3,ppo_v3,PPO-A reward tho,201728,raw,,,2938.014280940659,,,,,,-0.01329010163899511,2113.6971435546875,-1.731277170777321,0.713928682104185,0.004243444802705198,0.0640625,12.007628768841403,"reward tho, w_lane_offset 8"
update,ppo_v3,ppo_v3,PPO-A reward tho,202752,raw,,,4068.9225920433973,,,,,,-0.014163039112463593,2270.657763671875,-1.7319715216755867,0.842227224122348,0.0008198613242711872,0.03603515625,12.024774886940778,"reward tho, w_lane_offset 8"
update,ppo_v3,ppo_v3,PPO-A reward tho,203776,raw,,,4376.624875483719,,,,,,-0.016983008733950554,2219.7818336486816,-1.732919232547283,0.9131216189244528,0.011197486106539145,0.079296875,11.907221318962275,"reward tho, w_lane_offset 8"
update,ppo_v3,ppo_v3,PPO-A reward tho,204800,raw,,,4415.753932169892,,,,,,-0.016474699974060057,22810.94788208008,-1.733917847275734,0.7215778136896625,0.009640572947682812,0.04365234375,11.788289394503586,"reward tho, w_lane_offset 8"
update,ppo_v3,ppo_v3,PPO-A reward tho,205824,raw,,,4358.937992548161,,,,,,-0.01956136478111148,9531.045651245116,-1.7343592569231987,0.8987255862632818,0.009328347077826038,0.041015625,11.875618979186417,"reward tho, w_lane_offset 8"
update,ppo_v3,ppo_v3,PPO-A reward tho,206848,raw,,,3719.9785428843584,,,,,,-0.026202978321816773,7468.272521972656,-1.7342824548482896,0.9318931681530015,0.018059746274957433,0.086328125,11.850333774572858,"reward tho, w_lane_offset 8"
update,ppo_v3,ppo_v3,PPO-A reward tho,207872,raw,,,4040.9624774971453,,,,,,-0.012407633336260914,4670.799192810058,-1.7337318390607834,0.7189415757349122,0.002609101665439084,0.0564453125,11.736100958911784,"reward tho, w_lane_offset 8"
update,ppo_v3,ppo_v3,PPO-A reward tho,208896,raw,,,2719.1506464209015,,,,,,-0.017220073915086686,6270.486853027343,-1.733054880797863,0.9564904833759281,0.005838137114187703,0.05341796875,11.797618350639302,"reward tho, w_lane_offset 8"
update,ppo_v3,ppo_v3,PPO-A reward tho,209920,raw,,,2360.969986714415,,,,,,-0.01902005644515157,1807.729730987549,-1.733976063132286,0.9654051212656047,0.011252475867513568,0.06572265625,11.824857109348471,"reward tho, w_lane_offset 8"
update,ppo_v3,ppo_v3,PPO-A reward tho,210944,raw,,,2610.6218979807063,,,,,,-0.011838432855438442,1672.7500503540039,-1.7346123203635215,0.9016844433901182,0.0016527436673641205,0.0576171875,11.939508988665933,"reward tho, w_lane_offset 8"
update,ppo_v3,ppo_v3,PPO-A reward tho,211968,raw,,,2983.350534964974,,,,,,-0.02030674342531711,2178.744499206543,-1.7350786224007606,0.9722518958497607,0.006555612484226004,0.04765625,11.828441023038996,"reward tho, w_lane_offset 8"
update,ppo_v3,ppo_v3,PPO-A reward tho,212992,raw,,,3324.261559240966,,,,,,-0.010480855137575417,2474.715731048584,-1.7361513063311578,0.5593962218389565,0.011603238648967817,0.07763671875,12.03229580190395,"reward tho, w_lane_offset 8"
update,ppo_v3,ppo_v3,PPO-A reward tho,214016,raw,,,3602.4925593135704,,,,,,-0.011379415809642524,2873.491731262207,-1.737580107152462,0.9548947819586665,0.011292593879625201,0.04111328125,11.869534795176104,"reward tho, w_lane_offset 8"
update,ppo_v3,ppo_v3,PPO-A reward tho,215040,raw,,,3475.1401560970944,,,,,,-0.01849318655440584,8685.805670166015,-1.738733235001564,0.9132157100750231,-0.0006356324651278555,0.05322265625,11.560821944684058,"reward tho, w_lane_offset 8"
update,ppo_v3,ppo_v3,PPO-A reward tho,216064,raw,,,4095.3732992050086,,,,,,-0.01720583220012486,2136.506753540039,-1.7394671514630318,0.8812948268988019,-0.0005379129434004426,0.0564453125,11.951548038621109,"reward tho, w_lane_offset 8"
update,ppo_v3,ppo_v3,PPO-A reward tho,217088,raw,,,4679.054687665741,,,,,,-0.008712712838314474,1800.904737854004,-1.739527978003025,0.9108725790634389,0.0024177703133318575,0.01669921875,11.998366868758696,"reward tho, w_lane_offset 8"
update,ppo_v3,ppo_v3,PPO-A reward tho,218112,raw,,,4688.8787890021495,,,,,,-0.029971951246261598,18323.87562866211,-1.7405455201864242,0.8120369915899989,0.014049115835223346,0.10029296875,11.643288309131067,"reward tho, w_lane_offset 8"
update,ppo_v3,ppo_v3,PPO-A reward tho,219136,raw,,,4700.736560835744,,,,,,-0.012175365863367916,2667.0784072875977,-1.7417206555604934,0.9437465167829102,0.0058257777476683256,0.03876953125,11.859920847693841,"reward tho, w_lane_offset 8"
update,ppo_v3,ppo_v3,PPO-A reward tho,220160,raw,,,4883.3730067954775,,,,,,-0.020456041069701315,4995.673532104493,-1.7430582404136659,0.8677463853330266,0.006373017193982378,0.080859375,11.910729723775706,"reward tho, w_lane_offset 8"
update,ppo_v3,ppo_v3,PPO-A reward tho,221184,raw,,,4726.985108145152,,,,,,-0.017430977360345424,18429.211196899414,-1.7441586792469024,0.20955874715092715,0.001697884185705334,0.03603515625,11.882706200455482,"reward tho, w_lane_offset 8"
update,ppo_v3,ppo_v3,PPO-A reward tho,222208,raw,,,4767.950565659869,,,,,,-0.015182662417646497,2718.547702026367,-1.7452953830361366,0.6763026659186666,0.0041497137688566,0.0732421875,11.860485147187752,"reward tho, w_lane_offset 8"
update,ppo_v3,ppo_v3,PPO-A reward tho,223232,raw,,,4835.327741542297,,,,,,-0.01611570534296334,2216.0381134033205,-1.746352957189083,0.8853903813463162,0.011663376411888748,0.0861328125,11.759160752354697,"reward tho, w_lane_offset 8"
update,ppo_v3,ppo_v3,PPO-A reward tho,224256,raw,,,5007.521602637385,,,,,,-0.01794382429216057,9520.757937622071,-1.7470098838210106,0.8878498550369477,0.008750883571337909,0.08291015625,11.761790281563712,"reward tho, w_lane_offset 8"
update,ppo_v3,ppo_v3,PPO-A reward tho,225280,raw,,,5080.881485305332,,,,,,-0.01761533891549334,3474.4799468994142,-1.748075322806835,0.4945165212451469,0.0026641731325071304,0.0380859375,11.973716869654494,"reward tho, w_lane_offset 8"
update,ppo_v3,ppo_v3,PPO-A reward tho,226304,raw,,,5192.6725434631035,,,,,,-0.016460820846259595,2882.608653259277,-1.749103832244873,0.9232520667643606,0.008632904273690655,0.059375,11.667845841638677,"reward tho, w_lane_offset 8"
update,ppo_v3,ppo_v3,PPO-A reward tho,227328,raw,,,4670.102828812004,,,,,,-0.024036715365946294,33886.10786132813,-1.7492969796061515,0.5837322282344184,0.007442991342395544,0.0599609375,11.663922947109217,"reward tho, w_lane_offset 8"
update,ppo_v3,ppo_v3,PPO-A reward tho,228352,raw,,,4993.041803484801,,,,,,-0.015249489084817469,3444.2812423706055,-1.749525387585163,0.40085760096922973,0.012550429167458788,0.07138671875,11.843544706221008,"reward tho, w_lane_offset 8"
update,ppo_v3,ppo_v3,PPO-A reward tho,229376,raw,,,4947.830412836611,,,,,,-0.021109205204993486,5652.805253601075,-1.7501288220286368,0.7371014103110263,0.007433339097769931,0.04521484375,11.837330925970287,"reward tho, w_lane_offset 8"
update,ppo_v3,ppo_v3,PPO-A reward tho,230400,raw,,,4908.905151848807,,,,,,-0.014416322426404804,2235.2849838256834,-1.7502895265817642,0.880852389816557,0.012997153488686308,0.066015625,11.89996058353939,"reward tho, w_lane_offset 8"
update,ppo_v3,ppo_v3,PPO-A reward tho,231424,raw,,,4790.118265724028,,,,,,-0.019832191488239913,7747.793347167969,-1.7500786945223807,0.8579605019624686,0.012927259207936003,0.04873046875,11.819371353589537,"reward tho, w_lane_offset 8"
update,ppo_v3,ppo_v3,PPO-A reward tho,232448,raw,,,4851.584023586534,,,,,,-0.009873164887540042,2645.7829315185545,-1.7508855283260345,0.8156927500711789,0.0025188760133460163,0.0384765625,11.988811124441977,"reward tho, w_lane_offset 8"
update,ppo_v3,ppo_v3,PPO-A reward tho,233472,raw,,,5238.602463583499,,,,,,-0.016263068374246358,2742.0557235717774,-1.7521566137671472,0.7637707850046926,-0.00021306902053765952,0.0478515625,11.714983023128314,"reward tho, w_lane_offset 8"
update,ppo_v3,ppo_v3,PPO-A reward tho,234496,raw,,,4865.152578339915,,,,,,-0.023318042303435503,6163.710702514649,-1.7528421729803085,0.8777280858026496,0.00727156491484493,0.08388671875,11.830488669065565,"reward tho, w_lane_offset 8"
update,ppo_v3,ppo_v3,PPO-A reward tho,235520,raw,,,4884.98034059533,,,,,,-0.01282592595089227,15382.835302734375,-1.752742937207222,0.5495967699479707,0.00850927656283602,0.05595703125,11.904343737136385,"reward tho, w_lane_offset 8"
update,ppo_v3,ppo_v3,PPO-A reward tho,236544,raw,,,4395.52917420959,,,,,,-0.024974960135295987,7334.590588378906,-1.752752524614334,0.8856014023746294,0.017991797951981425,0.0751953125,11.625313126268608,"reward tho, w_lane_offset 8"
update,ppo_v3,ppo_v3,PPO-A reward tho,237568,raw,,,4648.146589596041,,,,,,-0.01617731248261407,8217.000207519532,-1.753060555458069,0.898571540032152,0.005459904501913115,0.044921875,11.694678997078258,"reward tho, w_lane_offset 8"
update,ppo_v3,ppo_v3,PPO-A reward tho,238592,raw,,,3794.53785884952,,,,,,-0.022288979741279035,8364.055360412598,-1.7528687492012978,0.864113686441384,0.013526618556352333,0.06923828125,11.62722638851581,"reward tho, w_lane_offset 8"
update,ppo_v3,ppo_v3,PPO-A reward tho,239616,raw,,,3106.162557530616,,,,,,-0.021482185274362565,5765.79748840332,-1.7532373249530793,0.9495591190309638,0.0069250926200766115,0.0587890625,11.720599082448848,"reward tho, w_lane_offset 8"
update,ppo_v3,ppo_v3,PPO-A reward tho,240640,raw,,,3087.6527951702183,,,,,,-0.01449281187960878,2160.4316528320314,-1.754485611617565,0.9115320666566168,0.007639680587453767,0.05703125,11.786707834341865,"reward tho, w_lane_offset 8"
update,ppo_v3,ppo_v3,PPO-A reward tho,241664,raw,,,3259.6374420516054,,,,,,-0.009278124431148171,20476.012921142577,-1.7557865902781487,0.25525890026193687,0.002679472928866744,0.03408203125,11.807491913139788,"reward tho, w_lane_offset 8"
update,ppo_v3,ppo_v3,PPO-A reward tho,242688,raw,,,3835.1068565313544,,,,,,-0.011973641015356407,4275.604086303711,-1.75581793487072,0.6161766732003887,0.008441752765793353,0.04775390625,11.876528742451216,"reward tho, w_lane_offset 8"
update,ppo_v3,ppo_v3,PPO-A reward tho,243712,raw,,,4382.402161218336,,,,,,-0.009146770322695374,2501.4445892333983,-1.7564789578318596,0.6687488534301396,0.010221395082771778,0.04091796875,11.860363701995917,"reward tho, w_lane_offset 8"
update,ppo_v3,ppo_v3,PPO-A reward tho,244736,raw,,,4229.764912494358,,,,,,-0.0153309955727309,13843.440509033204,-1.7573053166270256,0.7482207931411818,0.010402786469785496,0.05576171875,11.769034649269122,"reward tho, w_lane_offset 8"
update,ppo_v3,ppo_v3,PPO-A reward tho,245760,raw,,,4640.568635796295,,,,,,-0.011323350621387363,2644.2320877075194,-1.757388487458229,0.7606697418254134,0.0033373323385603726,0.03740234375,11.883800854380677,"reward tho, w_lane_offset 8"
update,ppo_v3,ppo_v3,PPO-A reward tho,246784,raw,,,4965.1139739286,,,,,,-0.02005336721194908,3563.439765930176,-1.7574623465538024,0.9215962658334962,0.008424115285743028,0.049609375,11.850370656342895,"reward tho, w_lane_offset 8"
update,ppo_v3,ppo_v3,PPO-A reward tho,247808,raw,,,5073.460796095025,,,,,,-0.022576638532336803,14519.620867919923,-1.757952506840229,0.8579536924084303,0.014647377759683878,0.11376953125,11.495569314228584,"reward tho, w_lane_offset 8"
update,ppo_v3,ppo_v3,PPO-A reward tho,248832,raw,,,4735.6227326586995,,,,,,-0.017952287732623518,7017.681524658203,-1.7583388835191727,0.751418487642677,0.005065606813877821,0.06943359375,11.80041333906901,"reward tho, w_lane_offset 8"
update,ppo_v3,ppo_v3,PPO-A reward tho,249856,raw,,,4304.00471650148,,,,,,-0.01756788488710299,15982.320599365234,-1.7590695172548294,0.7328900232631108,0.011158760049147532,0.0841796875,11.793778455230019,"reward tho, w_lane_offset 8"
update,ppo_v3,ppo_v3,PPO-A reward tho,250880,raw,,,3806.507532280399,,,,,,-0.015146257111337037,6899.728485107422,-1.7598026394844055,0.8224186529195415,0.0010000683192629366,0.053125,11.889989469513962,"reward tho, w_lane_offset 8"
update,ppo_v3,ppo_v3,PPO-A reward tho,251904,raw,,,2964.976880965392,,,,,,-0.017940901801921427,9516.2625,-1.7600117206573487,0.9344722376478548,0.017924252664670348,0.0541015625,15.835196315658942,"reward tho, w_lane_offset 8"
update,ppo_v3,ppo_v3,PPO-A reward tho,252928,raw,,,2727.532388720302,,,,,,-0.013263810670468956,9545.335830688477,-1.7600884854793548,0.7411278038152406,0.004701491032028571,0.075390625,11.873417688485016,"reward tho, w_lane_offset 8"
update,ppo_v3,ppo_v3,PPO-A reward tho,253952,raw,,,3402.496241437627,,,,,,-0.016010992671363057,4026.2900512695314,-1.7604106649756432,0.7511723504039246,0.008153581112856046,0.10380859375,11.828493177132728,"reward tho, w_lane_offset 8"
update,ppo_v3,ppo_v3,PPO-A reward tho,254976,raw,,,3435.879202112226,,,,,,-0.01936308741569519,9838.60902709961,-1.7613125666975975,0.8218923155867617,0.01657351661706343,0.08896484375,11.740036877827704,"reward tho, w_lane_offset 8"
update,ppo_v3,ppo_v3,PPO-A reward tho,256000,raw,,,3326.6762749960712,,,,,,-0.017142270132899283,5734.410256958008,-1.7622842371463776,0.6408005931105638,0.004489338648272678,0.06904296875,11.955402784664713,"reward tho, w_lane_offset 8"
update,ppo_v4,ppo_v4,PPO-B reward chuan hoa,1024,normalized,,,-48.0033524530814,,,,,,1.871958374977112e-08,121.04676246643066,-0.8949973583221436,0.0003965450016097938,-4.423782229423523e-09,0.0,15.155197482266043,"reward chuan hoa, xoay 4 ban do - MO HINH DUOC CHON"
update,ppo_v4,ppo_v4,PPO-B reward chuan hoa,2048,normalized,,,-35.3927486250058,,,,,,1.6565900295972825e-08,39.942183423042295,-0.8949973583221436,0.47062237321163913,1.6065314412117004e-08,0.0,16.493808747328238,"reward chuan hoa, xoay 4 ban do - MO HINH DUOC CHON"
update,ppo_v4,ppo_v4,PPO-B reward chuan hoa,3072,normalized,,,-24.087340623931844,,,,,,1.0710209608078003e-08,73.47956252098083,-0.8949973583221436,0.3393890950750599,-9.604264050722122e-09,0.0,16.280650437975574,"reward chuan hoa, xoay 4 ban do - MO HINH DUOC CHON"
update,ppo_v4,ppo_v4,PPO-B reward chuan hoa,4096,normalized,,,-15.111171146590769,,,,,,1.1373776942491532e-08,56.64583787918091,-0.8949973583221436,0.7633261178058734,1.0593794286251068e-08,0.0,16.38013103884253,"reward chuan hoa, xoay 4 ban do - MO HINH DUOC CHON"
update,ppo_v4,ppo_v4,PPO-B reward chuan hoa,5120,normalized,,,-30.62294268886987,,,,,,2.8870999813079835e-09,30.428602063655852,-0.8949973583221436,0.772445347504375,2.5029294192790985e-09,0.0,15.991305608005927,"reward chuan hoa, xoay 4 ban do - MO HINH DUOC CHON"
update,ppo_v4,ppo_v4,PPO-B reward chuan hoa,6144,normalized,,,-52.2279353534253,,,,,,1.2281816452741623e-08,76.84584255218506,-0.8949973583221436,0.6592067382412279,-2.5029294192790985e-09,0.0,16.42007613697468,"reward chuan hoa, xoay 4 ban do - MO HINH DUOC CHON"
update,ppo_v4,ppo_v4,PPO-B reward chuan hoa,7168,normalized,,,-71.62968171790844,,,,,,-2.1990854293107987e-08,54.79486455917358,-0.8949973583221436,0.7497648478711063,6.344635039567947e-09,0.0,16.414409461803913,"reward chuan hoa, xoay 4 ban do - MO HINH DUOC CHON"
update,ppo_v4,ppo_v4,PPO-B reward chuan hoa,8192,normalized,,,-56.61403141294069,,,,,,-5.3190160542726514e-08,43.129660511016844,-0.8949973583221436,0.7187017664529003,-5.122274160385132e-09,0.0,16.68831337812257,"reward chuan hoa, xoay 4 ban do - MO HINH DUOC CHON"
update,ppo_v4,ppo_v4,PPO-B reward chuan hoa,9216,normalized,,,-22.448777902829292,,,,,,7.171183824539185e-09,81.52309761047363,-0.8949973583221436,0.21992120482754973,1.4551915228366852e-09,0.0,15.792159102048423,"reward chuan hoa, xoay 4 ban do - MO HINH DUOC CHON"
update,ppo_v4,ppo_v4,PPO-B reward chuan hoa,10240,normalized,,,-14.683079119379164,,,,,,-3.841705620288849e-08,14.0925862967968,-0.8949973583221436,-0.3096846182768931,-1.4086253941059113e-08,0.0,17.047536319516844,"reward chuan hoa, xoay 4 ban do - MO HINH DUOC CHON"
update,ppo_v4,ppo_v4,PPO-B reward chuan hoa,11264,normalized,,,12.152667587179293,,,,,,-0.014394384250044823,15.503558045625686,-0.8953698202967644,0.0067229329909527236,0.007027503964491188,0.04365234375,12.920692555236705,"reward chuan hoa, xoay 4 ban do - MO HINH DUOC CHON"
update,ppo_v4,ppo_v4,PPO-B reward chuan hoa,12288,normalized,,,13.065225698271348,,,,,,-0.006288343347841873,9.692810100317,-0.8955662712454796,0.485000379448426,-0.0015623632643837482,0.01591796875,12.614394918141734,"reward chuan hoa, xoay 4 ban do - MO HINH DUOC CHON"
update,ppo_v4,ppo_v4,PPO-B reward chuan hoa,13312,normalized,,,36.17263878043899,,,,,,-0.013151185552123934,30.27327643632889,-0.8951284617185593,0.5376727353513706,0.005528570123715326,0.03955078125,11.93311999604801,"reward chuan hoa, xoay 4 ban do - MO HINH DUOC CHON"
update,ppo_v4,ppo_v4,PPO-B reward chuan hoa,14336,normalized,,,48.66900770871329,,,,,,-0.009846866433508693,11.611618727445602,-0.8950544402003289,0.32607288486147734,0.005175570800201967,0.0255859375,12.53842039479317,"reward chuan hoa, xoay 4 ban do - MO HINH DUOC CHON"
update,ppo_v4,ppo_v4,PPO-B reward chuan hoa,15360,normalized,,,50.584783330837226,,,,,,-0.02049129535444081,62.973563003540036,-0.8953064441680908,0.3108751159450086,0.011893664108356461,0.04658203125,11.703929403082492,"reward chuan hoa, xoay 4 ban do - MO HINH DUOC CHON"
update,ppo_v4,ppo_v4,PPO-B reward chuan hoa,16384,normalized,,,34.20050222226819,,,,,,-0.01758057647384703,65.71777622699737,-0.8949911281466484,0.13888501875817172,0.007846190565032884,0.0208984375,11.715823406286452,"reward chuan hoa, xoay 4 ban do - MO HINH DUOC CHON"
update,ppo_v4,ppo_v4,PPO-B reward chuan hoa,17408,normalized,,,38.833225475996,,,,,,-0.014558558352291584,27.93054039478302,-0.8953563377261162,-0.9502632464050313,0.007987929822411389,0.08076171875,11.851622549288962,"reward chuan hoa, xoay 4 ban do - MO HINH DUOC CHON"
update,ppo_v4,ppo_v4,PPO-B reward chuan hoa,18432,normalized,,,46.41921814644955,,,,,,-0.015031980577623472,53.663662457466124,-0.8960112690925598,0.12287109422643916,0.0028945915459189565,0.0521484375,11.934455991009704,"reward chuan hoa, xoay 4 ban do - MO HINH DUOC CHON"
update,ppo_v4,ppo_v4,PPO-B reward chuan hoa,19456,normalized,,,49.77421573252269,,,,,,-0.012211188138462604,25.476413249969482,-0.8971904084086418,0.2742299285917076,0.001418505801120773,0.03876953125,11.60045058167722,"reward chuan hoa, xoay 4 ban do - MO HINH DUOC CHON"
update,ppo_v4,ppo_v4,PPO-B reward chuan hoa,20480,normalized,,,48.34367454208492,,,,,,-0.021551573579199613,78.39010255336761,-0.8969832390546799,0.1553064624404743,0.00808185136411339,0.04775390625,11.882904803980143,"reward chuan hoa, xoay 4 ban do - MO HINH DUOC CHON"
update,ppo_v4,ppo_v4,PPO-B reward chuan hoa,21504,normalized,,,58.32127346035035,,,,,,-0.01951080613071099,118.13997063636779,-0.8965434297919274,0.4318530969595644,0.010284318559570238,0.06220703125,11.762393729489444,"reward chuan hoa, xoay 4 ban do - MO HINH DUOC CHON"
update,ppo_v4,ppo_v4,PPO-B reward chuan hoa,22528,normalized,,,76.07555265488882,,,,,,-0.012691575719509273,51.035410261154176,-0.8963200464844704,0.4748853935759304,0.014979761966969818,0.08115234375,11.46034548580545,"reward chuan hoa, xoay 4 ban do - MO HINH DUOC CHON"
update,ppo_v4,ppo_v4,PPO-B reward chuan hoa,23552,normalized,,,65.69006560350988,,,,,,-0.008984878100454808,84.41011719703674,-0.8962783142924309,0.6719100154176287,0.002275885792914778,0.0162109375,12.399132780440004,"reward chuan hoa, xoay 4 ban do - MO HINH DUOC CHON"
update,ppo_v4,ppo_v4,PPO-B reward chuan hoa,24576,normalized,,,25.786193965257137,,,,,,-0.010324467392638325,38.79755699634552,-0.896815812587738,0.8032495346182069,0.004266033135354519,0.044140625,12.391457352537447,"reward chuan hoa, xoay 4 ban do - MO HINH DUOC CHON"
update,ppo_v4,ppo_v4,PPO-B reward chuan hoa,25600,normalized,,,35.88987156110731,,,,,,-0.008926197187975049,41.42983703613281,-0.8972694605588913,0.8337712366401042,0.0061393281212076545,0.02294921875,12.566648020778974,"reward chuan hoa, xoay 4 ban do - MO HINH DUOC CHON"
update,ppo_v4,ppo_v4,PPO-B reward chuan hoa,26624,normalized,,,20.624405053313012,,,,,,-0.012313708127476276,41.93987081050873,-0.8974894046783447,0.6635973401012519,0.0027939807332586497,0.04140625,12.360330819996086,"reward chuan hoa, xoay 4 ban do - MO HINH DUOC CHON"
update,ppo_v4,ppo_v4,PPO-B reward chuan hoa,27648,normalized,,,18.57778508114941,,,,,,-0.0049474346451461315,20.423147475719453,-0.898236694931984,0.8671404684737847,0.0020207430119626225,0.013671875,12.625658286846159,"reward chuan hoa, xoay 4 ban do - MO HINH DUOC CHON"
update,ppo_v4,ppo_v4,PPO-B reward chuan hoa,28672,normalized,,,21.408732122521354,,,,,,-0.007638384075835347,28.973565816879272,-0.8988658532500267,0.8387968161446295,0.004545294784475118,0.02998046875,12.465723920662386,"reward chuan hoa, xoay 4 ban do - MO HINH DUOC CHON"
update,ppo_v4,ppo_v4,PPO-B reward chuan hoa,29696,normalized,,,29.652456935924015,,,,,,-0.012439069349784403,54.56482172012329,-0.8996431708335877,0.6800531683709021,0.005902772420085967,0.06826171875,12.455694571445646,"reward chuan hoa, xoay 4 ban do - MO HINH DUOC CHON"
update,ppo_v4,ppo_v4,PPO-B reward chuan hoa,30720,normalized,,,44.521409931563724,,,,,,-0.013831404177471996,45.38367929458618,-0.9006703928112983,0.7825076488996875,0.006812533212359995,0.06630859375,12.541937941919242,"reward chuan hoa, xoay 4 ban do - MO HINH DUOC CHON"
update,ppo_v4,ppo_v4,PPO-B reward chuan hoa,31744,normalized,,,34.21256321184037,,,,,,-0.00828298571286723,28.492474591732027,-0.9009762704372406,0.8260130313722289,0.0038888421724550424,0.02802734375,12.660036037015397,"reward chuan hoa, xoay 4 ban do - MO HINH DUOC CHON"
update,ppo_v4,ppo_v4,PPO-B reward chuan hoa,32768,normalized,,,40.72131018949446,,,,,,-0.008052440965548158,48.696609795093536,-0.9010987430810928,0.5635715413871856,0.0002727379323914647,0.02041015625,12.550361986608449,"reward chuan hoa, xoay 4 ban do - MO HINH DUOC CHON"
update,ppo_v4,ppo_v4,PPO-B reward chuan hoa,33792,normalized,,,57.939401550535464,,,,,,-0.006961465370841325,13.056758183240891,-0.9014830216765404,0.7732048721214505,0.005933832109440118,0.02685546875,12.540776179979886,"reward chuan hoa, xoay 4 ban do - MO HINH DUOC CHON"
update,ppo_v4,ppo_v4,PPO-B reward chuan hoa,34816,normalized,,,50.850455209746166,,,,,,-0.013435426657088101,42.92665736675262,-0.9014150232076645,0.7712741727139856,0.003014982270542532,0.0486328125,12.633835462157192,"reward chuan hoa, xoay 4 ban do - MO HINH DUOC CHON"
update,ppo_v4,ppo_v4,PPO-B reward chuan hoa,35840,normalized,,,65.33775556083434,,,,,,-0.008015803783200682,25.3164165019989,-0.9013730078935623,0.9101888196430235,0.004577546648215502,0.02294921875,12.533418765501379,"reward chuan hoa, xoay 4 ban do - MO HINH DUOC CHON"
update,ppo_v4,ppo_v4,PPO-B reward chuan hoa,36864,normalized,,,90.48907391823647,,,,,,-0.010573019529692829,60.69816093444824,-0.9016950383782387,0.45389529778594695,0.004191366740269586,0.02080078125,12.070290374727561,"reward chuan hoa, xoay 4 ban do - MO HINH DUOC CHON"
update,ppo_v4,ppo_v4,PPO-B reward chuan hoa,37888,normalized,,,85.31637897697485,,,,,,-0.013839882949832827,39.49751255512238,-0.9021200105547905,0.47033985984512205,0.005612093245144933,0.058203125,12.757011356579957,"reward chuan hoa, xoay 4 ban do - MO HINH DUOC CHON"
update,ppo_v4,ppo_v4,PPO-B reward chuan hoa,38912,normalized,,,64.37431214591885,,,,,,-0.018428163148928433,22.02210862636566,-0.9024276018142701,0.7427413121146769,0.006456421077018604,0.04990234375,12.523677719481048,"reward chuan hoa, xoay 4 ban do - MO HINH DUOC CHON"
update,ppo_v4,ppo_v4,PPO-B reward chuan hoa,39936,normalized,,,72.48756430967236,,,,,,-0.013953829428646713,11.045628827810287,-0.9023752182722091,0.5747159176563985,0.0007315609487704933,0.03056640625,12.966506871291115,"reward chuan hoa, xoay 4 ban do - MO HINH DUOC CHON"
update,ppo_v4,ppo_v4,PPO-B reward chuan hoa,40960,normalized,,,73.20614337297387,,,,,,-0.0156099904445,16.666645193099974,-0.902402500808239,0.4463066732853972,0.0013863005908206106,0.02900390625,12.573594757543342,"reward chuan hoa, xoay 4 ban do - MO HINH DUOC CHON"
update,ppo_v4,ppo_v4,PPO-B reward chuan hoa,41984,normalized,,,74.1914985878849,,,,,,-0.012823035719338804,11.185919484496116,-0.9027760654687882,0.3510627975821061,0.011921715881908313,0.04833984375,12.784765315941014,"reward chuan hoa, xoay 4 ban do - MO HINH DUOC CHON"
update,ppo_v4,ppo_v4,PPO-B reward chuan hoa,43008,normalized,,,58.18239025761981,,,,,,-0.010417635051999241,11.051849883794784,-0.9030212759971619,0.5033480945312231,0.0015718689595814795,0.03818359375,12.389582331768361,"reward chuan hoa, xoay 4 ban do - MO HINH DUOC CHON"
update,ppo_v4,ppo_v4,PPO-B reward chuan hoa,44032,normalized,,,86.51320064132686,,,,,,-0.016564847237896176,9.389720475673675,-0.9035923033952713,0.04960489872395146,0.005023279465967789,0.046484375,11.657999579635662,"reward chuan hoa, xoay 4 ban do - MO HINH DUOC CHON"
update,ppo_v4,ppo_v4,PPO-B reward chuan hoa,45056,normalized,,,99.66632779473026,,,,,,-0.016983683966100217,25.48460236787796,-0.9045077860355377,0.4354819530447225,0.015047985361889005,0.058203125,11.800786231789555,"reward chuan hoa, xoay 4 ban do - MO HINH DUOC CHON"
update,ppo_v4,ppo_v4,PPO-B reward chuan hoa,46080,normalized,,,95.8689896191165,,,,,,-0.009153682482428848,42.645665001869205,-0.9050135374069214,0.43534682887467135,0.00413723067031242,0.03447265625,11.472963465895447,"reward chuan hoa, xoay 4 ban do - MO HINH DUOC CHON"
update,ppo_v4,ppo_v4,PPO-B reward chuan hoa,47104,normalized,,,88.25609808680211,,,,,,-0.010461165918968618,45.2962833404541,-0.9054065227508545,0.5231741839623316,0.0030998078698758038,0.03896484375,11.614623197242274,"reward chuan hoa, xoay 4 ban do - MO HINH DUOC CHON"
update,ppo_v4,ppo_v4,PPO-B reward chuan hoa,48128,normalized,,,93.03780174218858,,,,,,-0.014592037606053054,57.715353393554686,-0.9056705564260483,0.5311572053956783,0.003293581207981333,0.03359375,11.82016829108573,"reward chuan hoa, xoay 4 ban do - MO HINH DUOC CHON"
update,ppo_v4,ppo_v4,PPO-B reward chuan hoa,49152,normalized,,,114.36386358658187,,,,,,-0.01700229444541037,68.21034696102143,-0.9063678681850433,0.04098620858824675,0.005069423152599483,0.06962890625,11.73264527223408,"reward chuan hoa, xoay 4 ban do - MO HINH DUOC CHON"
update,ppo_v4,ppo_v4,PPO-B reward chuan hoa,50176,normalized,,,123.09928201567088,,,,,,-0.016479229251854122,25.586097705364228,-0.9068595260381699,0.5303171302365317,0.004019852553028613,0.06220703125,11.751212499064547,"reward chuan hoa, xoay 4 ban do - MO HINH DUOC CHON"
update,ppo_v4,ppo_v4,PPO-B reward chuan hoa,51200,normalized,,,135.28552930569282,,,,,,-0.015677236870396884,8.690235361456871,-0.9084699228405952,0.1989183780076702,0.005205027398187667,0.0484375,11.762978553894635,"reward chuan hoa, xoay 4 ban do - MO HINH DUOC CHON"
update,ppo_v4,ppo_v4,PPO-B reward chuan hoa,52224,normalized,,,119.58584380979337,,,,,,-0.006705048284493387,7.567984035611152,-0.9098810479044914,0.39241258135381074,-0.0008669262228067964,0.0083984375,11.279406970013838,"reward chuan hoa, xoay 4 ban do - MO HINH DUOC CHON"
update,ppo_v4,ppo_v4,PPO-B reward chuan hoa,53248,normalized,,,124.85870115103538,,,,,,-0.006431133113801479,20.13961378335953,-0.9098835289478302,0.32384170056495665,0.003795245848596096,0.04609375,12.177338188367772,"reward chuan hoa, xoay 4 ban do - MO HINH DUOC CHON"
update,ppo_v4,ppo_v4,PPO-B reward chuan hoa,54272,normalized,,,149.17652676831182,,,,,,-0.0145527167012915,33.104228055477144,-0.9098059818148613,0.357968094572382,0.010142863972578197,0.05380859375,12.452580555740896,"reward chuan hoa, xoay 4 ban do - MO HINH DUOC CHON"
update,ppo_v4,ppo_v4,PPO-B reward chuan hoa,55296,normalized,,,168.17383560176705,,,,,,-0.013221895787864923,25.75227732658386,-0.9096030697226525,0.8001040006334936,0.004836189985508099,0.0451171875,12.459498947312271,"reward chuan hoa, xoay 4 ban do - MO HINH DUOC CHON"
update,ppo_v4,ppo_v4,PPO-B reward chuan hoa,56320,normalized,,,147.05421845133512,,,,,,-0.009694583201780915,30.684898257255554,-0.9098004147410392,0.7917349011422462,0.004892782506067306,0.01435546875,12.461081876523124,"reward chuan hoa, xoay 4 ban do - MO HINH DUOC CHON"
update,ppo_v4,ppo_v4,PPO-B reward chuan hoa,57344,normalized,,,115.9290215974041,,,,,,-0.010898091684794053,31.903963720798494,-0.9103902876377106,0.8570610261431384,-0.0008494686626363546,0.02412109375,12.260618475122852,"reward chuan hoa, xoay 4 ban do - MO HINH DUOC CHON"
update,ppo_v4,ppo_v4,PPO-B reward chuan hoa,58368,normalized,,,95.57647531602125,,,,,,-0.011226663342677056,56.4871527671814,-0.9114940896630287,0.4597066750725126,0.006151378178037703,0.04287109375,12.433951680340499,"reward chuan hoa, xoay 4 ban do - MO HINH DUOC CHON"
update,ppo_v4,ppo_v4,PPO-B reward chuan hoa,59392,normalized,,,100.40388188913244,,,,,,-0.008438283682335169,26.167661595344544,-0.9116523429751396,0.8450218559228557,0.007078126107808202,0.05166015625,12.406274707666947,"reward chuan hoa, xoay 4 ban do - MO HINH DUOC CHON"
update,ppo_v4,ppo_v4,PPO-B reward chuan hoa,60416,normalized,,,79.13894789667768,,,,,,-0.012403881782665849,27.876199460029603,-0.911194296181202,0.6759531926231158,0.003238161449553445,0.0224609375,12.236836726667235,"reward chuan hoa, xoay 4 ban do - MO HINH DUOC CHON"
update,ppo_v4,ppo_v4,PPO-B reward chuan hoa,61440,normalized,,,55.49695416676519,,,,,,-0.01368027157150209,37.895244002342224,-0.9108259305357933,0.7903328595511747,0.0065025885764043775,0.039453125,12.352997622223992,"reward chuan hoa, xoay 4 ban do - MO HINH DUOC CHON"
update,ppo_v4,ppo_v4,PPO-B reward chuan hoa,62464,normalized,,,76.58892100207345,,,,,,-0.0034460684575606136,5.325647668540478,-0.9109502509236336,-2.2702550181137955,0.0008877441112417727,0.009765625,12.479145383496487,"reward chuan hoa, xoay 4 ban do - MO HINH DUOC CHON"
update,ppo_v4,ppo_v4,PPO-B reward chuan hoa,63488,normalized,,,96.2693751667055,,,,,,-0.007662808464374393,14.343875390291213,-0.9115659609436989,0.6770864441721163,0.00027414668584242464,0.0125,12.40524349691244,"reward chuan hoa, xoay 4 ban do - MO HINH DUOC CHON"
update,ppo_v4,ppo_v4,PPO-B reward chuan hoa,64512,normalized,,,109.06727066443791,,,,,,-0.010888478509150446,13.095558261871338,-0.9115529954433441,0.8510947616769527,0.006140312500065193,0.0490234375,12.285226528473377,"reward chuan hoa, xoay 4 ban do - MO HINH DUOC CHON"
update,ppo_v4,ppo_v4,PPO-B reward chuan hoa,65536,normalized,,,103.83309606657785,,,,,,-0.01649809725349769,38.69946348667145,-0.9123119100928306,0.7105357828904932,0.008963612333172933,0.05830078125,12.332607932138266,"reward chuan hoa, xoay 4 ban do - MO HINH DUOC CHON"
update,ppo_v4,ppo_v4,PPO-B reward chuan hoa,66560,normalized,,,100.83596773721953,,,,,,-0.015422728331759571,60.45919435024261,-0.9135882139205933,0.7426540771375871,0.005841727869119495,0.06181640625,12.494820598508907,"reward chuan hoa, xoay 4 ban do - MO HINH DUOC CHON"
update,ppo_v4,ppo_v4,PPO-B reward chuan hoa,67584,normalized,,,121.52663828968873,,,,,,-0.015324731793953106,41.796112418174744,-0.9135992065072059,0.4208885463523834,0.008384833886520938,0.0798828125,12.319340715953102,"reward chuan hoa, xoay 4 ban do - MO HINH DUOC CHON"
update,ppo_v4,ppo_v4,PPO-B reward chuan hoa,68608,normalized,,,99.6779814775031,,,,,,-0.012410372425802053,47.98951889276505,-0.9135777726769447,0.7303605454926441,0.0003845072875265032,0.05107421875,12.482671721070203,"reward chuan hoa, xoay 4 ban do - MO HINH DUOC CHON"
update,ppo_v4,ppo_v4,PPO-B reward chuan hoa,69632,normalized,,,87.60231707001294,,,,,,-0.009549004561267792,30.422753512859344,-0.9141056329011917,0.4617275658090825,0.003022313740802929,0.04013671875,12.101949912857267,"reward chuan hoa, xoay 4 ban do - MO HINH DUOC CHON"
update,ppo_v4,ppo_v4,PPO-B reward chuan hoa,70656,normalized,,,65.2709553642938,,,,,,-0.020273379399441183,21.074757969379426,-0.9155601933598518,0.32792329513540897,0.006076700682751834,0.0326171875,12.682334929361971,"reward chuan hoa, xoay 4 ban do - MO HINH DUOC CHON"
update,ppo_v4,ppo_v4,PPO-B reward chuan hoa,71680,normalized,,,75.81752113628382,,,,,,-0.026289396244101225,17.331553888320922,-0.9168576702475548,0.6328037950264389,0.015282803517766296,0.0791015625,12.784706899908844,"reward chuan hoa, xoay 4 ban do - MO HINH DUOC CHON"
update,ppo_v4,ppo_v4,PPO-B reward chuan hoa,72704,normalized,,,77.70070410243582,,,,,,-0.014740091341082007,14.533486717939377,-0.917892798781395,0.6155373690811052,0.005545926676131785,0.06826171875,12.726208586712989,"reward chuan hoa, xoay 4 ban do - MO HINH DUOC CHON"
update,ppo_v4,ppo_v4,PPO-B reward chuan hoa,73728,normalized,,,68.71560044445874,,,,,,-0.009235462755896151,12.558987522125244,-0.9182174891233444,0.7709015469255445,0.004402854188811034,0.02861328125,12.790516636724867,"reward chuan hoa, xoay 4 ban do - MO HINH DUOC CHON"
update,ppo_v4,ppo_v4,PPO-B reward chuan hoa,74752,normalized,,,84.29978025412645,,,,,,-0.012492406088858843,17.956110686063766,-0.9187321171164513,0.773647298923748,0.001842210814356804,0.032421875,12.803755564768434,"reward chuan hoa, xoay 4 ban do - MO HINH DUOC CHON"
update,ppo_v4,ppo_v4,PPO-B reward chuan hoa,75776,normalized,,,74.02478431447568,,,,,,-0.01068558197002858,18.522550791502,-0.9187701106071472,0.37471840792526356,0.002846839977428317,0.03662109375,12.808212701640713,"reward chuan hoa, xoay 4 ban do - MO HINH DUOC CHON"
update,ppo_v4,ppo_v4,PPO-B reward chuan hoa,76800,normalized,,,54.082372686455,,,,,,-0.011930570658296346,12.92286565899849,-0.9186973989009857,0.25008873735510506,0.005272090603830293,0.0310546875,12.718867677999361,"reward chuan hoa, xoay 4 ban do - MO HINH DUOC CHON"
update,ppo_v4,ppo_v4,PPO-B reward chuan hoa,77824,normalized,,,59.48615287409184,,,,,,-0.02667018851498142,17.177136319875718,-0.9192109718918801,0.4775917856855847,0.011513450019992887,0.07744140625,11.57019643406794,"reward chuan hoa, xoay 4 ban do - MO HINH DUOC CHON"
update,ppo_v4,ppo_v4,PPO-B reward chuan hoa,78848,normalized,,,81.94277471593428,,,,,,-0.017857250384986402,32.45504646301269,-0.9204000785946846,0.2350520110678911,0.0030726589728146793,0.07841796875,11.640973931787775,"reward chuan hoa, xoay 4 ban do - MO HINH DUOC CHON"
update,ppo_v4,ppo_v4,PPO-B reward chuan hoa,79872,normalized,,,110.06009524391177,,,,,,-0.013508789101615548,12.649117904901505,-0.9215929493308067,-0.2760875799500371,0.005959806672763079,0.04033203125,11.7628223716738,"reward chuan hoa, xoay 4 ban do - MO HINH DUOC CHON"
update,ppo_v4,ppo_v4,PPO-B reward chuan hoa,80896,normalized,,,138.48458605849777,,,,,,-0.01138117743539624,6.537966383993625,-0.9230557397007942,0.3203894264364585,0.005149466928560287,0.03037109375,11.89124935262106,"reward chuan hoa, xoay 4 ban do - MO HINH DUOC CHON"
update,ppo_v4,ppo_v4,PPO-B reward chuan hoa,81920,normalized,,,150.51181282818632,,,,,,-0.0061378855141811075,4.20049674063921,-0.9234148412942886,0.7354753497741601,0.006104324664920569,0.0419921875,11.700995991186455,"reward chuan hoa, xoay 4 ban do - MO HINH DUOC CHON"
update,ppo_v4,ppo_v4,PPO-B reward chuan hoa,82944,normalized,,,148.553248680213,,,,,,-0.015451650077011436,40.4190179169178,-0.9239626884460449,0.3453210255438198,0.008003133384045213,0.034375,11.635297447361012,"reward chuan hoa, xoay 4 ban do - MO HINH DUOC CHON"
update,ppo_v4,ppo_v4,PPO-B reward chuan hoa,83968,normalized,,,184.2712292305391,,,,,,-0.015170286339707673,26.150266087055208,-0.9243885248899459,0.634673360817049,0.0055080931750126185,0.07900390625,11.82737575985857,"reward chuan hoa, xoay 4 ban do - MO HINH DUOC CHON"
update,ppo_v4,ppo_v4,PPO-B reward chuan hoa,84992,normalized,,,221.09085429249458,,,,,,-0.014049291220726446,43.840717506408694,-0.9244044169783592,0.15374323173084936,0.004626230947906151,0.03037109375,11.794737716964788,"reward chuan hoa, xoay 4 ban do - MO HINH DUOC CHON"
update,ppo_v4,ppo_v4,PPO-B reward chuan hoa,86016,normalized,,,255.5667364016736,,,,,,-0.013162069511599839,5.4483910039067265,-0.9248281881213188,0.7133470292540673,0.003000408492516726,0.04423828125,11.811213872937602,"reward chuan hoa, xoay 4 ban do - MO HINH DUOC CHON"
update,ppo_v4,ppo_v4,PPO-B reward chuan hoa,87040,normalized,,,275.75143267068006,,,,,,-0.012605544878169894,8.328903758525849,-0.9257781982421875,0.04935284298152409,0.007064970378996805,0.03251953125,11.756954144879911,"reward chuan hoa, xoay 4 ban do - MO HINH DUOC CHON"
update,ppo_v4,ppo_v4,PPO-B reward chuan hoa,88064,normalized,,,261.5055631083478,,,,,,-0.014889900712296367,44.710510993003844,-0.9259970471262932,0.23147189316200012,0.006515626772306859,0.0494140625,11.625812333430718,"reward chuan hoa, xoay 4 ban do - MO HINH DUOC CHON"
update,ppo_v4,ppo_v4,PPO-B reward chuan hoa,89088,normalized,,,251.0453176383009,,,,,,-0.01061965551925823,9.772900056838989,-0.9262658134102821,0.500492092411833,0.0004911469120997935,0.017578125,12.346269118641544,"reward chuan hoa, xoay 4 ban do - MO HINH DUOC CHON"
update,ppo_v4,ppo_v4,PPO-B reward chuan hoa,90112,normalized,,,234.32297028314184,,,,,,-0.0182494780048728,42.76279031038284,-0.9268813699483871,0.5454572902475178,0.00675229542539455,0.04580078125,12.292397029862942,"reward chuan hoa, xoay 4 ban do - MO HINH DUOC CHON"
update,ppo_v4,ppo_v4,PPO-B reward chuan hoa,91136,normalized,,,248.53672925824918,,,,,,-0.009842669032514096,14.20345093011856,-0.9271872118115425,0.1951716249659523,0.0031073903664946556,0.028515625,12.36242878287315,"reward chuan hoa, xoay 4 ban do - MO HINH DUOC CHON"
update,ppo_v4,ppo_v4,PPO-B reward chuan hoa,92160,normalized,,,231.4489946074047,,,,,,-0.013893280504271388,19.556171065568925,-0.9276098102331162,0.5972658644108018,0.002616997848963365,0.039453125,12.314094169826362,"reward chuan hoa, xoay 4 ban do - MO HINH DUOC CHON"
update,ppo_v4,ppo_v4,PPO-B reward chuan hoa,93184,normalized,,,200.39521235242663,,,,,,-0.01289254262810573,62.46790590286255,-0.9278592258691788,0.6217006685970903,0.00043029291555285454,0.02353515625,12.311754304221362,"reward chuan hoa, xoay 4 ban do - MO HINH DUOC CHON"
update,ppo_v4,ppo_v4,PPO-B reward chuan hoa,94208,normalized,,,188.80957420103104,,,,,,-0.004914052505046129,13.272075337171554,-0.9281367614865303,0.8796470570928665,-0.0003033157379832119,0.02529296875,12.39899719033986,"reward chuan hoa, xoay 4 ban do - MO HINH DUOC CHON"
update,ppo_v4,ppo_v4,PPO-B reward chuan hoa,95232,normalized,,,187.40761462658298,,,,,,-0.01198859823634848,9.895204359292984,-0.9296694278717041,0.47654215020186763,0.006736933888169006,0.05166015625,12.351161109145359,"reward chuan hoa, xoay 4 ban do - MO HINH DUOC CHON"
update,ppo_v4,ppo_v4,PPO-B reward chuan hoa,96256,normalized,,,219.63175677561054,,,,,,-0.009239938197424635,4.393785700201988,-0.9317253068089485,0.6889822503713372,0.003411652066279203,0.027734375,12.441130183233723,"reward chuan hoa, xoay 4 ban do - MO HINH DUOC CHON"
update,ppo_v4,ppo_v4,PPO-B reward chuan hoa,97280,normalized,,,232.26372883656526,,,,,,-0.01334423025837168,9.064511388540268,-0.9314548686146736,0.41756210376368985,0.005379563692258671,0.03681640625,12.325870027730204,"reward chuan hoa, xoay 4 ban do - MO HINH DUOC CHON"
update,ppo_v4,ppo_v4,PPO-B reward chuan hoa,98304,normalized,,,238.099806950555,,,,,,-0.016445912490598857,28.358875918388367,-0.9313150405883789,0.4152179529317013,0.006935398769564926,0.05234375,12.113955570078248,"reward chuan hoa, xoay 4 ban do - MO HINH DUOC CHON"
update,ppo_v4,ppo_v4,PPO-B reward chuan hoa,99328,normalized,,,228.57279167965007,,,,,,-0.011040309793315828,43.61127862930298,-0.9313919961452484,0.6531382215473619,0.0036674124596174805,0.0279296875,11.655356690077106,"reward chuan hoa, xoay 4 ban do - MO HINH DUOC CHON"
update,ppo_v4,ppo_v4,PPO-B reward chuan hoa,100352,normalized,,,234.89326612314812,,,,,,-0.0067650416283868255,9.16936690211296,-0.9315115928649902,0.7479053014276675,0.002259442606009543,0.02880859375,11.968841404710485,"reward chuan hoa, xoay 4 ban do - MO HINH DUOC CHON"
update,ppo_v4,ppo_v4,PPO-B reward chuan hoa,101376,normalized,,,251.11261398354446,,,,,,-0.01137158488854766,12.449259579181671,-0.9318197816610336,0.642597375019104,0.0018238158721942455,0.03916015625,12.00559878304398,"reward chuan hoa, xoay 4 ban do - MO HINH DUOC CHON"
update,ppo_v4,ppo_v4,PPO-B reward chuan hoa,102400,normalized,,,267.63353987840145,,,,,,-0.01146107924869284,36.36211847066879,-0.9324350669980049,0.6506099811990328,-0.00010900456691160798,0.03828125,12.335814752345748,"reward chuan hoa, xoay 4 ban do - MO HINH DUOC CHON"
update,ppo_v4,ppo_v4,PPO-B reward chuan hoa,103424,normalized,,,242.04177183072247,,,,,,-0.01097998401382938,29.537406659126283,-0.9326520159840583,0.7238386927640879,0.003382777509978041,0.0140625,12.384700682991598,"reward chuan hoa, xoay 4 ban do - MO HINH DUOC CHON"
update,ppo_v4,ppo_v4,PPO-B reward chuan hoa,104448,normalized,,,233.81468373849674,,,,,,-0.013332502671983094,6.921338564157486,-0.9326268568634987,0.33310329300812513,0.01015473180450499,0.07373046875,12.474465151927058,"reward chuan hoa, xoay 4 ban do - MO HINH DUOC CHON"
update,ppo_v4,ppo_v4,PPO-B reward chuan hoa,105472,normalized,,,223.03879537778522,,,,,,-0.012100618291879073,75.90758609771729,-0.933117538690567,0.08129414025785575,0.0011038687487598508,0.04033203125,12.490390893176478,"reward chuan hoa, xoay 4 ban do - MO HINH DUOC CHON"
update,ppo_v4,ppo_v4,PPO-B reward chuan hoa,106496,normalized,,,208.4818476944459,,,,,,-0.007186107849702239,13.53901851773262,-0.9333751901984215,0.8502067554654884,0.00040514462743885816,0.0486328125,12.625772045014985,"reward chuan hoa, xoay 4 ban do - MO HINH DUOC CHON"
update,ppo_v4,ppo_v4,PPO-B reward chuan hoa,107520,normalized,,,222.00655410931208,,,,,,-0.007263186317868531,13.327103728055954,-0.933928145468235,0.6126627651668326,0.0061919470084831115,0.05341796875,12.467326490794457,"reward chuan hoa, xoay 4 ban do - MO HINH DUOC CHON"
update,ppo_v4,ppo_v4,PPO-B reward chuan hoa,108544,normalized,,,218.33578209247838,,,,,,-0.01213017248082906,37.547596502304074,-0.9342995986342431,0.5787274261908093,0.009510703844716773,0.05224609375,12.342751561503592,"reward chuan hoa, xoay 4 ban do - MO HINH DUOC CHON"
update,ppo_v4,ppo_v4,PPO-B reward chuan hoa,109568,normalized,,,203.13900604178116,,,,,,-0.0191964715719223,15.285451900959014,-0.9346118584275246,0.679077066358735,0.008788068569265306,0.05380859375,12.204526195103655,"reward chuan hoa, xoay 4 ban do - MO HINH DUOC CHON"
update,ppo_v4,ppo_v4,PPO-B reward chuan hoa,110592,normalized,,,185.68091701093218,,,,,,-0.02359692011959851,18.571977594494818,-0.9352276518940925,0.7004376873538785,0.016465212433831766,0.08203125,12.721835612715608,"reward chuan hoa, xoay 4 ban do - MO HINH DUOC CHON"
update,ppo_v4,ppo_v4,PPO-B reward chuan hoa,111616,normalized,,,144.88555483235078,,,,,,-0.015854065807070584,18.749549001455307,-0.9354580029845238,0.6386152165738191,0.0035913535684812814,0.02734375,12.63636167503131,"reward chuan hoa, xoay 4 ban do - MO HINH DUOC CHON"
update,ppo_v4,ppo_v4,PPO-B reward chuan hoa,112640,normalized,,,124.14995124906304,,,,,,-0.022297176136635243,18.70156936645508,-0.9355393409729004,0.530024938314656,0.004925966297741979,0.0552734375,12.836386482887425,"reward chuan hoa, xoay 4 ban do - MO HINH DUOC CHON"
update,ppo_v4,ppo_v4,PPO-B reward chuan hoa,113664,normalized,,,97.4146036205909,,,,,,-0.016787169547751547,16.638237923383713,-0.9356253758072853,0.7170115277018658,0.013313683186424896,0.05673828125,12.809264245797499,"reward chuan hoa, xoay 4 ban do - MO HINH DUOC CHON"
update,ppo_v4,ppo_v4,PPO-B reward chuan hoa,114688,normalized,,,77.98692773981443,,,,,,-0.017952556267846375,18.06168364882469,-0.9359527006745338,0.6677675124315459,0.00442913924343884,0.04130859375,12.79210448263058,"reward chuan hoa, xoay 4 ban do - MO HINH DUOC CHON"
update,ppo_v4,ppo_v4,PPO-B reward chuan hoa,115712,normalized,,,86.75468714829185,,,,,,-0.012871815310791134,17.144882571697234,-0.9362452104687691,0.4343008387474465,0.006455772073240951,0.0501953125,12.699279741633596,"reward chuan hoa, xoay 4 ban do - MO HINH DUOC CHON"
update,ppo_v4,ppo_v4,PPO-B reward chuan hoa,116736,normalized,,,109.41181422528567,,,,,,-0.019983201310969888,36.18579100370407,-0.9362518414855003,0.4378810689611339,0.011290380533318966,0.06533203125,11.689993491876582,"reward chuan hoa, xoay 4 ban do - MO HINH DUOC CHON"
update,ppo_v4,ppo_v4,PPO-B reward chuan hoa,117760,normalized,,,123.81150292172586,,,,,,-0.01564499639207497,27.5093945145607,-0.9370165720582009,0.16671701190483024,0.008266414765967057,0.03876953125,12.0199973979516,"reward chuan hoa, xoay 4 ban do - MO HINH DUOC CHON"
update,ppo_v4,ppo_v4,PPO-B reward chuan hoa,118784,normalized,,,154.81241346199388,,,,,,-0.01182634667493403,8.36564049422741,-0.9379185289144516,0.09089604616621472,0.005130771268159151,0.029296875,11.831381198878661,"reward chuan hoa, xoay 4 ban do - MO HINH DUOC CHON"
update,ppo_v4,ppo_v4,PPO-B reward chuan hoa,119808,normalized,,,185.13432288933305,,,,,,-0.01152696912176907,24.944562250375746,-0.9378816172480583,0.2352466264105464,-0.003154707030626014,0.0431640625,11.509536935217328,"reward chuan hoa, xoay 4 ban do - MO HINH DUOC CHON"
update,ppo_v4,ppo_v4,PPO-B reward chuan hoa,120832,normalized,,,197.68409553167643,,,,,,-0.01672247888054699,19.939800542593,-0.9375001057982445,-0.052471556325498714,0.00395124995848164,0.0759765625,12.015066028409937,"reward chuan hoa, xoay 4 ban do - MO HINH DUOC CHON"
update,ppo_v4,ppo_v4,PPO-B reward chuan hoa,121856,normalized,,,226.57884511020907,,,,,,-0.005351173493545502,7.0294446557760235,-0.9369793996214867,0.26853722428695037,0.0007495366618968547,0.01025390625,11.905071293251533,"reward chuan hoa, xoay 4 ban do - MO HINH DUOC CHON"
update,ppo_v4,ppo_v4,PPO-B reward chuan hoa,122880,normalized,,,241.9078499921794,,,,,,-0.011550666694529355,14.531265941262244,-0.9368755236268044,0.2895173732588714,0.005013048113323748,0.0361328125,11.971582140860136,"reward chuan hoa, xoay 4 ban do - MO HINH DUOC CHON"
update,ppo_v4,ppo_v4,PPO-B reward chuan hoa,123904,normalized,,,247.82589024388022,,,,,,-0.01668124571442604,29.866513639688492,-0.936657939851284,0.7724410257060124,0.005387897201580926,0.046484375,11.546254248852293,"reward chuan hoa, xoay 4 ban do - MO HINH DUOC CHON"
update,ppo_v4,ppo_v4,PPO-B reward chuan hoa,124928,normalized,,,249.54391111993883,,,,,,-0.013494718208676204,22.41623537540436,-0.9369333922863007,0.8425088639536094,0.008470325323287398,0.034765625,11.803815476228658,"reward chuan hoa, xoay 4 ban do - MO HINH DUOC CHON"
update,ppo_v4,ppo_v4,PPO-B reward chuan hoa,125952,normalized,,,230.402692933979,,,,,,-0.014518487162422388,35.80350524187088,-0.9367337420582771,0.6007943610161114,0.007747299957554787,0.0501953125,11.415401388250425,"reward chuan hoa, xoay 4 ban do - MO HINH DUOC CHON"
update,ppo_v4,ppo_v4,PPO-B reward chuan hoa,126976,normalized,,,220.98956871093483,,,,,,-0.011473758157808333,20.55148113965988,-0.9364225536584854,0.6517332483307241,0.002970516530331224,0.0435546875,12.488278000128972,"reward chuan hoa, xoay 4 ban do - MO HINH DUOC CHON"
update,ppo_v4,ppo_v4,PPO-B reward chuan hoa,128000,normalized,,,222.70503274768447,,,,,,-0.017136127746198326,9.642834970355034,-0.936991436779499,0.2634052593190348,0.0072115403658244755,0.0869140625,12.412606481322316,"reward chuan hoa, xoay 4 ban do - MO HINH DUOC CHON"
update,ppo_v4,ppo_v4,PPO-B reward chuan hoa,129024,normalized,,,237.02923620947362,,,,,,-0.011713179759681225,5.648912936449051,-0.9391939133405686,0.5760440925741124,0.007833598158322274,0.03232421875,12.473295606288099,"reward chuan hoa, xoay 4 ban do - MO HINH DUOC CHON"
update,ppo_v4,ppo_v4,PPO-B reward chuan hoa,130048,normalized,,,236.86757958608595,,,,,,-0.01469908591825515,4.584065417945385,-0.9409563779830933,0.5028048581450362,0.003457899973727763,0.08310546875,12.375750540958403,"reward chuan hoa, xoay 4 ban do - MO HINH DUOC CHON"
update,ppo_v4,ppo_v4,PPO-B reward chuan hoa,131072,normalized,,,261.5708972598618,,,,,,-0.01904785328079015,3.7222267925739287,-0.9426547333598136,0.3927547206545414,0.00547561323037371,0.10888671875,12.58158604335681,"reward chuan hoa, xoay 4 ban do - MO HINH DUOC CHON"
update,ppo_v4,ppo_v4,PPO-B reward chuan hoa,132096,normalized,,,241.94325241140865,,,,,,-0.019216932298149914,27.193354922533036,-0.9438075825572014,0.26929892780843445,0.006689219491090625,0.058984375,12.563531905469699,"reward chuan hoa, xoay 4 ban do - MO HINH DUOC CHON"
update,ppo_v4,ppo_v4,PPO-B reward chuan hoa,133120,normalized,,,272.9940790228303,,,,,,-0.018424184108152986,16.144563829898836,-0.9431676149368287,0.26536282083642204,0.0069619798741769046,0.0705078125,12.55848488840188,"reward chuan hoa, xoay 4 ban do - MO HINH DUOC CHON"
update,ppo_v4,ppo_v4,PPO-B reward chuan hoa,134144,normalized,,,294.85166719738254,,,,,,-0.015307192225009203,10.812716037034988,-0.9438381761312484,0.4761459252165309,0.007360912364674732,0.05361328125,12.641798819872177,"reward chuan hoa, xoay 4 ban do - MO HINH DUOC CHON"
update,ppo_v4,ppo_v4,PPO-B reward chuan hoa,135168,normalized,,,289.8319092722225,,,,,,-0.009044563816860317,10.37401891052723,-0.9438373535871506,0.7051097210228331,0.0012700362887699157,0.03193359375,12.63322954877299,"reward chuan hoa, xoay 4 ban do - MO HINH DUOC CHON"
update,ppo_v4,ppo_v4,PPO-B reward chuan hoa,136192,normalized,,,301.84561839760397,,,,,,-0.01570917967474088,5.654524487257004,-0.9439496368169784,0.5276308088639443,0.0089589677460026,0.09765625,12.661306146219484,"reward chuan hoa, xoay 4 ban do - MO HINH DUOC CHON"
update,ppo_v4,ppo_v4,PPO-B reward chuan hoa,137216,normalized,,,302.49521161906006,,,,,,-0.00972882421920076,2.3849352836608886,-0.945214657485485,0.6496372103639309,0.0019655575742945075,0.02685546875,12.323292915905286,"reward chuan hoa, xoay 4 ban do - MO HINH DUOC CHON"
update,ppo_v4,ppo_v4,PPO-B reward chuan hoa,138240,normalized,,,296.67724013901596,,,,,,-0.006999718444421888,6.4556686416268345,-0.9467904984951019,0.6875831150558476,0.0035952870442997665,0.01806640625,12.813885553134437,"reward chuan hoa, xoay 4 ban do - MO HINH DUOC CHON"
update,ppo_v4,ppo_v4,PPO-B reward chuan hoa,139264,normalized,,,295.8761013523766,,,,,,-0.019333586539141835,3.562969332933426,-0.9471017450094223,0.5261900489939315,0.00801713324035518,0.0681640625,12.787007639183255,"reward chuan hoa, xoay 4 ban do - MO HINH DUOC CHON"
update,ppo_v4,ppo_v4,PPO-B reward chuan hoa,140288,normalized,,,293.6183737197508,,,,,,-0.012973587983287871,2.550637313723564,-0.9481659576296806,0.7629305452026461,0.0006712091504596174,0.03515625,12.789146250423348,"reward chuan hoa, xoay 4 ban do - MO HINH DUOC CHON"
update,ppo_v4,ppo_v4,PPO-B reward chuan hoa,141312,normalized,,,299.15148744900625,,,,,,-0.019055716553702952,60.352570390701295,-0.949019156396389,0.3878363741777746,0.01705474242917262,0.07216796875,12.857349462401837,"reward chuan hoa, xoay 4 ban do - MO HINH DUOC CHON"
update,ppo_v4,ppo_v4,PPO-B reward chuan hoa,142336,normalized,,,299.53857959939313,,,,,,-0.01574822743423283,25.886818647384644,-0.9489959433674813,-0.8010221594504681,0.0059191513748373835,0.0544921875,12.75413689816322,"reward chuan hoa, xoay 4 ban do - MO HINH DUOC CHON"
update,ppo_v4,ppo_v4,PPO-B reward chuan hoa,143360,normalized,,,300.232979545489,,,,,,-0.01400723543483764,13.229726094007493,-0.9497017994523048,0.2320130142811896,0.0019136843096930535,0.0349609375,12.837286991285042,"reward chuan hoa, xoay 4 ban do - MO HINH DUOC CHON"
update,ppo_v4,ppo_v4,PPO-B reward chuan hoa,144384,normalized,,,313.6465373162163,,,,,,-0.013817867345642299,7.213249731063843,-0.9510434776544571,0.2496505771663119,0.006056175584672019,0.061328125,12.764524330851643,"reward chuan hoa, xoay 4 ban do - MO HINH DUOC CHON"
update,ppo_v4,ppo_v4,PPO-B reward chuan hoa,145408,normalized,,,319.6466382165669,,,,,,-0.021423841826617718,30.52617301940918,-0.9521188095211983,0.5036638531204372,0.008552791719557718,0.0548828125,12.775876657659937,"reward chuan hoa, xoay 4 ban do - MO HINH DUOC CHON"
update,ppo_v4,ppo_v4,PPO-B reward chuan hoa,146432,normalized,,,318.0061412994936,,,,,,-0.010256396094337105,2.19757409915328,-0.9526365280151368,-1.6560381511120554,0.0029140740807633847,0.03544921875,12.774211797098515,"reward chuan hoa, xoay 4 ban do - MO HINH DUOC CHON"
update,ppo_v4,ppo_v4,PPO-B reward chuan hoa,147456,normalized,,,302.231029773818,,,,,,-0.012945495429448783,15.527318549156188,-0.9533293694257736,0.7500060686301019,0.010905905533581972,0.0994140625,12.723840562232255,"reward chuan hoa, xoay 4 ban do - MO HINH DUOC CHON"
update,ppo_v4,ppo_v4,PPO-B reward chuan hoa,148480,normalized,,,302.24346415643214,,,,,,-0.01563474806025624,12.115618616342545,-0.9531125769019126,-0.4846273830636625,0.01092478537466377,0.09677734375,12.775843252827398,"reward chuan hoa, xoay 4 ban do - MO HINH DUOC CHON"
update,ppo_v4,ppo_v4,PPO-B reward chuan hoa,149504,normalized,,,231.5219819198221,,,,,,-0.025190442544408144,47.17750732898712,-0.9537227183580399,0.37383112253756634,0.008169290609657764,0.06328125,12.482317212807951,"reward chuan hoa, xoay 4 ban do - MO HINH DUOC CHON"
update,ppo_v4,ppo_v4,PPO-B reward chuan hoa,150528,normalized,,,206.87830855517768,,,,,,-0.01755662034265697,33.729605382680894,-0.954413004219532,-0.08660170681498314,0.005429348023608327,0.05771484375,12.85996216471514,"reward chuan hoa, xoay 4 ban do - MO HINH DUOC CHON"
update,ppo_v4,ppo_v4,PPO-B reward chuan hoa,151552,normalized,,,199.34850758020917,,,,,,-0.01719841124722734,16.295807349681855,-0.9543716326355934,-0.2815019571638553,0.008874285785714165,0.0576171875,12.934409153904346,"reward chuan hoa, xoay 4 ban do - MO HINH DUOC CHON"
update,ppo_v4,ppo_v4,PPO-B reward chuan hoa,152576,normalized,,,161.49158416700217,,,,,,-0.01918446922209114,14.859349799156188,-0.9540884375572205,0.6789215310302098,0.008819864108227193,0.04853515625,13.021132926075882,"reward chuan hoa, xoay 4 ban do - MO HINH DUOC CHON"
update,ppo_v4,ppo_v4,PPO-B reward chuan hoa,153600,normalized,,,145.19222097462094,,,,,,-0.019168223126325757,16.119792526960374,-0.953547827899456,0.46555516971654354,0.002049484400777146,0.05126953125,12.970574425786184,"reward chuan hoa, xoay 4 ban do - MO HINH DUOC CHON"
update,ppo_v4,ppo_v4,PPO-B reward chuan hoa,154624,normalized,,,116.92824904224494,,,,,,-0.018269646307453515,11.533170318603515,-0.9532399639487267,0.21947753582399054,0.0056696490617468955,0.04140625,13.142857662193041,"reward chuan hoa, xoay 4 ban do - MO HINH DUOC CHON"
update,ppo_v4,ppo_v4,PPO-B reward chuan hoa,155648,normalized,,,127.8797441171973,,,,,,-0.019117111177183687,21.879250907897948,-0.9529024228453636,0.3705441865274145,0.004490823548985645,0.0552734375,12.546915841918793,"reward chuan hoa, xoay 4 ban do - MO HINH DUOC CHON"
update,ppo_v4,ppo_v4,PPO-B reward chuan hoa,156672,normalized,,,141.06262218538774,,,,,,-0.017881581583060323,14.532293602824211,-0.9529194250702858,0.05615399663309728,0.004434905486414209,0.04267578125,12.146165632472883,"reward chuan hoa, xoay 4 ban do - MO HINH DUOC CHON"
update,ppo_v4,ppo_v4,PPO-B reward chuan hoa,157696,normalized,,,146.10303446033396,,,,,,-0.02004044868517667,10.008437728881836,-0.9540207967162132,0.8795947673646021,0.002219886105740443,0.06357421875,11.888691218631353,"reward chuan hoa, xoay 4 ban do - MO HINH DUOC CHON"
update,ppo_v4,ppo_v4,PPO-B reward chuan hoa,158720,normalized,,,168.80967813157253,,,,,,-0.01592156197875738,2.8516470730304717,-0.95660952180624,0.6515771268750723,0.00622284936835058,0.06552734375,12.210741212106424,"reward chuan hoa, xoay 4 ban do - MO HINH DUOC CHON"
update,ppo_v4,ppo_v4,PPO-B reward chuan hoa,159744,normalized,,,191.36414105705086,,,,,,-0.018394521391019224,10.143921077251434,-0.9585588037967682,0.8709091769650057,0.011149943165946752,0.044140625,11.953944017046794,"reward chuan hoa, xoay 4 ban do - MO HINH DUOC CHON"
update,ppo_v4,ppo_v4,PPO-B reward chuan hoa,160768,normalized,,,191.29086315950354,,,,,,-0.016080332349520176,15.627439802885055,-0.959745979309082,0.8759139731322337,0.004572451679268852,0.0533203125,11.735815902922734,"reward chuan hoa, xoay 4 ban do - MO HINH DUOC CHON"
update,ppo_v4,ppo_v4,PPO-B reward chuan hoa,161792,normalized,,,200.59428680594925,,,,,,-0.019148019584827126,19.220268143713476,-0.9600967600941658,0.6881146643355543,0.01457953262142837,0.05908203125,12.026078953789133,"reward chuan hoa, xoay 4 ban do - MO HINH DUOC CHON"
update,ppo_v4,ppo_v4,PPO-B reward chuan hoa,162816,normalized,,,216.01251361981204,,,,,,-0.015583183025592006,20.115005522966385,-0.9610853746533394,0.47442857875746025,0.006287361116847023,0.044140625,11.814560037412086,"reward chuan hoa, xoay 4 ban do - MO HINH DUOC CHON"
update,ppo_v4,ppo_v4,PPO-B reward chuan hoa,163840,normalized,,,238.88637719949142,,,,,,-0.011812129919417203,3.167852337658405,-0.9620983496308326,0.8329273698815897,0.0019621234387159348,0.0365234375,11.908503049786695,"reward chuan hoa, xoay 4 ban do - MO HINH DUOC CHON"
update,ppo_v4,ppo_v4,PPO-B reward chuan hoa,164864,normalized,,,233.56304395433472,,,,,,-0.013574302243068815,18.65329152047634,-0.9628719925880432,0.2591017138250198,0.0037519157805945723,0.0263671875,12.025762027173082,"reward chuan hoa, xoay 4 ban do - MO HINH DUOC CHON"
update,ppo_v4,ppo_v4,PPO-B reward chuan hoa,165888,normalized,,,233.47537195650202,,,,,,-0.013680233852937818,20.467252561450003,-0.9632656618952751,0.33338204705709573,0.01163595191319473,0.079296875,12.050075501101507,"reward chuan hoa, xoay 4 ban do - MO HINH DUOC CHON"
update,ppo_v4,ppo_v4,PPO-B reward chuan hoa,166912,normalized,,,236.9770105853704,,,,,,-0.017507129278965295,19.477275854349138,-0.9638634726405144,-0.8751928254300381,0.0006059228908270597,0.0369140625,12.606033681676553,"reward chuan hoa, xoay 4 ban do - MO HINH DUOC CHON"
update,ppo_v4,ppo_v4,PPO-B reward chuan hoa,167936,normalized,,,234.67899019502883,,,,,,-0.014750767243094742,30.31719660758972,-0.9650777831673623,0.45029807176276504,0.0038330915849655867,0.03486328125,12.634208738191226,"reward chuan hoa, xoay 4 ban do - MO HINH DUOC CHON"
update,ppo_v4,ppo_v4,PPO-B reward chuan hoa,168960,normalized,,,270.0898122660306,,,,,,-0.015276978607289493,32.749517548084256,-0.9655686482787132,0.6137267084818543,0.009213252295739948,0.03818359375,12.580990032622301,"reward chuan hoa, xoay 4 ban do - MO HINH DUOC CHON"
update,ppo_v4,ppo_v4,PPO-B reward chuan hoa,169984,normalized,,,274.6060234075061,,,,,,-0.014176713163033127,26.452937245368958,-0.965435053408146,0.7406560389238757,0.00325413525570184,0.02001953125,12.515271029990375,"reward chuan hoa, xoay 4 ban do - MO HINH DUOC CHON"
update,ppo_v4,ppo_v4,PPO-B reward chuan hoa,171008,normalized,,,275.66602132532614,,,,,,-0.01765186304692179,14.204122459888458,-0.9660543709993362,-0.3482635460492951,0.003996638185344637,0.05947265625,12.309487297036862,"reward chuan hoa, xoay 4 ban do - MO HINH DUOC CHON"
update,ppo_v4,ppo_v4,PPO-B reward chuan hoa,172032,normalized,,,275.3519552470868,,,,,,-0.012038088613189757,4.727868512272835,-0.967715272307396,0.2238234404917867,0.0021100698446389287,0.03984375,12.344436273071173,"reward chuan hoa, xoay 4 ban do - MO HINH DUOC CHON"
update,ppo_v4,ppo_v4,PPO-B reward chuan hoa,173056,normalized,,,293.79457127420994,,,,,,-0.015561621973756701,6.110596567392349,-0.9689165651798248,0.1544930156836336,0.00969053726294078,0.0505859375,12.443960705329296,"reward chuan hoa, xoay 4 ban do - MO HINH DUOC CHON"
update,ppo_v4,ppo_v4,PPO-B reward chuan hoa,174080,normalized,,,313.73732964795414,,,,,,-0.011338667978998273,1.9515570059418679,-0.9696068376302719,0.5060113294619898,-0.0009179237065836787,0.0224609375,12.471348082066719,"reward chuan hoa, xoay 4 ban do - MO HINH DUOC CHON"
update,ppo_v4,ppo_v4,PPO-B reward chuan hoa,175104,normalized,,,313.320430343855,,,,,,-0.012266971613280475,2.06064118295908,-0.9709686264395714,0.3891709213927963,0.005860085296444595,0.04521484375,12.426725439227763,"reward chuan hoa, xoay 4 ban do - MO HINH DUOC CHON"
update,ppo_v4,ppo_v4,PPO-B reward chuan hoa,176128,normalized,,,313.779099965294,,,,,,-0.011307987035252154,1.1852072030305862,-0.9718495339155198,0.42285291105189626,0.0021184717712458222,0.02529296875,12.437489003995951,"reward chuan hoa, xoay 4 ban do - MO HINH DUOC CHON"
update,ppo_v4,ppo_v4,PPO-B reward chuan hoa,177152,normalized,,,336.1285749556584,,,,,,-0.017489350540563463,2.9306797087192535,-0.9730278983712196,0.6154201331436935,0.010239435831317678,0.03876953125,12.441121209796236,"reward chuan hoa, xoay 4 ban do - MO HINH DUOC CHON"
update,ppo_v4,ppo_v4,PPO-B reward chuan hoa,178176,normalized,,,352.7170547226557,,,,,,-0.016101316397543995,1.5968083716928958,-0.9743179172277451,0.5808330222156035,-0.00017077033407986164,0.0333984375,12.786278914908872,"reward chuan hoa, xoay 4 ban do - MO HINH DUOC CHON"
update,ppo_v4,ppo_v4,PPO-B reward chuan hoa,179200,normalized,,,350.5907104123531,,,,,,-0.013504718663170934,1.443309263139963,-0.9752462074160576,0.6409467235566038,-0.0009595276846084744,0.03515625,12.619627252685993,"reward chuan hoa, xoay 4 ban do - MO HINH DUOC CHON"
update,ppo_v4,ppo_v4,PPO-B reward chuan hoa,180224,normalized,,,372.7518332225519,,,,,,-0.01469044927507639,1.4372135706245899,-0.9763174504041672,0.42889386991781697,0.006744422495830804,0.0365234375,12.516140322580373,"reward chuan hoa, xoay 4 ban do - MO HINH DUOC CHON"
update,ppo_v4,ppo_v4,PPO-B reward chuan hoa,181248,normalized,,,362.97185987091774,,,,,,-0.010828284150920808,73.41937514543534,-0.9764877423644066,0.06697323020137891,0.0048078513180371376,0.04443359375,12.783440601999333,"reward chuan hoa, xoay 4 ban do - MO HINH DUOC CHON"
update,ppo_v4,ppo_v4,PPO-B reward chuan hoa,182272,normalized,,,358.0387449950908,,,,,,-0.007665895321406424,9.061445868015289,-0.9764124423265457,0.4898025181430651,0.002287697186693549,0.01123046875,12.746031806609833,"reward chuan hoa, xoay 4 ban do - MO HINH DUOC CHON"
update,ppo_v4,ppo_v4,PPO-B reward chuan hoa,183296,normalized,,,357.19491231973353,,,,,,-0.01416808245703578,3.0108394801616667,-0.976395970582962,0.6563741136529322,0.005183997011044994,0.03251953125,12.785482373414284,"reward chuan hoa, xoay 4 ban do - MO HINH DUOC CHON"
update,ppo_v4,ppo_v4,PPO-B reward chuan hoa,184320,normalized,,,357.7781587478715,,,,,,-0.011880023020785302,1.8619991645216942,-0.9775101646780968,0.6542833697770869,5.930852494202554e-05,0.021875,12.783408603429864,"reward chuan hoa, xoay 4 ban do - MO HINH DUOC CHON"
update,ppo_v4,ppo_v4,PPO-B reward chuan hoa,185344,normalized,,,355.6702455600928,,,,,,-0.0163689068518579,1.6921900935471057,-0.9792958050966263,0.6229255286237366,0.008878234488656744,0.07216796875,12.749794180538782,"reward chuan hoa, xoay 4 ban do - MO HINH DUOC CHON"
update,ppo_v4,ppo_v4,PPO-B reward chuan hoa,186368,normalized,,,344.8227178341295,,,,,,-0.007067867938894778,10.246291482448578,-0.9794310182332993,0.652826004921379,0.005387794773560018,0.0353515625,12.762151393720298,"reward chuan hoa, xoay 4 ban do - MO HINH DUOC CHON"
update,ppo_v4,ppo_v4,PPO-B reward chuan hoa,187392,normalized,,,345.838920425656,,,,,,-0.010383153305156156,3.6772864758968353,-0.9793639346957207,0.6467196174904957,0.004360500921029598,0.04326171875,12.625275829470256,"reward chuan hoa, xoay 4 ban do - MO HINH DUOC CHON"
update,ppo_v4,ppo_v4,PPO-B reward chuan hoa,188416,normalized,,,327.357293366792,,,,,,-0.019269415037706496,42.207582861185074,-0.9795119732618331,0.40627556956407695,0.00909309423295781,0.081640625,12.751801668124124,"reward chuan hoa, xoay 4 ban do - MO HINH DUOC CHON"
update,ppo_v4,ppo_v4,PPO-B reward chuan hoa,189440,normalized,,,281.2581341212404,,,,,,-0.021153825090732426,34.42786991596222,-0.9795959413051605,0.0455347976424999,0.003129034233279526,0.06875,10.68803601328682,"reward chuan hoa, xoay 4 ban do - MO HINH DUOC CHON"
update,ppo_v4,ppo_v4,PPO-B reward chuan hoa,190464,normalized,,,242.23099607889776,,,,,,-0.018882223952095954,13.75017977654934,-0.9792421102523804,0.3625714774361426,0.003899476962396875,0.04765625,13.02905204958454,"reward chuan hoa, xoay 4 ban do - MO HINH DUOC CHON"
update,ppo_v4,ppo_v4,PPO-B reward chuan hoa,191488,normalized,,,167.99545222606216,,,,,,-0.024220285267801955,36.11288777589798,-0.9783595576882362,0.42120505415130294,0.014032057375879958,0.05986328125,12.907496046790033,"reward chuan hoa, xoay 4 ban do - MO HINH DUOC CHON"
update,ppo_v4,ppo_v4,PPO-B reward chuan hoa,192512,normalized,,,124.89540603385667,,,,,,-0.02359470509109087,17.448880490660667,-0.9782241120934486,0.6205629725208508,0.011375563516048714,0.06337890625,12.95998128872235,"reward chuan hoa, xoay 4 ban do - MO HINH DUOC CHON"
update,ppo_v4,ppo_v4,PPO-B reward chuan hoa,193536,normalized,,,72.03871150453266,,,,,,-0.030162313918117432,45.615540355443954,-0.9780782282352447,0.37262548176544796,0.02055221933987923,0.0701171875,12.746088394520099,"reward chuan hoa, xoay 4 ban do - MO HINH DUOC CHON"
update,ppo_v4,ppo_v4,PPO-B reward chuan hoa,194560,normalized,,,90.72626042896641,,,,,,-0.013789750123396515,36.81132838726044,-0.9778829053044319,0.25316216779511447,0.002580168697750196,0.0458984375,11.530357680351745,"reward chuan hoa, xoay 4 ban do - MO HINH DUOC CHON"
update,ppo_v4,ppo_v4,PPO-B reward chuan hoa,195584,normalized,,,84.7079852690135,,,,,,-0.012657284282613545,25.995933389663698,-0.9782255798578262,0.7216965476918438,0.008632557705277577,0.0376953125,11.50564624132093,"reward chuan hoa, xoay 4 ban do - MO HINH DUOC CHON"
update,ppo_v4,ppo_v4,PPO-B reward chuan hoa,196608,normalized,,,104.9324710663565,,,,,,-0.012232968281023205,56.01461048126221,-0.9786387339234353,0.7844723636900364,0.004068408586317673,0.0375,11.828377467984964,"reward chuan hoa, xoay 4 ban do - MO HINH DUOC CHON"
update,ppo_v4,ppo_v4,PPO-B reward chuan hoa,197632,normalized,,,120.46078490609307,,,,,,-0.019151552871335298,21.370934510231017,-0.9785830765962601,0.6154320507564919,0.01281437930301763,0.07529296875,11.694308353938935,"reward chuan hoa, xoay 4 ban do - MO HINH DUOC CHON"
update,ppo_v4,ppo_v4,PPO-B reward chuan hoa,198656,normalized,,,120.56107610489248,,,,,,-0.01839626389555633,37.80788108110428,-0.9783805191516877,0.6583021365331007,0.015902956819627435,0.10556640625,11.915437292582077,"reward chuan hoa, xoay 4 ban do - MO HINH DUOC CHON"
update,ppo_v4,ppo_v4,PPO-B reward chuan hoa,199680,normalized,,,160.58031545655933,,,,,,-0.012940117035759613,7.586684826016426,-0.9793873995542526,0.6235133360114815,0.009057248249882832,0.03564453125,11.599561914024392,"reward chuan hoa, xoay 4 ban do - MO HINH DUOC CHON"
update,ppo_v5,ppo_v5,PPO-B reward chuan hoa,200704,normalized,,,228.73221996255157,,,,,,2.451706677675247e-08,30.245876103639603,-0.9802109003067017,0.004448891800068466,6.868503987789154e-09,0.0,15.003717565256983,them junction_off_lane_factor
update,ppo_v5,ppo_v5,PPO-B reward chuan hoa,201728,normalized,,,312.4032583738756,,,,,,8.908100426197053e-08,4.752450974285603,-0.9802109003067017,0.20131862452491311,9.837094694375992e-09,0.0,15.985676843587063,them junction_off_lane_factor
update,ppo_v5,ppo_v5,PPO-B reward chuan hoa,202752,normalized,,,339.4423657559372,,,,,,2.0232982933521272e-08,7.235845023393631,-0.9802109003067017,0.7623805875410783,7.275957614183426e-09,0.0,16.032609029664023,them junction_off_lane_factor
update,ppo_v5,ppo_v5,PPO-B reward chuan hoa,203776,normalized,,,340.3665723605463,,,,,,6.945338100194931e-08,2.7226156815886497,-0.9802109003067017,0.4793338920482417,-8.440110832452774e-09,0.0,16.113167867709578,them junction_off_lane_factor
update,ppo_v5,ppo_v5,PPO-B reward chuan hoa,204800,normalized,,,350.61858809845324,,,,,,-1.130392774939537e-07,1.7888516522943974,-0.9802109003067017,0.5291967881641975,7.916241884231567e-09,0.0,16.280472765330693,them junction_off_lane_factor
update,ppo_v5,ppo_v5,PPO-B reward chuan hoa,205824,normalized,,,356.3747484643416,,,,,,-0.012367410969454795,1.7967721238732337,-0.9807082384824752,0.486933824795013,0.003484182356623933,0.02607421875,12.362610581263432,them junction_off_lane_factor
update,ppo_v5,ppo_v5,PPO-B reward chuan hoa,206848,normalized,,,361.3918163420076,,,,,,-0.016101021657232196,1.6721745982766152,-0.9820477038621902,0.5728871298486276,0.010325889551313593,0.1103515625,11.796156491272203,them junction_off_lane_factor
update,ppo_v5,ppo_v5,PPO-B reward chuan hoa,207872,normalized,,,364.65659045892505,,,,,,-0.012519584281835704,1.2933760512620212,-0.9839456841349602,0.582561826624858,0.006633157609030604,0.05693359375,11.702494813514257,them junction_off_lane_factor
update,ppo_v5,ppo_v5,PPO-B reward chuan hoa,208896,normalized,,,368.37356840504907,,,,,,-0.015473542909603566,2.263647869974375,-0.9848535567522049,0.6537313787115315,0.0065798449504654855,0.048828125,12.03355669269563,them junction_off_lane_factor
update,ppo_v5,ppo_v5,PPO-B reward chuan hoa,209920,normalized,,,370.92478230646094,,,,,,-0.0103374581085518,1.3366073828190566,-0.9855155915021896,0.7082580058373373,0.002047031157417223,0.0451171875,12.443315186080607,them junction_off_lane_factor
update,ppo_v5,ppo_v5,PPO-B reward chuan hoa,210944,normalized,,,386.35326285447394,,,,,,-0.009199330175761133,2.816527421027422,-0.9865625634789467,0.7207015602284126,0.009367483429377899,0.0462890625,12.468930088412066,them junction_off_lane_factor
update,ppo_v5,ppo_v5,PPO-B reward chuan hoa,211968,normalized,,,314.69335048284614,,,,,,-0.0216049501258466,97.27898936801486,-0.9866901304986742,0.1986354501722879,0.017744541672679286,0.0744357638888889,12.751428339335115,them junction_off_lane_factor
update,ppo_v5,ppo_v5,PPO-B reward chuan hoa,212992,normalized,,,313.03316366038746,,,,,,-0.01032243638765067,6.762086088955402,-0.9866697445511818,-0.9208560747331929,0.013937241001985966,0.072265625,12.399281224216715,them junction_off_lane_factor
update,ppo_v5,ppo_v5,PPO-B reward chuan hoa,214016,normalized,,,313.0231322816566,,,,,,-0.013504497369285672,1.2735042579472065,-0.9877616852521897,0.5091302238642146,0.0026402087765745818,0.05830078125,12.457807907023055,them junction_off_lane_factor
update,ppo_v5,ppo_v5,PPO-B reward chuan hoa,215040,normalized,,,310.6451602048544,,,,,,-0.015266160946339369,2.3058663085103035,-0.9885526940226554,0.6793184620580959,0.006561912328470499,0.039453125,12.231493696693082,them junction_off_lane_factor
update,ppo_v5,ppo_v5,PPO-B reward chuan hoa,216064,normalized,,,309.8766716156114,,,,,,-0.017439089808613063,2.1733347825706004,-0.989786259829998,0.4720270647954512,0.008590014447690919,0.07763671875,11.948248484154927,them junction_off_lane_factor
update,ppo_v5,ppo_v5,PPO-B reward chuan hoa,217088,normalized,,,307.43637920552635,,,,,,-0.014974094997160136,1.803898534178734,-0.9917026802897453,0.5585804109326475,0.00828588981530629,0.05068359375,12.496366776621759,them junction_off_lane_factor
update,ppo_v5,ppo_v5,PPO-B reward chuan hoa,218112,normalized,,,307.4038162123604,,,,,,-0.0130276849726215,2.5651874095201492,-0.9932840198278428,-0.0030821408826291474,0.009502486372366548,0.076171875,12.613286925873204,them junction_off_lane_factor
update,ppo_v5,ppo_v5,PPO-B reward chuan hoa,219136,normalized,,,305.45809321949133,,,,,,-0.01491340174106881,1.1219154361635446,-0.9944527953863144,0.5517348647255629,0.0006152673217002302,0.0396484375,12.735864697887644,them junction_off_lane_factor
update,ppo_v5,ppo_v5,PPO-B reward chuan hoa,220160,normalized,,,315.1964887214757,,,,,,-0.015474825364071876,1.8265263572335244,-0.9954050660133362,0.49316959275783434,0.00714214650215581,0.04931640625,12.784441161270443,them junction_off_lane_factor
update,ppo_v5,ppo_v5,PPO-B reward chuan hoa,221184,normalized,,,348.0286200760672,,,,,,-0.011440178623888641,40.59362171888351,-0.9955105975270271,0.4000256702750634,0.006082034739665687,0.0486328125,12.792485912364942,them junction_off_lane_factor
update,ppo_v5,ppo_v5,PPO-B reward chuan hoa,222208,normalized,,,348.03484050254576,,,,,,-0.011861022561788559,2.1677193894982336,-0.9957149446010589,-0.08407541211940939,0.005246574530610814,0.04619140625,12.631691781950211,them junction_off_lane_factor
update,ppo_v5,ppo_v5,PPO-B reward chuan hoa,223232,normalized,,,337.720837631558,,,,,,-0.011086165101733058,19.901891386508943,-0.9965358570218086,0.6408443808947476,-0.000953743577701971,0.04736328125,11.777521393002202,them junction_off_lane_factor
update,ppo_v5,ppo_v5,PPO-B reward chuan hoa,224256,normalized,,,256.3516034839787,,,,,,-0.022758178331423552,66.70344681739807,-0.9968562319874763,0.11095294534991618,0.00860875008511357,0.067578125,12.887169321006185,them junction_off_lane_factor
update,ppo_v5,ppo_v5,PPO-B reward chuan hoa,225280,normalized,,,152.5750949433395,,,,,,-0.022323887003585695,45.864730548858645,-0.997308999300003,0.5372300618491718,0.004114155296701938,0.0435546875,12.883164181048931,them junction_off_lane_factor
update,ppo_v5,ppo_v5,PPO-B reward chuan hoa,226304,normalized,,,137.4757904573078,,,,,,-0.01950139602413401,41.756210720539094,-0.9979947060346603,0.541497659958281,0.01065741443890147,0.0724609375,13.0292826788016,them junction_off_lane_factor
update,ppo_v5,ppo_v5,PPO-B reward chuan hoa,227328,normalized,,,94.05743374836624,,,,,,-0.016126760304905473,17.769727182388305,-0.9981105148792266,0.7544637465328927,0.007622493692906573,0.03486328125,13.128083901706516,them junction_off_lane_factor
update,ppo_v5,ppo_v5,PPO-B reward chuan hoa,228352,normalized,,,108.63416397677388,,,,,,-0.0214043949265033,43.51594839692116,-0.9982813015580178,0.49879274819487873,0.010683254944160581,0.05927734375,12.438262621715952,them junction_off_lane_factor
update,ppo_v5,ppo_v5,PPO-B reward chuan hoa,229376,normalized,,,115.6887992318643,,,,,,-0.017144857888342812,31.869020235538482,-0.9983891814947128,0.22565949907326222,0.013860461348667742,0.06650390625,11.91782327733046,them junction_off_lane_factor
update,ppo_v5,ppo_v5,PPO-B reward chuan hoa,230400,normalized,,,143.12062243972946,,,,,,-0.017425206187181175,20.84662866294384,-0.9986131578683853,0.678659118971269,0.006462634535273537,0.05869140625,11.658332228429895,them junction_off_lane_factor
update,ppo_v5,ppo_v5,PPO-B reward chuan hoa,231424,normalized,,,152.0263306380353,,,,,,-0.023106382787227632,19.561220836639404,-1.0001182094216348,0.8232653151881264,0.003582563914824277,0.06865234375,11.938356794004504,them junction_off_lane_factor
update,ppo_v5,ppo_v5,PPO-B reward chuan hoa,232448,normalized,,,178.50008933097862,,,,,,-0.012010807206388563,3.0867446452379226,-1.0014874160289764,0.7909384379391586,0.007252880348823964,0.0349609375,12.1280251538343,them junction_off_lane_factor
update,ppo_v5,ppo_v5,PPO-B reward chuan hoa,233472,normalized,,,212.88492255302413,,,,,,-0.013629771606065332,4.456027495861053,-1.0029972404241563,0.6415300646297816,0.006062493240460753,0.09189453125,12.011535065594458,them junction_off_lane_factor
update,ppo_v5,ppo_v5,PPO-B reward chuan hoa,234496,normalized,,,218.8865131613955,,,,,,-0.02044727314496413,8.514300164580344,-1.00473602861166,0.7053926279197412,0.016308998508611693,0.076171875,11.74484821641076,them junction_off_lane_factor
update,ppo_v5,ppo_v5,PPO-B reward chuan hoa,235520,normalized,,,246.27314075179783,,,,,,-0.01861869462300092,4.941889500617981,-1.0054022401571274,0.6071339471484498,0.013145808217814192,0.09853515625,11.655193294765901,them junction_off_lane_factor
update,ppo_v5,ppo_v5,PPO-B reward chuan hoa,236544,normalized,,,270.0901823726209,,,,,,-0.014905662601813674,1.6490712575614452,-1.0058050572872161,0.4517485403730781,0.007029246998718009,0.110546875,12.006306548527066,them junction_off_lane_factor
update,ppo_v5,ppo_v5,PPO-B reward chuan hoa,237568,normalized,,,287.9888646048992,,,,,,-0.011111597181297839,3.158565368503332,-1.0065169721841811,0.8256778655236927,0.003043435874860734,0.02646484375,11.936956591795346,them junction_off_lane_factor
update,ppo_v5,ppo_v5,PPO-B reward chuan hoa,238592,normalized,,,299.8062816943736,,,,,,-0.014201384712941944,2.395490013062954,-1.0074367091059684,0.8982481442265923,0.003683157271007076,0.05966796875,11.671247059580827,them junction_off_lane_factor
update,ppo_v5,ppo_v5,PPO-B reward chuan hoa,239616,normalized,,,297.99846703477186,,,,,,-0.014914450870128349,21.156537610292435,-1.008491003513336,0.5869634200425136,0.0011126642697490753,0.01962890625,11.497805515342005,them junction_off_lane_factor
update,ppo_v5,ppo_v5,PPO-B reward chuan hoa,240640,normalized,,,299.160894246141,,,,,,-0.016803204989992084,13.844022190570831,-1.00885920971632,0.31595619309268064,0.006444077362539246,0.0642578125,12.366868946704484,them junction_off_lane_factor
update,ppo_v5,ppo_v5,PPO-B reward chuan hoa,241664,normalized,,,297.66855239393806,,,,,,-0.006832714832853526,7.2355531513690945,-1.0091712549328804,0.5006289436457545,0.0018288129358552396,0.021875,12.365815437662002,them junction_off_lane_factor
update,ppo_v5,ppo_v5,PPO-B reward chuan hoa,242688,normalized,,,298.95586762678386,,,,,,-0.012383016664534808,4.816866509616375,-1.0102708891034127,0.24833866119406955,0.0011861105507705362,0.03583984375,12.498106889041274,them junction_off_lane_factor
update,ppo_v5,ppo_v5,PPO-B reward chuan hoa,243712,normalized,,,320.1837628507779,,,,,,-0.006888372590765357,6.17666528224945,-1.0118435367941856,0.712911798643961,0.003907730081118643,0.041015625,12.358681098788749,them junction_off_lane_factor
update,ppo_v5,ppo_v5,PPO-B reward chuan hoa,244736,normalized,,,317.7222048101445,,,,,,-0.008119899698067456,8.806371289491654,-1.0120476260781288,0.8509762471289729,0.002050307946046814,0.0564453125,12.35163945651671,them junction_off_lane_factor
update,ppo_v5,ppo_v5,PPO-B reward chuan hoa,245760,normalized,,,325.00455703737646,,,,,,-0.014700365369208157,2.720302252471447,-1.0129923403263092,-0.0501779229151329,0.006251084740506485,0.0642578125,12.536980494732575,them junction_off_lane_factor
update,ppo_v5,ppo_v5,PPO-B reward chuan hoa,246784,normalized,,,330.0127458894179,,,,,,-0.015389354794751852,1.6566282257437706,-1.01535424888134,0.1398619385745904,0.0097875896259211,0.10859375,12.446708002513182,them junction_off_lane_factor
update,ppo_v5,ppo_v5,PPO-B reward chuan hoa,247808,normalized,,,332.34739411155255,,,,,,-0.010768341831862926,1.6456507980823516,-1.017976339161396,0.4706710088270394,0.0042605146882124245,0.03310546875,12.431803969075398,them junction_off_lane_factor
update,ppo_v5,ppo_v5,PPO-B reward chuan hoa,248832,normalized,,,348.5629429315396,,,,,,-0.010791971033904701,1.162021180614829,-1.0203040421009064,0.5522626632065615,0.003096947557060048,0.04521484375,12.485210134198107,them junction_off_lane_factor
update,ppo_v5,ppo_v5,PPO-B reward chuan hoa,249856,normalized,,,358.63763494897086,,,,,,-0.004715607629623264,3.1506402917206286,-1.0210055887699128,0.6637550643977622,0.0008975235512480139,0.01923828125,12.468160939863688,them junction_off_lane_factor
update,ppo_v5,ppo_v5,PPO-B reward chuan hoa,250880,normalized,,,376.64067134669847,,,,,,-0.014273867104202509,0.9848919387906789,-1.0220023900270463,0.27889991714832363,0.003517470305087045,0.04189453125,12.400754400080297,them junction_off_lane_factor
update,ppo_v5,ppo_v5,PPO-B reward chuan hoa,251904,normalized,,,320.5443047017358,,,,,,-0.023653796524740756,84.30814085006713,-1.0229332581162454,0.412238438445683,0.0162879996933043,0.05625,12.333754890597197,them junction_off_lane_factor
update,ppo_v5,ppo_v5,PPO-B reward chuan hoa,252928,normalized,,,322.51183882271624,,,,,,-0.01571231826674193,7.700880447030068,-1.0233957692980766,-0.05786338953485548,0.004618458868935704,0.0423828125,12.713097131504144,them junction_off_lane_factor
update,ppo_v5,ppo_v5,PPO-B reward chuan hoa,253952,normalized,,,329.52483369285903,,,,,,-0.01348955879220739,2.682541845738888,-1.0241311982274055,-0.587157539101131,0.0088425739784725,0.0654296875,12.597130026366479,them junction_off_lane_factor
update,ppo_v5,ppo_v5,PPO-B reward chuan hoa,254976,normalized,,,325.1256384544387,,,,,,-0.019544010993558913,4.345413461327553,-1.0242899507284164,0.6304481266372068,0.007379180856514722,0.069140625,12.796041073167537,them junction_off_lane_factor
update,ppo_v5,ppo_v5,PPO-B reward chuan hoa,256000,normalized,,,324.4358145903664,,,,,,-0.014081005146726966,1.6179514277726412,-1.0247905418276786,0.39146332452722343,0.005738552787806839,0.049609375,12.77766758719926,them junction_off_lane_factor
update,ppo_v5,ppo_v5,PPO-B reward chuan hoa,257024,normalized,,,322.89973150371355,,,,,,-0.013212728139478713,1.523490882664919,-1.0254202678799629,0.7646305556651997,0.005755753553239628,0.03203125,12.801639766923136,them junction_off_lane_factor
update,ppo_v5,ppo_v5,PPO-B reward chuan hoa,258048,normalized,,,322.2461903855223,,,,,,-0.013172359857708215,1.3044444426894188,-1.026205024123192,0.5703616346420537,0.008935692155500875,0.05361328125,12.844414712961735,them junction_off_lane_factor
update,ppo_v5,ppo_v5,PPO-B reward chuan hoa,259072,normalized,,,322.06107738106886,,,,,,-0.00973162850132212,1.683509038388729,-1.0278474539518356,0.33908657294188715,0.005425474751973525,0.046484375,12.712849902287463,them junction_off_lane_factor
update,ppo_v5,ppo_v5,PPO-B reward chuan hoa,260096,normalized,,,321.63492645253024,,,,,,-0.016070643463172017,1.9607161998748779,-1.028870478272438,0.26365525625502517,-0.00099616264924407,0.02080078125,12.87373909457857,them junction_off_lane_factor
update,ppo_v5,ppo_v5,PPO-B reward chuan hoa,261120,normalized,,,340.39265862948497,,,,,,-0.016954592789988964,48.86088556051254,-1.0302995562553405,0.1483677023946558,0.01223736047395505,0.0794921875,12.8444963777422,them junction_off_lane_factor
eval,PPO@6k,ppo_v1_u5,PPO-A reward tho,,raw,Town01,287.8,,0.138439,816,,70.0,10,,,,,,,,"moc som: PPO sau 5 update (6144 step), reward tho - KHONG phai IL, xem cai bay 3"
eval,PPO@6k,ppo_v1_u5,PPO-A reward tho,,raw,Town04,446.8,,0.098203,1402,,20.0,10,,,,,,,,"moc som: PPO sau 5 update (6144 step), reward tho - KHONG phai IL, xem cai bay 3"
eval,PPO@6k,ppo_v1_u5,PPO-A reward tho,,raw,Town05,375.7,,0.18897,1734,,40.0,10,,,,,,,,"moc som: PPO sau 5 update (6144 step), reward tho - KHONG phai IL, xem cai bay 3"
eval,PPO-v4,ppo_v4,PPO-B reward chuan hoa,,normalized,Town01,500.0,,0.128988,1353,,0.0,30,,,,,,,,mo hinh trien khai
eval,PPO-v4,ppo_v4,PPO-B reward chuan hoa,,normalized,Town03,233.4,,0.375193,2090,,16.6667,30,,,,,,,,mo hinh trien khai
eval,PPO-v4,ppo_v4,PPO-B reward chuan hoa,,normalized,Town04,383.9333,,0.099454,2956,,33.3333,30,,,,,,,,mo hinh trien khai
eval,PPO-v4,ppo_v4,PPO-B reward chuan hoa,,normalized,Town05,445.5667,,0.148412,3488,,13.3333,30,,,,,,,,mo hinh trien khai
eval,PPO-v5,ppo_v5,PPO-B reward chuan hoa,,normalized,Town01,500.0,,0.11548,1444,,0.0,30,,,,,,,,them junction_off_lane_factor - doi chung cho lua chon v4
eval,PPO-v5,ppo_v5,PPO-B reward chuan hoa,,normalized,Town03,260.8,,0.413491,2300,,13.3333,30,,,,,,,,them junction_off_lane_factor - doi chung cho lua chon v4
eval,PPO-v5,ppo_v5,PPO-B reward chuan hoa,,normalized,Town04,374.7667,,0.101804,2875,,36.6667,30,,,,,,,,them junction_off_lane_factor - doi chung cho lua chon v4
eval,PPO-v5,ppo_v5,PPO-B reward chuan hoa,,normalized,Town05,421.3333,,0.163256,3329,,23.3333,30,,,,,,,,them junction_off_lane_factor - doi chung cho lua chon v4
